order_id,customer_id,order_date,status,region_code,is_future_dated,customer_id_missing
1,241,2025-07-16 07:01:46,SHIPPED,SOUTH,False,False
2,365,2024-11-11 17:39:54,SHIPPED,NORTH,False,False
3,505,2024-08-03 15:41:00,CANCELLED,EAST,False,False
4,505,2025-07-30 18:47:23,DELIVERED,CENTRAL,False,False
5,228,2024-12-15 05:21:20,PLACED,WEST,False,False
6,,2025-11-20 11:52:15,DELIVERED,SOUTH,False,True
7,124,2026-05-14 00:00:00,DELIVERED,NORTH,False,False
8,216,2024-11-02 12:09:04,DELIVERED,CENTRAL,False,False
9,192,2025-06-02 09:11:18,DELIVERED,CENTRAL,False,False
10,189,2025-04-22 01:13:11,DELIVERED,EAST,False,False
11,411,2025-03-05 10:45:23,DELIVERED,CENTRAL,False,False
12,103,2025-05-31 07:27:14,DELIVERED,WEST,False,False
13,154,2024-06-14 03:13:08,SHIPPED,WEST,False,False
14,530,2025-10-02 11:09:53,DELIVERED,EAST,False,False
15,,2024-10-30 18:02:52,DELIVERED,NORTH,False,True
16,261,2024-10-26 14:23:40,DELIVERED,EAST,False,False
17,369,2025-07-04 08:18:18,DELIVERED,WEST,False,False
18,204,2025-02-25 03:16:45,RETURNED,EAST,False,False
19,523,2026-04-24 06:45:44,CANCELLED,WEST,False,False
20,475,2025-01-10 00:20:14,CANCELLED,EAST,False,False
21,586,2024-09-17 19:54:00,PLACED,EAST,False,False
22,325,2025-07-19 12:05:36,DELIVERED,WEST,False,False
23,456,2025-12-15 03:45:59,DELIVERED,CENTRAL,False,False
24,424,2024-07-04 21:16:16,SHIPPED,SOUTH,False,False
25,82,2026-02-05 18:55:56,SHIPPED,NORTH,False,False
26,485,2024-07-09 22:57:18,DELIVERED,CENTRAL,False,False
27,86,2025-01-26 05:02:52,PLACED,WEST,False,False
28,254,2026-04-18 10:13:05,DELIVERED,SOUTH,False,False
29,,2025-12-05 08:00:20,CANCELLED,EAST,False,True
30,479,2025-07-27 04:20:45,DELIVERED,SOUTH,False,False
31,553,2026-05-09 05:10:20,DELIVERED,CENTRAL,False,False
32,547,2025-11-20 07:22:20,DELIVERED,SOUTH,False,False
33,453,2026-03-01 00:00:00,DELIVERED,EAST,False,False
34,536,2024-12-27 17:38:57,DELIVERED,WEST,False,False
35,504,2026-06-10 02:20:58,DELIVERED,WEST,False,False
36,237,2025-12-31 10:27:12,SHIPPED,CENTRAL,False,False
37,256,2026-01-25 09:56:11,CANCELLED,SOUTH,False,False
38,433,2025-07-26 07:51:58,DELIVERED,CENTRAL,False,False
39,423,2024-09-13 08:31:16,SHIPPED,EAST,False,False
40,467,2025-07-26 17:53:44,DELIVERED,WEST,False,False
41,20,2024-07-03 09:05:57,SHIPPED,NORTH,False,False
42,129,2024-06-11 00:00:00,SHIPPED,SOUTH,False,False
43,223,2025-09-26 00:25:14,DELIVERED,WEST,False,False
44,475,2024-07-18 07:14:44,DELIVERED,SOUTH,False,False
45,402,2026-05-30 08:20:32,SHIPPED,EAST,False,False
46,13,2025-06-20 17:59:22,DELIVERED,WEST,False,False
47,35,2024-10-22 23:05:38,DELIVERED,SOUTH,False,False
48,320,2025-01-31 09:27:46,DELIVERED,NORTH,False,False
49,563,2025-06-27 12:11:00,DELIVERED,EAST,False,False
50,54,2025-05-03 07:44:03,RETURNED,SOUTH,False,False
51,,2025-08-01 21:45:20,DELIVERED,WEST,False,True
52,10,2026-06-07 07:22:30,DELIVERED,SOUTH,False,False
53,92,2026-07-15 14:20:20,PLACED,CENTRAL,False,False
54,62,2025-01-24 02:29:42,DELIVERED,NORTH,False,False
55,239,2025-11-20 12:56:37,CANCELLED,WEST,False,False
56,22,2025-12-07 09:27:07,DELIVERED,EAST,False,False
57,497,2025-08-30 19:45:23,DELIVERED,WEST,False,False
58,192,2025-10-14 19:41:51,DELIVERED,EAST,False,False
59,568,2025-01-25 19:46:07,DELIVERED,EAST,False,False
60,,2026-01-08 19:46:06,DELIVERED,NORTH,False,True
61,373,2025-06-04 22:36:29,DELIVERED,NORTH,False,False
62,552,2025-03-20 22:50:46,DELIVERED,WEST,False,False
63,158,2025-10-13 03:24:04,DELIVERED,EAST,False,False
64,536,2024-08-06 00:08:04,CANCELLED,SOUTH,False,False
65,33,2026-06-22 23:54:57,SHIPPED,NORTH,False,False
66,398,2025-07-01 14:04:48,PLACED,SOUTH,False,False
67,,2025-04-19 06:19:12,DELIVERED,NORTH,False,True
68,63,2026-03-07 03:51:33,CANCELLED,NORTH,False,False
69,273,2024-09-16 08:15:34,CANCELLED,NORTH,False,False
70,532,2025-05-23 20:58:31,DELIVERED,SOUTH,False,False
71,255,2025-03-03 21:47:48,DELIVERED,CENTRAL,False,False
72,109,2025-12-07 01:50:29,DELIVERED,WEST,False,False
73,171,2026-02-12 19:08:11,DELIVERED,SOUTH,False,False
74,454,2025-10-01 13:49:47,DELIVERED,EAST,False,False
75,423,2026-03-29 21:29:12,CANCELLED,EAST,False,False
76,577,2026-01-02 15:21:53,DELIVERED,EAST,False,False
77,464,2026-02-05 20:36:33,PLACED,NORTH,False,False
78,17,2025-09-10 21:28:21,PLACED,SOUTH,False,False
79,,2025-08-01 16:25:39,RETURNED,CENTRAL,False,True
80,586,2024-07-27 14:54:40,DELIVERED,SOUTH,False,False
81,376,2025-06-22 03:20:26,SHIPPED,EAST,False,False
82,410,2025-05-02 18:38:57,DELIVERED,EAST,False,False
83,178,2024-10-25 00:00:00,DELIVERED,EAST,False,False
84,591,2024-08-24 20:56:58,RETURNED,EAST,False,False
85,445,2024-12-03 06:04:35,CANCELLED,SOUTH,False,False
86,12,2026-01-14 00:00:00,PLACED,CENTRAL,False,False
87,553,2025-10-19 17:09:58,DELIVERED,SOUTH,False,False
88,403,2024-10-16 22:32:09,SHIPPED,EAST,False,False
89,152,2024-10-05 05:30:17,DELIVERED,NORTH,False,False
90,269,2026-07-18 13:19:18,DELIVERED,SOUTH,False,False
91,493,2026-06-26 20:46:48,DELIVERED,CENTRAL,False,False
92,537,2024-09-18 07:04:52,DELIVERED,WEST,False,False
93,590,2026-03-03 11:27:23,DELIVERED,EAST,False,False
94,353,2024-07-06 14:29:45,DELIVERED,SOUTH,False,False
95,453,2026-04-14 05:40:00,PLACED,SOUTH,False,False
96,383,2024-10-10 07:23:39,SHIPPED,NORTH,False,False
97,152,2025-08-19 21:40:39,PLACED,NORTH,False,False
98,,2025-04-19 16:26:25,DELIVERED,SOUTH,False,True
99,536,2026-06-19 08:31:36,DELIVERED,SOUTH,False,False
100,19,2024-08-05 13:07:36,DELIVERED,NORTH,False,False
101,278,2024-06-11 22:43:14,PLACED,EAST,False,False
102,369,2024-06-28 15:17:29,DELIVERED,WEST,False,False
103,390,2024-10-31 17:29:43,RETURNED,WEST,False,False
104,545,2025-04-03 22:36:17,DELIVERED,WEST,False,False
105,,2025-09-15 16:31:19,DELIVERED,WEST,False,True
106,19,2025-11-27 16:16:14,DELIVERED,EAST,False,False
107,514,2024-09-03 07:53:20,DELIVERED,WEST,False,False
108,31,2025-08-08 06:23:01,SHIPPED,EAST,False,False
109,141,2026-01-13 17:42:51,DELIVERED,CENTRAL,False,False
110,233,2025-01-22 06:54:04,DELIVERED,EAST,False,False
111,338,2024-12-20 16:49:16,SHIPPED,SOUTH,False,False
112,208,2025-09-22 00:17:42,DELIVERED,CENTRAL,False,False
113,441,2025-01-10 11:40:24,DELIVERED,CENTRAL,False,False
114,326,2024-11-29 21:47:53,SHIPPED,SOUTH,False,False
115,327,2026-03-04 04:32:08,RETURNED,EAST,False,False
116,281,2025-03-17 00:00:00,SHIPPED,SOUTH,False,False
117,274,2025-05-23 16:59:56,DELIVERED,SOUTH,False,False
118,368,2026-06-09 09:01:07,SHIPPED,CENTRAL,False,False
119,383,2026-01-21 21:33:59,DELIVERED,SOUTH,False,False
120,,2024-06-22 07:46:19,RETURNED,WEST,False,True
121,208,2024-09-09 17:44:27,SHIPPED,WEST,False,False
122,502,2026-05-10 18:30:40,CANCELLED,WEST,False,False
123,43,2026-01-10 21:22:36,DELIVERED,WEST,False,False
124,586,2024-07-28 19:49:49,DELIVERED,WEST,False,False
125,44,2025-06-15 17:10:01,DELIVERED,WEST,False,False
126,41,2024-08-14 13:52:03,SHIPPED,WEST,False,False
127,312,2025-08-17 03:40:06,DELIVERED,WEST,False,False
128,56,2025-01-05 23:04:38,DELIVERED,WEST,False,False
129,513,2024-12-26 04:35:54,DELIVERED,EAST,False,False
130,184,2025-04-08 16:34:14,CANCELLED,NORTH,False,False
131,168,2024-12-07 22:03:44,PLACED,WEST,False,False
132,88,2026-01-16 15:48:54,DELIVERED,CENTRAL,False,False
133,164,2026-01-11 06:03:28,PLACED,SOUTH,False,False
134,580,2025-01-18 03:45:03,SHIPPED,SOUTH,False,False
135,53,2025-09-22 19:40:43,DELIVERED,WEST,False,False
136,186,2024-12-20 09:19:24,RETURNED,NORTH,False,False
137,,2026-07-12 00:54:06,CANCELLED,CENTRAL,False,True
138,506,2026-06-07 23:49:42,DELIVERED,WEST,False,False
139,7,2025-08-05 00:48:06,DELIVERED,CENTRAL,False,False
140,,2025-01-15 00:00:00,PLACED,EAST,False,True
141,34,2025-09-05 00:00:00,DELIVERED,NORTH,False,False
142,427,2025-02-04 15:00:47,DELIVERED,CENTRAL,False,False
143,587,2025-03-01 14:40:10,RETURNED,CENTRAL,False,False
144,37,2025-09-06 22:30:25,DELIVERED,WEST,False,False
145,438,2024-09-07 20:36:42,DELIVERED,SOUTH,False,False
146,282,2026-03-03 18:00:46,DELIVERED,SOUTH,False,False
147,112,2024-10-13 04:33:53,DELIVERED,CENTRAL,False,False
148,295,2025-10-03 15:32:55,DELIVERED,CENTRAL,False,False
149,363,2026-07-10 03:01:07,DELIVERED,WEST,False,False
150,185,2025-05-26 00:00:00,DELIVERED,SOUTH,False,False
151,25,2024-11-29 04:35:22,DELIVERED,SOUTH,False,False
152,425,2025-10-30 00:00:00,DELIVERED,SOUTH,False,False
153,207,2025-06-29 05:22:21,DELIVERED,EAST,False,False
154,564,2024-06-08 12:35:24,SHIPPED,EAST,False,False
155,583,2024-07-14 05:34:28,CANCELLED,SOUTH,False,False
156,347,2026-06-13 06:27:03,RETURNED,NORTH,False,False
157,494,2026-05-15 13:04:52,CANCELLED,CENTRAL,False,False
158,474,2026-03-04 01:17:19,RETURNED,NORTH,False,False
159,307,2025-10-02 02:47:54,DELIVERED,NORTH,False,False
160,340,2025-11-30 06:59:50,PLACED,SOUTH,False,False
161,32,2026-01-02 21:59:24,DELIVERED,SOUTH,False,False
162,399,2024-11-27 12:17:01,CANCELLED,EAST,False,False
163,323,2025-07-25 18:09:26,DELIVERED,WEST,False,False
164,381,2025-09-12 02:48:57,SHIPPED,EAST,False,False
165,384,2025-04-08 22:46:29,RETURNED,WEST,False,False
166,495,2025-01-24 08:26:09,SHIPPED,WEST,False,False
167,537,2025-10-20 12:02:36,SHIPPED,NORTH,False,False
168,529,2024-12-22 04:03:15,SHIPPED,NORTH,False,False
169,535,2025-09-25 02:13:25,RETURNED,CENTRAL,False,False
170,342,2024-08-09 00:00:00,SHIPPED,EAST,False,False
171,320,2025-04-20 23:36:51,DELIVERED,SOUTH,False,False
172,546,2026-04-15 05:58:56,DELIVERED,EAST,False,False
173,281,2024-11-05 00:49:39,SHIPPED,EAST,False,False
174,278,2025-08-13 00:59:06,DELIVERED,SOUTH,False,False
175,347,2024-08-16 19:12:33,SHIPPED,WEST,False,False
176,52,2024-08-21 13:48:17,PLACED,WEST,False,False
177,457,2025-09-27 08:37:54,DELIVERED,SOUTH,False,False
178,547,2026-05-23 10:22:53,DELIVERED,NORTH,False,False
179,480,2025-09-24 04:14:26,DELIVERED,WEST,False,False
180,230,2025-07-04 20:54:15,RETURNED,WEST,False,False
181,339,2025-10-16 11:58:15,DELIVERED,NORTH,False,False
182,116,2026-05-16 12:20:10,CANCELLED,EAST,False,False
183,589,2024-11-05 21:35:27,DELIVERED,NORTH,False,False
184,73,2026-05-16 02:23:17,DELIVERED,WEST,False,False
185,250,2026-06-18 08:13:50,DELIVERED,EAST,False,False
186,442,2026-04-06 07:09:45,DELIVERED,EAST,False,False
187,242,2024-09-28 00:06:49,DELIVERED,CENTRAL,False,False
188,118,2026-05-19 02:28:38,DELIVERED,NORTH,False,False
189,181,2026-02-19 09:05:08,PLACED,NORTH,False,False
190,389,2024-09-02 12:13:24,PLACED,SOUTH,False,False
191,1,2025-01-16 19:11:30,DELIVERED,EAST,False,False
192,592,2025-04-14 11:37:23,DELIVERED,EAST,False,False
193,312,2026-04-05 07:47:54,DELIVERED,EAST,False,False
194,,2026-02-16 21:34:18,CANCELLED,EAST,False,True
195,563,2024-05-31 07:26:27,DELIVERED,EAST,False,False
196,289,2025-05-30 10:25:35,DELIVERED,CENTRAL,False,False
197,326,2026-02-19 17:59:40,DELIVERED,CENTRAL,False,False
198,178,2025-03-18 09:36:18,DELIVERED,EAST,False,False
199,158,2024-12-11 00:48:42,SHIPPED,NORTH,False,False
200,148,2026-06-25 01:32:27,DELIVERED,SOUTH,False,False
201,426,2026-03-22 07:24:06,DELIVERED,WEST,False,False
202,566,2026-01-17 15:12:15,DELIVERED,SOUTH,False,False
203,8,2025-06-01 18:40:42,DELIVERED,EAST,False,False
204,560,2024-07-20 23:32:56,RETURNED,CENTRAL,False,False
205,378,2026-06-17 00:50:52,RETURNED,NORTH,False,False
206,540,2025-08-07 01:32:47,DELIVERED,NORTH,False,False
207,91,2024-09-28 07:06:17,DELIVERED,CENTRAL,False,False
208,320,2025-11-14 16:19:46,DELIVERED,NORTH,False,False
209,525,2025-10-26 23:44:14,DELIVERED,EAST,False,False
210,37,2025-09-14 08:34:57,DELIVERED,CENTRAL,False,False
211,485,2024-08-18 04:31:43,DELIVERED,EAST,False,False
212,28,2024-10-05 04:12:07,SHIPPED,NORTH,False,False
213,285,2025-08-09 00:00:00,DELIVERED,EAST,False,False
214,115,2025-01-19 18:44:38,DELIVERED,EAST,False,False
215,268,2025-05-31 22:01:14,DELIVERED,CENTRAL,False,False
216,352,2025-01-10 08:36:39,DELIVERED,SOUTH,False,False
217,423,2025-06-03 15:19:24,DELIVERED,SOUTH,False,False
218,354,2025-07-14 17:22:42,DELIVERED,NORTH,False,False
219,476,2025-09-10 03:46:51,DELIVERED,CENTRAL,False,False
220,400,2025-01-10 00:00:00,DELIVERED,WEST,False,False
221,460,2025-10-02 09:43:29,RETURNED,NORTH,False,False
222,545,2026-03-31 18:08:39,DELIVERED,EAST,False,False
223,274,2025-06-30 15:54:40,DELIVERED,WEST,False,False
224,248,2025-03-28 19:21:22,DELIVERED,SOUTH,False,False
225,11,2024-09-12 13:25:57,PLACED,NORTH,False,False
226,457,2025-08-13 00:00:00,DELIVERED,NORTH,False,False
227,95,2025-05-01 19:48:40,RETURNED,NORTH,False,False
228,123,2024-12-17 19:17:36,DELIVERED,CENTRAL,False,False
229,190,2025-03-12 05:49:20,DELIVERED,WEST,False,False
230,78,2025-08-02 08:19:33,DELIVERED,EAST,False,False
231,76,2024-09-03 21:58:12,DELIVERED,EAST,False,False
232,265,2025-07-15 03:25:15,SHIPPED,NORTH,False,False
233,206,2025-03-03 04:48:22,DELIVERED,NORTH,False,False
234,442,2024-11-11 01:16:34,RETURNED,EAST,False,False
235,75,2025-06-23 06:54:32,DELIVERED,NORTH,False,False
236,153,2024-05-31 08:20:52,RETURNED,WEST,False,False
237,338,2024-06-04 18:05:09,DELIVERED,WEST,False,False
238,414,2024-09-15 21:30:20,DELIVERED,NORTH,False,False
239,494,2025-12-08 13:26:42,DELIVERED,EAST,False,False
240,93,2025-11-09 06:27:35,PLACED,WEST,False,False
241,297,2025-02-28 08:48:27,DELIVERED,WEST,False,False
242,307,2024-11-11 20:36:00,DELIVERED,EAST,False,False
243,449,2025-01-02 09:27:05,PLACED,NORTH,False,False
244,245,2024-09-04 20:32:07,DELIVERED,EAST,False,False
245,461,2024-06-24 12:07:05,PLACED,NORTH,False,False
246,44,2025-04-23 19:56:03,CANCELLED,CENTRAL,False,False
247,550,2025-05-26 22:20:05,RETURNED,NORTH,False,False
248,501,2026-06-01 00:00:00,RETURNED,CENTRAL,False,False
249,,2024-08-15 14:34:08,RETURNED,NORTH,False,True
250,175,2024-09-06 08:30:45,CANCELLED,NORTH,False,False
251,226,2025-04-09 19:00:33,DELIVERED,WEST,False,False
252,590,2025-10-11 13:44:23,CANCELLED,SOUTH,False,False
253,178,2024-12-03 13:43:05,DELIVERED,WEST,False,False
254,379,2026-04-11 00:00:00,SHIPPED,CENTRAL,False,False
255,103,2026-01-04 07:10:55,DELIVERED,NORTH,False,False
256,,2025-03-04 16:59:45,RETURNED,CENTRAL,False,True
257,427,2026-06-08 11:01:52,DELIVERED,SOUTH,False,False
258,278,2026-03-01 01:38:28,SHIPPED,SOUTH,False,False
259,39,2026-07-15 13:09:42,DELIVERED,NORTH,False,False
260,309,2024-06-06 02:23:00,DELIVERED,SOUTH,False,False
261,543,2025-12-13 04:39:30,CANCELLED,CENTRAL,False,False
262,476,2025-04-18 06:51:17,DELIVERED,SOUTH,False,False
263,153,2026-06-05 23:23:33,DELIVERED,SOUTH,False,False
264,45,2025-12-16 18:06:06,DELIVERED,WEST,False,False
265,,2024-08-19 11:43:22,RETURNED,SOUTH,False,True
266,30,2024-11-26 07:13:12,PLACED,SOUTH,False,False
267,594,2025-04-03 17:59:20,DELIVERED,EAST,False,False
268,113,2024-10-29 08:05:45,SHIPPED,WEST,False,False
269,385,2024-09-21 05:23:11,DELIVERED,WEST,False,False
270,447,2026-05-06 19:17:21,SHIPPED,EAST,False,False
271,199,2025-07-22 00:00:00,SHIPPED,SOUTH,False,False
272,583,2024-12-28 01:08:41,SHIPPED,WEST,False,False
273,176,2025-05-06 12:44:05,CANCELLED,CENTRAL,False,False
274,175,2025-05-21 19:55:20,PLACED,CENTRAL,False,False
275,222,2026-05-18 21:03:07,DELIVERED,WEST,False,False
276,253,2026-04-04 13:57:56,DELIVERED,CENTRAL,False,False
277,588,2026-03-09 23:39:48,RETURNED,NORTH,False,False
278,,2026-02-01 13:19:15,DELIVERED,NORTH,False,True
279,247,2024-06-18 07:09:45,DELIVERED,WEST,False,False
280,136,2025-06-05 00:00:00,DELIVERED,NORTH,False,False
281,313,2026-05-13 00:00:00,CANCELLED,CENTRAL,False,False
282,466,2024-12-31 08:16:26,CANCELLED,WEST,False,False
283,380,2024-06-01 02:50:25,CANCELLED,NORTH,False,False
284,341,2025-09-02 17:40:33,DELIVERED,EAST,False,False
285,556,2025-04-16 18:58:42,DELIVERED,NORTH,False,False
286,344,2024-08-23 03:31:38,DELIVERED,EAST,False,False
287,114,2026-05-22 21:36:45,DELIVERED,EAST,False,False
288,573,2025-04-13 00:14:19,SHIPPED,EAST,False,False
289,117,2025-04-20 21:41:10,DELIVERED,SOUTH,False,False
290,274,2026-03-17 23:56:26,DELIVERED,NORTH,False,False
291,464,2024-12-06 14:56:21,DELIVERED,CENTRAL,False,False
292,546,2026-05-02 02:58:31,DELIVERED,NORTH,False,False
293,469,2026-01-26 21:41:57,CANCELLED,EAST,False,False
294,79,2025-08-01 15:53:27,SHIPPED,SOUTH,False,False
295,210,2024-07-04 05:57:16,DELIVERED,CENTRAL,False,False
296,486,2026-04-19 12:18:07,DELIVERED,NORTH,False,False
297,,2025-05-25 21:49:04,CANCELLED,CENTRAL,False,True
298,422,2025-10-18 21:35:05,DELIVERED,CENTRAL,False,False
299,456,2024-12-20 23:36:39,CANCELLED,EAST,False,False
300,267,2025-12-28 17:31:23,RETURNED,NORTH,False,False
301,292,2025-02-12 10:27:53,DELIVERED,SOUTH,False,False
302,293,2025-02-26 09:52:12,CANCELLED,SOUTH,False,False
303,,2025-10-03 20:40:00,DELIVERED,WEST,False,True
304,189,2024-07-22 21:18:10,DELIVERED,EAST,False,False
305,460,2025-02-06 14:04:41,DELIVERED,NORTH,False,False
306,415,2025-01-10 20:18:14,RETURNED,EAST,False,False
307,560,2025-10-26 15:02:15,DELIVERED,EAST,False,False
308,297,2025-01-13 11:40:09,DELIVERED,WEST,False,False
309,116,2024-07-31 06:19:29,SHIPPED,CENTRAL,False,False
310,26,2025-05-07 07:47:42,DELIVERED,NORTH,False,False
311,200,2025-05-10 02:07:23,DELIVERED,EAST,False,False
312,86,2026-04-21 23:52:51,DELIVERED,NORTH,False,False
313,404,2025-10-05 14:52:11,DELIVERED,CENTRAL,False,False
314,370,2026-03-25 00:00:00,DELIVERED,EAST,False,False
315,354,2026-04-22 04:16:43,CANCELLED,NORTH,False,False
316,455,2026-03-06 15:03:19,CANCELLED,EAST,False,False
317,435,2026-03-04 10:15:49,SHIPPED,CENTRAL,False,False
318,148,2026-06-06 06:51:35,RETURNED,CENTRAL,False,False
319,68,2026-01-03 17:48:39,PLACED,WEST,False,False
320,280,2026-05-17 21:04:51,DELIVERED,SOUTH,False,False
321,391,2026-07-01 02:21:27,PLACED,EAST,False,False
322,312,2026-05-19 22:44:12,SHIPPED,NORTH,False,False
323,308,2026-06-03 01:36:42,SHIPPED,EAST,False,False
324,504,2025-06-14 04:57:04,PLACED,EAST,False,False
325,69,2025-12-12 23:22:19,DELIVERED,CENTRAL,False,False
326,265,2026-06-08 12:05:02,RETURNED,NORTH,False,False
327,,2025-07-07 04:14:51,SHIPPED,NORTH,False,True
328,473,2024-12-26 11:42:32,DELIVERED,NORTH,False,False
329,430,2025-12-04 00:03:27,PLACED,EAST,False,False
330,79,2025-03-10 15:57:42,DELIVERED,CENTRAL,False,False
331,557,2025-10-03 05:10:45,CANCELLED,EAST,False,False
332,372,2025-11-27 05:41:34,CANCELLED,NORTH,False,False
333,289,2026-06-22 06:20:45,DELIVERED,SOUTH,False,False
334,159,2025-03-18 16:41:12,DELIVERED,CENTRAL,False,False
335,539,2024-11-23 00:59:16,DELIVERED,NORTH,False,False
336,135,2026-06-13 21:44:07,DELIVERED,EAST,False,False
337,453,2025-11-12 00:00:00,SHIPPED,EAST,False,False
338,122,2025-01-06 03:32:26,DELIVERED,EAST,False,False
339,134,2026-03-20 21:52:51,DELIVERED,NORTH,False,False
340,496,2024-08-04 01:08:47,SHIPPED,NORTH,False,False
341,526,2026-05-28 00:00:00,SHIPPED,EAST,False,False
342,309,2024-10-26 21:54:53,DELIVERED,CENTRAL,False,False
343,205,2025-11-27 02:07:30,PLACED,SOUTH,False,False
344,285,2025-11-21 08:17:10,DELIVERED,CENTRAL,False,False
345,248,2024-09-13 03:47:22,PLACED,CENTRAL,False,False
346,542,2025-03-23 13:24:32,RETURNED,SOUTH,False,False
347,,2024-10-30 07:16:12,RETURNED,CENTRAL,False,True
348,487,2025-03-13 13:59:21,DELIVERED,NORTH,False,False
349,364,2026-03-19 19:17:24,SHIPPED,SOUTH,False,False
350,322,2024-11-17 08:53:04,DELIVERED,WEST,False,False
351,296,2024-08-01 01:59:49,PLACED,WEST,False,False
352,291,2025-09-26 16:27:38,DELIVERED,WEST,False,False
353,418,2026-03-25 19:34:02,SHIPPED,NORTH,False,False
354,488,2025-12-21 19:12:29,SHIPPED,WEST,False,False
355,406,2024-10-09 01:15:00,SHIPPED,WEST,False,False
356,105,2025-02-16 02:27:26,PLACED,SOUTH,False,False
357,414,2026-03-20 18:07:13,DELIVERED,EAST,False,False
358,596,2026-02-10 17:51:43,DELIVERED,CENTRAL,False,False
359,497,2025-01-13 22:30:16,DELIVERED,NORTH,False,False
360,502,2024-12-25 02:33:51,PLACED,NORTH,False,False
361,511,2025-03-04 05:10:16,DELIVERED,EAST,False,False
362,99,2026-07-03 14:04:49,DELIVERED,SOUTH,False,False
363,510,2025-07-10 11:35:18,DELIVERED,CENTRAL,False,False
364,33,2024-12-01 01:38:29,DELIVERED,EAST,False,False
365,454,2024-07-20 01:06:07,SHIPPED,EAST,False,False
366,169,2024-12-24 22:05:06,DELIVERED,WEST,False,False
367,113,2026-07-01 01:10:04,DELIVERED,CENTRAL,False,False
368,488,2025-01-27 19:41:41,DELIVERED,WEST,False,False
369,387,2025-11-28 23:59:11,DELIVERED,EAST,False,False
370,29,2024-12-15 03:34:12,CANCELLED,EAST,False,False
371,,2025-11-11 02:57:55,DELIVERED,WEST,False,True
372,366,2024-08-25 16:34:49,DELIVERED,SOUTH,False,False
373,320,2024-09-08 18:01:32,CANCELLED,NORTH,False,False
374,21,2024-07-27 01:32:19,DELIVERED,WEST,False,False
375,432,2026-05-29 15:40:53,DELIVERED,EAST,False,False
376,400,2024-10-28 19:28:37,CANCELLED,NORTH,False,False
377,211,2025-11-08 10:56:50,SHIPPED,EAST,False,False
378,447,2024-09-24 00:10:37,CANCELLED,CENTRAL,False,False
379,,2026-02-13 12:39:57,CANCELLED,CENTRAL,False,True
380,95,2024-10-24 03:55:30,DELIVERED,EAST,False,False
381,544,2025-04-20 19:38:33,DELIVERED,NORTH,False,False
382,310,2025-09-07 21:25:07,DELIVERED,CENTRAL,False,False
383,425,2026-05-04 01:35:13,DELIVERED,CENTRAL,False,False
384,20,2025-03-15 18:40:32,DELIVERED,SOUTH,False,False
385,479,2026-04-03 18:25:14,RETURNED,NORTH,False,False
386,374,2025-06-07 09:47:25,SHIPPED,EAST,False,False
387,421,2024-09-07 02:01:56,DELIVERED,WEST,False,False
388,294,2025-07-02 09:01:24,DELIVERED,SOUTH,False,False
389,117,2024-07-12 00:53:11,SHIPPED,EAST,False,False
390,574,2026-03-16 14:00:48,DELIVERED,NORTH,False,False
391,280,2025-07-05 09:43:57,DELIVERED,EAST,False,False
392,181,2024-08-03 14:32:12,RETURNED,WEST,False,False
393,57,2024-10-07 09:07:12,DELIVERED,EAST,False,False
394,417,2024-10-17 06:51:45,DELIVERED,SOUTH,False,False
395,585,2024-12-03 09:52:57,DELIVERED,CENTRAL,False,False
396,538,2024-10-17 04:43:07,SHIPPED,NORTH,False,False
397,321,2026-01-25 18:24:52,CANCELLED,SOUTH,False,False
398,224,2025-02-26 02:13:26,SHIPPED,EAST,False,False
399,261,2024-08-24 21:03:00,DELIVERED,EAST,False,False
400,116,2026-03-19 07:42:45,DELIVERED,SOUTH,False,False
401,149,2025-12-22 06:18:51,CANCELLED,NORTH,False,False
402,36,2024-08-22 22:19:57,DELIVERED,SOUTH,False,False
403,394,2025-12-14 16:13:06,RETURNED,NORTH,False,False
404,243,2026-01-23 11:14:57,PLACED,WEST,False,False
405,262,2025-05-30 18:36:07,DELIVERED,SOUTH,False,False
406,325,2026-02-20 03:32:41,DELIVERED,EAST,False,False
407,504,2026-03-02 12:18:49,RETURNED,EAST,False,False
408,103,2025-07-09 09:40:10,DELIVERED,EAST,False,False
409,561,2026-05-04 02:49:22,DELIVERED,NORTH,False,False
410,189,2024-12-27 09:53:09,PLACED,SOUTH,False,False
411,322,2024-11-18 03:58:29,SHIPPED,CENTRAL,False,False
412,134,2026-02-26 09:41:48,DELIVERED,EAST,False,False
413,137,2025-10-20 21:05:01,DELIVERED,SOUTH,False,False
414,377,2026-01-06 03:30:36,RETURNED,CENTRAL,False,False
415,24,2025-05-20 06:49:26,RETURNED,WEST,False,False
416,,2026-03-27 06:40:35,DELIVERED,SOUTH,False,True
417,377,2024-11-28 07:08:40,PLACED,CENTRAL,False,False
418,465,2026-07-06 15:12:40,SHIPPED,SOUTH,False,False
419,273,2026-07-06 15:55:27,DELIVERED,WEST,False,False
420,221,2025-08-12 13:47:00,DELIVERED,SOUTH,False,False
421,419,2024-07-13 16:44:22,DELIVERED,EAST,False,False
422,462,2025-12-25 05:05:37,DELIVERED,WEST,False,False
423,481,2025-10-14 03:29:00,RETURNED,WEST,False,False
424,393,2025-07-02 00:46:57,PLACED,CENTRAL,False,False
425,341,2026-05-31 13:37:59,RETURNED,CENTRAL,False,False
426,,2026-01-11 18:23:09,DELIVERED,WEST,False,True
427,136,2024-08-01 21:15:02,DELIVERED,EAST,False,False
428,505,2026-05-27 03:28:07,SHIPPED,EAST,False,False
429,444,2024-11-27 12:11:15,DELIVERED,SOUTH,False,False
430,288,2026-03-29 02:46:08,DELIVERED,EAST,False,False
431,271,2026-04-06 22:52:59,CANCELLED,EAST,False,False
432,504,2025-01-19 23:33:30,DELIVERED,WEST,False,False
433,153,2025-03-10 12:00:12,PLACED,EAST,False,False
434,479,2026-07-07 19:36:40,PLACED,EAST,False,False
435,575,2026-07-04 19:56:43,SHIPPED,SOUTH,False,False
436,96,2025-08-14 08:37:44,SHIPPED,SOUTH,False,False
437,280,2025-04-24 22:42:09,DELIVERED,NORTH,False,False
438,585,2024-09-26 08:38:01,SHIPPED,WEST,False,False
439,,2024-12-05 12:09:07,DELIVERED,CENTRAL,False,True
440,109,2025-01-23 21:09:54,PLACED,WEST,False,False
441,492,2025-07-22 08:55:08,DELIVERED,NORTH,False,False
442,45,2026-05-03 20:52:00,DELIVERED,CENTRAL,False,False
443,50,2025-08-12 13:17:24,DELIVERED,NORTH,False,False
444,561,2026-01-12 11:17:04,PLACED,EAST,False,False
445,409,2025-04-18 11:06:23,SHIPPED,WEST,False,False
446,158,2026-07-01 12:01:53,CANCELLED,EAST,False,False
447,135,2024-10-26 07:17:46,CANCELLED,CENTRAL,False,False
448,457,2026-06-09 02:57:32,DELIVERED,CENTRAL,False,False
449,433,2025-03-15 11:50:56,DELIVERED,WEST,False,False
450,526,2026-05-20 01:27:35,DELIVERED,SOUTH,False,False
451,540,2024-10-07 10:37:56,DELIVERED,WEST,False,False
452,490,2024-12-14 12:20:49,DELIVERED,EAST,False,False
453,536,2024-08-12 03:26:20,DELIVERED,NORTH,False,False
454,523,2024-10-23 18:37:56,DELIVERED,CENTRAL,False,False
455,364,2024-10-04 00:35:24,DELIVERED,NORTH,False,False
456,474,2025-03-09 01:12:41,CANCELLED,NORTH,False,False
457,305,2026-05-06 19:33:37,DELIVERED,WEST,False,False
458,272,2025-03-16 19:00:49,SHIPPED,NORTH,False,False
459,266,2024-11-11 00:00:00,DELIVERED,NORTH,False,False
460,,2026-06-10 04:19:05,DELIVERED,WEST,False,True
461,499,2025-12-11 08:56:37,DELIVERED,WEST,False,False
462,90,2024-06-20 13:19:54,SHIPPED,NORTH,False,False
463,193,2025-04-20 00:38:25,DELIVERED,SOUTH,False,False
464,447,2025-03-22 13:48:24,PLACED,WEST,False,False
465,,2025-02-12 00:51:41,RETURNED,WEST,False,True
466,,2026-04-28 07:10:53,DELIVERED,SOUTH,False,True
467,402,2024-06-11 05:34:28,SHIPPED,WEST,False,False
468,508,2025-08-24 16:51:37,PLACED,WEST,False,False
469,500,2024-09-01 07:14:04,DELIVERED,WEST,False,False
470,567,2026-03-09 00:00:41,CANCELLED,NORTH,False,False
471,356,2026-04-07 15:50:00,PLACED,EAST,False,False
472,481,2025-05-25 13:25:52,DELIVERED,CENTRAL,False,False
473,348,2026-05-27 17:43:34,SHIPPED,EAST,False,False
474,400,2025-12-10 15:18:03,DELIVERED,SOUTH,False,False
475,290,2024-10-10 21:28:00,DELIVERED,SOUTH,False,False
476,161,2024-11-02 17:57:48,DELIVERED,WEST,False,False
477,215,2024-06-27 03:57:27,DELIVERED,EAST,False,False
478,163,2024-07-18 15:55:41,CANCELLED,EAST,False,False
479,233,2025-05-13 02:53:27,DELIVERED,EAST,False,False
480,48,2025-07-19 12:47:45,CANCELLED,CENTRAL,False,False
481,107,2026-04-10 03:21:45,DELIVERED,NORTH,False,False
482,105,2024-08-03 04:44:02,DELIVERED,SOUTH,False,False
483,211,2025-01-28 22:35:51,DELIVERED,WEST,False,False
484,511,2024-10-31 05:57:27,SHIPPED,EAST,False,False
485,142,2025-04-08 15:01:01,DELIVERED,WEST,False,False
486,7,2026-06-04 19:26:56,DELIVERED,CENTRAL,False,False
487,273,2026-03-05 16:38:32,DELIVERED,SOUTH,False,False
488,543,2025-05-19 11:14:30,SHIPPED,WEST,False,False
489,420,2025-12-12 23:55:33,RETURNED,WEST,False,False
490,11,2024-09-15 02:10:29,PLACED,EAST,False,False
491,169,2026-01-30 22:01:44,DELIVERED,SOUTH,False,False
492,60,2025-09-01 09:24:20,DELIVERED,CENTRAL,False,False
493,322,2024-06-11 06:36:59,CANCELLED,CENTRAL,False,False
494,151,2026-04-23 03:08:00,DELIVERED,CENTRAL,False,False
495,453,2026-02-17 09:03:56,DELIVERED,EAST,False,False
496,551,2024-12-11 17:49:51,DELIVERED,CENTRAL,False,False
497,96,2025-09-27 00:00:00,DELIVERED,SOUTH,False,False
498,553,2025-06-08 21:47:56,CANCELLED,EAST,False,False
499,518,2024-08-31 02:56:20,CANCELLED,EAST,False,False
500,363,2024-12-09 19:00:35,DELIVERED,CENTRAL,False,False
501,465,2025-05-31 18:20:46,CANCELLED,CENTRAL,False,False
502,547,2025-05-28 06:06:31,DELIVERED,EAST,False,False
503,587,2026-01-06 16:23:55,DELIVERED,SOUTH,False,False
504,529,2025-12-12 05:01:47,DELIVERED,SOUTH,False,False
505,422,2024-09-03 14:44:53,DELIVERED,SOUTH,False,False
506,457,2026-02-14 15:44:47,DELIVERED,CENTRAL,False,False
507,271,2026-03-18 18:19:24,RETURNED,WEST,False,False
508,427,2025-01-09 05:36:56,DELIVERED,WEST,False,False
509,133,2024-11-29 09:31:37,DELIVERED,WEST,False,False
510,161,2025-12-24 17:41:49,RETURNED,NORTH,False,False
511,419,2025-12-25 03:09:48,DELIVERED,NORTH,False,False
512,121,2026-01-01 00:00:00,DELIVERED,WEST,False,False
513,147,2026-03-16 04:14:22,PLACED,EAST,False,False
514,221,2026-06-28 07:32:54,PLACED,CENTRAL,False,False
515,46,2025-09-23 02:31:22,DELIVERED,EAST,False,False
516,487,2024-12-22 07:30:03,DELIVERED,CENTRAL,False,False
517,461,2025-01-16 10:28:24,CANCELLED,EAST,False,False
518,420,2026-02-03 05:28:24,DELIVERED,NORTH,False,False
519,454,2024-10-14 12:38:00,CANCELLED,NORTH,False,False
520,317,2024-12-08 06:54:46,DELIVERED,NORTH,False,False
521,555,2024-08-20 03:17:59,RETURNED,CENTRAL,False,False
522,488,2024-06-27 23:50:49,SHIPPED,CENTRAL,False,False
523,20,2025-04-14 16:57:59,SHIPPED,CENTRAL,False,False
524,547,2026-02-13 04:06:36,DELIVERED,WEST,False,False
525,24,2025-03-06 09:49:34,DELIVERED,CENTRAL,False,False
526,264,2024-10-31 07:25:34,DELIVERED,EAST,False,False
527,262,2025-01-24 14:00:47,DELIVERED,WEST,False,False
528,61,2025-10-17 07:42:58,SHIPPED,NORTH,False,False
529,102,2026-03-02 07:08:59,CANCELLED,EAST,False,False
530,124,2025-06-06 05:47:29,DELIVERED,CENTRAL,False,False
531,521,2026-01-18 03:39:18,RETURNED,EAST,False,False
532,476,2024-09-08 16:27:32,DELIVERED,WEST,False,False
533,20,2024-11-03 16:32:43,SHIPPED,CENTRAL,False,False
534,129,2026-02-20 20:35:13,DELIVERED,CENTRAL,False,False
535,146,2025-02-15 06:30:55,DELIVERED,CENTRAL,False,False
536,569,2024-05-31 13:19:19,CANCELLED,CENTRAL,False,False
537,,2026-06-18 01:12:24,DELIVERED,EAST,False,True
538,390,2025-04-25 12:02:56,DELIVERED,CENTRAL,False,False
539,166,2024-09-15 15:22:26,DELIVERED,WEST,False,False
540,144,2025-08-07 02:57:37,CANCELLED,SOUTH,False,False
541,326,2025-11-13 06:22:05,DELIVERED,WEST,False,False
542,330,2026-05-14 00:00:00,RETURNED,EAST,False,False
543,137,2024-06-02 04:20:12,DELIVERED,NORTH,False,False
544,178,2026-06-28 14:22:23,DELIVERED,CENTRAL,False,False
545,80,2026-04-21 13:23:34,DELIVERED,EAST,False,False
546,386,2025-12-07 01:55:48,DELIVERED,NORTH,False,False
547,380,2026-04-20 15:03:23,PLACED,NORTH,False,False
548,367,2025-09-12 23:18:53,CANCELLED,SOUTH,False,False
549,506,2024-07-26 03:51:21,DELIVERED,CENTRAL,False,False
550,201,2026-02-04 07:09:47,SHIPPED,EAST,False,False
551,506,2025-03-27 00:16:43,DELIVERED,CENTRAL,False,False
552,579,2024-12-15 05:22:19,DELIVERED,SOUTH,False,False
553,584,2025-07-30 03:41:17,SHIPPED,NORTH,False,False
554,546,2026-05-05 03:35:33,PLACED,WEST,False,False
555,54,2025-10-13 18:17:07,DELIVERED,WEST,False,False
556,531,2025-12-12 12:38:49,DELIVERED,NORTH,False,False
557,,2026-03-13 00:00:00,DELIVERED,EAST,False,True
558,200,2024-07-08 09:56:03,RETURNED,SOUTH,False,False
559,434,2025-06-22 08:05:06,SHIPPED,EAST,False,False
560,,2026-04-01 00:13:25,CANCELLED,CENTRAL,False,True
561,343,2025-06-17 22:33:10,SHIPPED,SOUTH,False,False
562,56,2025-06-01 18:26:36,RETURNED,CENTRAL,False,False
563,98,2024-12-09 21:51:52,PLACED,NORTH,False,False
564,387,2024-09-08 00:25:39,DELIVERED,NORTH,False,False
565,453,2026-03-31 20:07:28,PLACED,NORTH,False,False
566,302,2026-02-12 23:49:48,PLACED,WEST,False,False
567,11,2026-05-21 02:58:09,DELIVERED,CENTRAL,False,False
568,348,2024-07-09 08:18:33,DELIVERED,EAST,False,False
569,111,2024-09-11 22:14:25,DELIVERED,SOUTH,False,False
570,130,2025-07-02 03:02:18,DELIVERED,WEST,False,False
571,456,2024-12-29 20:48:37,DELIVERED,NORTH,False,False
572,599,2025-12-06 17:38:58,DELIVERED,CENTRAL,False,False
573,151,2025-11-13 16:15:01,DELIVERED,NORTH,False,False
574,149,2024-08-22 19:54:26,DELIVERED,SOUTH,False,False
575,207,2025-11-11 13:58:43,SHIPPED,WEST,False,False
576,479,2025-10-26 09:59:47,CANCELLED,CENTRAL,False,False
577,307,2025-02-06 02:14:11,SHIPPED,NORTH,False,False
578,4,2025-05-22 17:14:14,DELIVERED,SOUTH,False,False
579,340,2026-01-03 23:00:28,SHIPPED,SOUTH,False,False
580,7,2024-09-21 12:53:48,DELIVERED,CENTRAL,False,False
581,298,2025-12-10 02:23:20,PLACED,NORTH,False,False
582,291,2025-07-11 00:01:30,DELIVERED,EAST,False,False
583,252,2024-07-02 09:16:51,SHIPPED,EAST,False,False
584,22,2024-12-29 04:48:35,DELIVERED,NORTH,False,False
585,216,2025-06-07 01:26:18,DELIVERED,EAST,False,False
586,540,2026-04-03 18:10:52,CANCELLED,NORTH,False,False
587,134,2025-03-23 18:23:47,DELIVERED,EAST,False,False
588,440,2025-06-13 21:28:16,RETURNED,CENTRAL,False,False
589,549,2025-01-15 18:58:34,DELIVERED,NORTH,False,False
590,287,2026-06-28 14:53:32,SHIPPED,NORTH,False,False
591,67,2026-01-22 22:00:26,DELIVERED,CENTRAL,False,False
592,532,2025-10-11 22:26:09,DELIVERED,CENTRAL,False,False
593,507,2026-02-11 20:21:10,DELIVERED,CENTRAL,False,False
594,213,2025-04-10 08:24:25,DELIVERED,SOUTH,False,False
595,314,2026-01-05 18:40:18,DELIVERED,EAST,False,False
596,87,2024-10-07 12:47:47,DELIVERED,CENTRAL,False,False
597,,2025-11-03 12:55:51,DELIVERED,WEST,False,True
598,377,2025-10-04 11:22:41,DELIVERED,NORTH,False,False
599,240,2024-09-24 21:19:34,DELIVERED,NORTH,False,False
600,514,2024-09-28 09:58:44,DELIVERED,SOUTH,False,False
601,74,2025-04-06 03:58:16,DELIVERED,EAST,False,False
602,282,2024-12-30 03:59:03,RETURNED,CENTRAL,False,False
603,9,2025-08-10 19:57:11,CANCELLED,WEST,False,False
604,594,2024-06-17 11:19:05,DELIVERED,CENTRAL,False,False
605,153,2025-05-18 12:44:28,SHIPPED,SOUTH,False,False
606,529,2026-05-28 03:49:53,DELIVERED,WEST,False,False
607,88,2025-03-17 19:25:37,DELIVERED,WEST,False,False
608,461,2024-07-15 18:21:40,DELIVERED,CENTRAL,False,False
609,313,2024-06-14 00:56:22,DELIVERED,EAST,False,False
610,430,2026-02-15 14:40:32,DELIVERED,CENTRAL,False,False
611,24,2024-07-19 00:50:17,RETURNED,SOUTH,False,False
612,339,2026-01-27 05:16:55,RETURNED,SOUTH,False,False
613,66,2025-03-18 13:46:29,DELIVERED,EAST,False,False
614,463,2025-09-15 06:00:22,PLACED,NORTH,False,False
615,,2026-06-28 00:49:30,PLACED,SOUTH,False,True
616,396,2025-05-27 00:20:22,DELIVERED,CENTRAL,False,False
617,59,2024-06-16 03:51:55,SHIPPED,WEST,False,False
618,114,2026-03-10 23:34:29,DELIVERED,NORTH,False,False
619,212,2025-04-14 12:11:40,DELIVERED,WEST,False,False
620,589,2025-04-10 07:22:33,DELIVERED,WEST,False,False
621,8,2026-04-22 10:04:40,PLACED,WEST,False,False
622,253,2026-07-01 00:00:00,DELIVERED,CENTRAL,False,False
623,94,2026-05-08 20:20:38,DELIVERED,EAST,False,False
624,180,2025-03-04 23:09:25,CANCELLED,WEST,False,False
625,188,2024-10-25 09:46:19,DELIVERED,NORTH,False,False
626,162,2025-08-26 10:25:57,DELIVERED,NORTH,False,False
627,223,2026-02-27 21:33:39,RETURNED,CENTRAL,False,False
628,378,2024-11-09 11:03:21,DELIVERED,EAST,False,False
629,169,2024-08-07 08:07:10,DELIVERED,NORTH,False,False
630,473,2026-02-09 00:00:00,CANCELLED,WEST,False,False
631,257,2024-12-28 00:21:52,DELIVERED,WEST,False,False
632,70,2025-06-10 09:21:37,DELIVERED,WEST,False,False
633,286,2025-02-19 00:01:20,CANCELLED,CENTRAL,False,False
634,302,2026-01-27 03:55:32,SHIPPED,NORTH,False,False
635,158,2025-03-02 10:05:33,SHIPPED,NORTH,False,False
636,546,2024-08-12 04:28:24,CANCELLED,CENTRAL,False,False
637,106,2025-09-20 00:00:00,DELIVERED,CENTRAL,False,False
638,387,2025-06-21 21:28:57,DELIVERED,SOUTH,False,False
639,17,2024-06-21 14:50:05,DELIVERED,SOUTH,False,False
640,65,2024-10-27 01:37:42,DELIVERED,SOUTH,False,False
641,46,2024-11-13 06:44:38,CANCELLED,EAST,False,False
642,195,2026-02-02 17:03:01,RETURNED,NORTH,False,False
643,109,2025-02-23 00:00:00,PLACED,EAST,False,False
644,218,2024-09-09 13:15:55,DELIVERED,EAST,False,False
645,,2025-05-04 12:32:21,DELIVERED,CENTRAL,False,True
646,105,2025-02-20 08:27:32,DELIVERED,NORTH,False,False
647,398,2024-12-22 12:02:35,DELIVERED,EAST,False,False
648,494,2024-06-26 09:59:41,DELIVERED,CENTRAL,False,False
649,524,2025-05-26 01:26:59,DELIVERED,NORTH,False,False
650,128,2026-03-26 15:33:30,DELIVERED,CENTRAL,False,False
651,141,2025-09-02 18:35:55,SHIPPED,WEST,False,False
652,39,2026-04-19 07:18:42,DELIVERED,EAST,False,False
653,326,2024-07-30 12:40:25,DELIVERED,WEST,False,False
654,296,2025-05-20 18:06:44,CANCELLED,EAST,False,False
655,211,2025-06-19 18:42:48,CANCELLED,SOUTH,False,False
656,391,2025-03-11 03:04:16,DELIVERED,NORTH,False,False
657,504,2025-03-24 23:37:55,PLACED,SOUTH,False,False
658,129,2025-04-12 11:35:24,SHIPPED,NORTH,False,False
659,479,2025-04-01 20:41:08,SHIPPED,SOUTH,False,False
660,311,2026-04-26 08:45:40,RETURNED,SOUTH,False,False
661,493,2025-12-09 14:11:10,DELIVERED,SOUTH,False,False
662,433,2026-04-03 00:00:00,DELIVERED,WEST,False,False
663,391,2024-10-06 07:08:44,DELIVERED,EAST,False,False
664,157,2025-02-26 22:32:43,DELIVERED,WEST,False,False
665,291,2026-06-15 23:10:34,PLACED,SOUTH,False,False
666,201,2025-03-20 13:45:46,PLACED,CENTRAL,False,False
667,384,2026-03-06 22:53:57,RETURNED,EAST,False,False
668,316,2024-09-17 15:48:33,DELIVERED,NORTH,False,False
669,128,2025-02-06 05:18:30,SHIPPED,WEST,False,False
670,357,2026-06-28 01:08:33,DELIVERED,EAST,False,False
671,395,2025-06-17 09:03:56,SHIPPED,NORTH,False,False
672,371,2024-07-12 21:27:46,DELIVERED,SOUTH,False,False
673,467,2025-01-13 22:15:16,DELIVERED,CENTRAL,False,False
674,,2024-10-20 09:24:35,DELIVERED,WEST,False,True
675,83,2025-03-19 07:50:27,CANCELLED,SOUTH,False,False
676,259,2026-07-16 17:27:58,RETURNED,WEST,False,False
677,422,2024-10-15 01:26:31,SHIPPED,CENTRAL,False,False
678,353,2025-07-21 21:50:32,DELIVERED,WEST,False,False
679,7,2026-07-02 20:46:19,PLACED,NORTH,False,False
680,428,2025-08-20 22:06:14,DELIVERED,SOUTH,False,False
681,191,2025-04-02 14:44:25,DELIVERED,CENTRAL,False,False
682,462,2025-04-25 05:18:35,SHIPPED,NORTH,False,False
683,197,2026-02-24 00:53:07,DELIVERED,CENTRAL,False,False
684,171,2024-10-10 03:23:27,DELIVERED,EAST,False,False
685,31,2026-06-11 00:00:00,DELIVERED,NORTH,False,False
686,273,2024-06-10 05:25:45,DELIVERED,NORTH,False,False
687,535,2026-01-03 13:50:10,DELIVERED,EAST,False,False
688,485,2026-03-28 03:11:29,DELIVERED,EAST,False,False
689,246,2026-02-08 00:05:19,DELIVERED,NORTH,False,False
690,339,2024-06-03 19:00:16,DELIVERED,WEST,False,False
691,,2024-12-06 21:50:25,CANCELLED,EAST,False,True
692,255,2026-06-07 00:00:00,DELIVERED,SOUTH,False,False
693,,2025-12-10 13:26:18,CANCELLED,EAST,False,True
694,240,2026-02-10 15:14:22,DELIVERED,NORTH,False,False
695,488,2024-11-02 01:15:38,DELIVERED,EAST,False,False
696,147,2024-07-18 07:34:02,SHIPPED,NORTH,False,False
697,562,2026-05-25 03:40:44,SHIPPED,WEST,False,False
698,494,2025-06-08 05:27:47,SHIPPED,SOUTH,False,False
699,92,2024-07-14 09:28:01,SHIPPED,EAST,False,False
700,288,2025-07-04 05:05:17,DELIVERED,NORTH,False,False
701,548,2026-07-03 05:33:10,PLACED,EAST,False,False
702,590,2024-09-07 10:57:41,DELIVERED,WEST,False,False
703,391,2026-04-08 19:08:00,CANCELLED,SOUTH,False,False
704,298,2024-10-15 11:21:31,DELIVERED,CENTRAL,False,False
705,119,2024-12-13 22:28:02,CANCELLED,WEST,False,False
706,2,2025-03-20 22:24:25,CANCELLED,WEST,False,False
707,374,2024-12-12 05:04:47,DELIVERED,CENTRAL,False,False
708,110,2026-05-15 12:30:57,DELIVERED,EAST,False,False
709,512,2025-01-14 00:24:56,DELIVERED,SOUTH,False,False
710,36,2025-09-21 20:18:25,DELIVERED,NORTH,False,False
711,588,2025-04-30 02:04:03,DELIVERED,WEST,False,False
712,342,2025-04-22 04:13:29,CANCELLED,SOUTH,False,False
713,54,2025-03-04 02:21:28,CANCELLED,WEST,False,False
714,164,2026-01-29 09:27:58,DELIVERED,WEST,False,False
715,401,2025-08-12 16:29:28,DELIVERED,SOUTH,False,False
716,562,2024-12-19 08:19:52,DELIVERED,CENTRAL,False,False
717,56,2025-09-14 08:42:02,DELIVERED,SOUTH,False,False
718,453,2025-08-25 04:18:26,CANCELLED,SOUTH,False,False
719,201,2024-06-13 04:29:05,DELIVERED,CENTRAL,False,False
720,152,2026-03-24 11:51:16,DELIVERED,SOUTH,False,False
721,99,2026-06-05 03:22:07,SHIPPED,NORTH,False,False
722,528,2026-04-03 22:02:07,RETURNED,WEST,False,False
723,122,2026-06-28 01:17:37,DELIVERED,CENTRAL,False,False
724,385,2024-10-16 04:56:44,DELIVERED,WEST,False,False
725,456,2024-12-02 09:56:19,SHIPPED,NORTH,False,False
726,522,2026-06-13 20:59:41,DELIVERED,NORTH,False,False
727,186,2026-04-03 15:53:07,DELIVERED,SOUTH,False,False
728,66,2025-03-13 05:11:35,DELIVERED,NORTH,False,False
729,550,2026-06-27 22:57:31,PLACED,CENTRAL,False,False
730,128,2025-04-17 06:48:35,RETURNED,NORTH,False,False
731,,2026-04-24 00:00:00,CANCELLED,NORTH,False,True
732,589,2025-02-04 10:21:15,PLACED,EAST,False,False
733,36,2024-12-09 17:47:28,DELIVERED,EAST,False,False
734,176,2024-05-30 03:11:24,SHIPPED,NORTH,False,False
735,532,2025-08-28 18:37:35,DELIVERED,WEST,False,False
736,503,2025-11-27 23:52:40,DELIVERED,CENTRAL,False,False
737,102,2024-08-07 11:51:44,SHIPPED,SOUTH,False,False
738,221,2025-04-30 14:33:13,DELIVERED,EAST,False,False
739,433,2025-06-30 01:52:21,DELIVERED,SOUTH,False,False
740,86,2026-03-21 17:56:59,RETURNED,SOUTH,False,False
741,73,2025-07-22 11:56:53,RETURNED,SOUTH,False,False
742,578,2025-02-08 19:58:08,DELIVERED,SOUTH,False,False
743,445,2025-06-18 11:22:57,PLACED,NORTH,False,False
744,562,2025-10-23 15:20:16,DELIVERED,EAST,False,False
745,280,2025-05-15 17:08:48,DELIVERED,NORTH,False,False
746,228,2024-11-09 02:47:07,DELIVERED,NORTH,False,False
747,314,2026-06-29 14:18:16,PLACED,EAST,False,False
748,289,2024-10-30 21:27:13,CANCELLED,SOUTH,False,False
749,399,2026-09-09 00:00:00,DELIVERED,CENTRAL,True,False
750,413,2024-12-14 04:14:11,DELIVERED,CENTRAL,False,False
751,130,2025-07-19 08:16:21,PLACED,EAST,False,False
752,256,2026-03-10 17:15:25,DELIVERED,SOUTH,False,False
753,363,2025-08-18 13:24:43,DELIVERED,WEST,False,False
754,235,2024-10-12 01:26:35,RETURNED,WEST,False,False
755,93,2024-09-26 03:19:48,DELIVERED,NORTH,False,False
756,59,2025-08-17 01:17:33,DELIVERED,WEST,False,False
757,11,2026-03-19 15:15:18,DELIVERED,SOUTH,False,False
758,528,2024-12-09 16:50:21,DELIVERED,CENTRAL,False,False
759,8,2025-11-17 00:47:33,SHIPPED,CENTRAL,False,False
760,44,2025-02-15 19:20:27,DELIVERED,CENTRAL,False,False
761,180,2024-12-23 02:29:06,DELIVERED,NORTH,False,False
762,389,2024-11-21 21:39:04,DELIVERED,SOUTH,False,False
763,121,2026-06-19 00:00:00,DELIVERED,SOUTH,False,False
764,583,2025-09-15 12:30:20,RETURNED,CENTRAL,False,False
765,37,2026-06-27 11:53:35,PLACED,NORTH,False,False
766,337,2024-11-12 11:21:56,PLACED,SOUTH,False,False
767,10,2026-07-03 08:48:32,SHIPPED,CENTRAL,False,False
768,158,2026-06-26 04:02:32,PLACED,EAST,False,False
769,405,2025-12-17 05:23:04,DELIVERED,SOUTH,False,False
770,276,2026-04-11 07:09:06,DELIVERED,WEST,False,False
771,363,2024-06-08 00:37:14,DELIVERED,SOUTH,False,False
772,,2026-02-01 21:44:28,DELIVERED,EAST,False,True
773,165,2026-06-13 13:24:43,RETURNED,EAST,False,False
774,501,2024-12-13 23:05:00,DELIVERED,WEST,False,False
775,399,2024-11-13 14:02:32,DELIVERED,SOUTH,False,False
776,,2025-06-01 09:32:35,PLACED,EAST,False,True
777,9,2025-08-22 16:05:53,DELIVERED,NORTH,False,False
778,254,2025-03-16 06:39:16,SHIPPED,NORTH,False,False
779,254,2026-08-16 00:00:00,SHIPPED,NORTH,True,False
780,515,2025-03-19 02:05:23,RETURNED,CENTRAL,False,False
781,153,2024-12-21 12:20:43,DELIVERED,EAST,False,False
782,150,2025-04-05 03:14:56,PLACED,NORTH,False,False
783,538,2025-05-24 12:14:53,SHIPPED,WEST,False,False
784,523,2024-08-18 05:51:22,DELIVERED,EAST,False,False
785,360,2025-06-17 15:39:29,DELIVERED,NORTH,False,False
786,1,2025-10-11 15:35:37,SHIPPED,WEST,False,False
787,104,2025-06-25 21:02:52,RETURNED,EAST,False,False
788,115,2024-06-20 05:20:26,DELIVERED,SOUTH,False,False
789,371,2025-12-28 05:57:52,SHIPPED,EAST,False,False
790,394,2024-11-11 05:35:38,SHIPPED,CENTRAL,False,False
791,196,2026-04-22 11:30:09,RETURNED,NORTH,False,False
792,352,2026-06-05 15:24:07,RETURNED,SOUTH,False,False
793,,2025-03-23 19:20:41,DELIVERED,EAST,False,True
794,574,2025-12-19 13:55:02,DELIVERED,NORTH,False,False
795,70,2024-07-02 23:33:19,SHIPPED,EAST,False,False
796,133,2024-09-01 10:32:30,DELIVERED,SOUTH,False,False
797,408,2024-09-23 11:39:47,SHIPPED,CENTRAL,False,False
798,400,2025-07-25 18:02:13,SHIPPED,NORTH,False,False
799,224,2024-06-12 18:22:26,CANCELLED,CENTRAL,False,False
800,538,2025-05-07 06:44:01,DELIVERED,EAST,False,False
801,176,2025-06-04 01:21:54,DELIVERED,SOUTH,False,False
802,285,2025-07-24 02:32:31,CANCELLED,NORTH,False,False
803,255,2025-04-21 04:20:16,DELIVERED,NORTH,False,False
804,378,2025-07-14 04:03:24,DELIVERED,WEST,False,False
805,302,2024-08-26 22:56:07,DELIVERED,NORTH,False,False
806,225,2025-08-07 11:35:30,SHIPPED,NORTH,False,False
807,598,2026-01-13 09:16:58,RETURNED,EAST,False,False
808,565,2026-04-16 21:50:51,SHIPPED,EAST,False,False
809,405,2025-05-24 23:15:53,DELIVERED,WEST,False,False
810,491,2025-03-07 23:18:55,DELIVERED,SOUTH,False,False
811,503,2025-03-06 06:02:49,DELIVERED,NORTH,False,False
812,182,2025-03-17 19:28:54,PLACED,NORTH,False,False
813,466,2026-02-14 06:26:52,SHIPPED,CENTRAL,False,False
814,13,2026-01-07 00:12:21,DELIVERED,NORTH,False,False
815,45,2024-10-06 00:00:00,DELIVERED,CENTRAL,False,False
816,10,2024-11-11 04:36:11,DELIVERED,EAST,False,False
817,88,2026-06-15 07:33:29,DELIVERED,WEST,False,False
818,315,2026-07-29 00:00:00,SHIPPED,CENTRAL,True,False
819,557,2024-08-07 04:02:38,SHIPPED,EAST,False,False
820,426,2025-05-13 10:59:07,PLACED,WEST,False,False
821,362,2025-05-15 21:34:49,RETURNED,WEST,False,False
822,116,2024-11-17 02:09:17,SHIPPED,EAST,False,False
823,342,2024-10-08 17:44:01,CANCELLED,CENTRAL,False,False
824,439,2025-03-07 17:47:43,DELIVERED,SOUTH,False,False
825,309,2025-08-18 20:20:33,DELIVERED,NORTH,False,False
826,512,2025-07-16 06:51:55,CANCELLED,NORTH,False,False
827,153,2025-01-12 17:14:14,DELIVERED,WEST,False,False
828,490,2024-11-21 19:03:39,DELIVERED,EAST,False,False
829,331,2025-03-08 12:41:31,DELIVERED,EAST,False,False
830,435,2026-03-04 00:57:49,DELIVERED,EAST,False,False
831,252,2026-07-11 05:19:00,DELIVERED,WEST,False,False
832,236,2026-03-16 07:21:48,DELIVERED,SOUTH,False,False
833,241,2025-04-10 18:48:54,RETURNED,NORTH,False,False
834,486,2024-11-17 02:55:30,PLACED,EAST,False,False
835,143,2025-01-08 21:56:15,CANCELLED,CENTRAL,False,False
836,432,2025-05-13 21:13:03,PLACED,SOUTH,False,False
837,147,2024-07-09 22:16:58,DELIVERED,WEST,False,False
838,109,2024-09-21 14:21:21,DELIVERED,CENTRAL,False,False
839,31,2025-01-04 00:00:00,PLACED,NORTH,False,False
840,427,2025-03-09 09:16:43,DELIVERED,SOUTH,False,False
841,307,2025-11-05 00:50:04,DELIVERED,NORTH,False,False
842,160,2024-07-18 21:29:13,DELIVERED,SOUTH,False,False
843,12,2026-03-19 01:43:36,DELIVERED,WEST,False,False
844,265,2026-07-18 15:09:38,DELIVERED,SOUTH,False,False
845,161,2024-10-19 19:38:31,DELIVERED,SOUTH,False,False
846,411,2025-05-05 01:25:21,DELIVERED,CENTRAL,False,False
847,80,2026-05-27 16:33:48,DELIVERED,WEST,False,False
848,169,2025-12-28 01:42:31,DELIVERED,SOUTH,False,False
849,107,2025-11-02 03:17:24,PLACED,EAST,False,False
850,110,2024-06-16 01:15:09,DELIVERED,EAST,False,False
851,207,2024-07-19 06:43:17,SHIPPED,NORTH,False,False
852,,2026-06-20 13:37:55,PLACED,EAST,False,True
853,,2025-12-05 00:50:37,DELIVERED,WEST,False,True
854,323,2025-12-03 18:34:32,RETURNED,NORTH,False,False
855,516,2025-01-18 07:21:52,PLACED,WEST,False,False
856,39,2025-01-20 09:44:20,DELIVERED,NORTH,False,False
857,96,2025-05-24 17:33:29,CANCELLED,SOUTH,False,False
858,165,2026-07-18 05:44:45,DELIVERED,CENTRAL,False,False
859,350,2024-12-19 19:24:00,DELIVERED,EAST,False,False
860,,2026-01-22 04:03:11,SHIPPED,CENTRAL,False,True
861,157,2026-07-11 20:59:43,PLACED,NORTH,False,False
862,317,2024-10-12 09:50:48,DELIVERED,WEST,False,False
863,303,2025-08-08 03:31:50,DELIVERED,EAST,False,False
864,184,2026-05-15 17:40:30,DELIVERED,WEST,False,False
865,453,2025-01-03 04:15:09,RETURNED,CENTRAL,False,False
866,373,2026-02-11 20:05:50,DELIVERED,CENTRAL,False,False
867,133,2025-09-29 05:32:54,DELIVERED,WEST,False,False
868,270,2024-08-04 07:03:38,DELIVERED,NORTH,False,False
869,251,2024-06-11 08:08:04,SHIPPED,NORTH,False,False
870,163,2024-09-20 08:50:32,SHIPPED,WEST,False,False
871,358,2026-05-22 02:58:33,SHIPPED,SOUTH,False,False
872,407,2025-04-04 20:49:04,DELIVERED,NORTH,False,False
873,498,2026-06-08 00:00:00,SHIPPED,WEST,False,False
874,160,2025-01-11 01:08:51,DELIVERED,EAST,False,False
875,390,2025-12-12 13:25:36,DELIVERED,WEST,False,False
876,217,2026-03-17 23:36:48,DELIVERED,SOUTH,False,False
877,71,2024-10-03 22:20:11,DELIVERED,WEST,False,False
878,538,2025-07-07 00:53:37,SHIPPED,NORTH,False,False
879,439,2025-09-03 05:25:12,SHIPPED,EAST,False,False
880,494,2025-02-03 14:55:33,RETURNED,WEST,False,False
881,585,2024-06-14 10:16:24,DELIVERED,CENTRAL,False,False
882,593,2025-10-14 00:00:00,DELIVERED,EAST,False,False
883,470,2026-07-14 20:41:02,CANCELLED,NORTH,False,False
884,417,2024-06-04 17:05:03,RETURNED,SOUTH,False,False
885,593,2025-05-04 14:50:51,DELIVERED,SOUTH,False,False
886,560,2026-01-06 12:19:45,SHIPPED,SOUTH,False,False
887,591,2025-12-26 04:09:34,CANCELLED,NORTH,False,False
888,315,2024-12-09 18:50:37,DELIVERED,WEST,False,False
889,361,2026-03-22 12:48:31,DELIVERED,EAST,False,False
890,181,2025-12-30 14:58:38,SHIPPED,CENTRAL,False,False
891,447,2026-04-09 14:56:46,DELIVERED,CENTRAL,False,False
892,102,2024-11-07 06:23:36,PLACED,NORTH,False,False
893,422,2024-10-31 21:09:45,DELIVERED,CENTRAL,False,False
894,34,2026-03-14 10:37:40,SHIPPED,WEST,False,False
895,118,2026-05-29 10:59:47,RETURNED,EAST,False,False
896,476,2026-02-03 20:48:45,PLACED,EAST,False,False
897,520,2025-07-14 21:14:24,DELIVERED,WEST,False,False
898,5,2026-03-04 23:47:33,PLACED,NORTH,False,False
899,384,2025-10-05 04:10:31,DELIVERED,CENTRAL,False,False
900,248,2026-01-27 23:02:51,SHIPPED,WEST,False,False
901,592,2026-01-26 11:36:10,RETURNED,SOUTH,False,False
902,326,2026-04-09 11:30:47,SHIPPED,SOUTH,False,False
903,591,2025-07-08 06:04:55,CANCELLED,SOUTH,False,False
904,209,2024-07-08 19:56:13,DELIVERED,CENTRAL,False,False
905,557,2024-09-29 08:51:06,DELIVERED,NORTH,False,False
906,134,2025-12-07 07:43:54,SHIPPED,SOUTH,False,False
907,549,2026-01-07 08:50:56,DELIVERED,NORTH,False,False
908,148,2024-11-06 15:44:54,SHIPPED,CENTRAL,False,False
909,146,2025-03-06 14:17:19,PLACED,WEST,False,False
910,213,2026-07-01 19:11:04,DELIVERED,WEST,False,False
911,79,2026-03-13 07:16:19,DELIVERED,EAST,False,False
912,462,2025-03-05 07:40:11,DELIVERED,SOUTH,False,False
913,33,2025-11-13 12:53:59,RETURNED,WEST,False,False
914,,2025-06-29 08:29:08,RETURNED,SOUTH,False,True
915,,2025-01-21 15:52:16,SHIPPED,EAST,False,True
916,,2024-12-31 06:04:42,SHIPPED,SOUTH,False,True
917,494,2024-10-19 20:53:03,DELIVERED,CENTRAL,False,False
918,479,2026-07-09 04:49:38,DELIVERED,WEST,False,False
919,257,2025-08-09 15:31:29,RETURNED,NORTH,False,False
920,320,2025-04-14 17:57:56,RETURNED,WEST,False,False
921,457,2025-07-26 00:44:16,CANCELLED,CENTRAL,False,False
922,393,2025-11-29 05:38:37,DELIVERED,NORTH,False,False
923,35,2025-06-27 02:53:49,DELIVERED,EAST,False,False
924,544,2024-07-15 12:14:32,SHIPPED,EAST,False,False
925,191,2024-09-19 20:13:40,SHIPPED,EAST,False,False
926,322,2025-10-06 21:51:50,DELIVERED,EAST,False,False
927,582,2025-05-26 09:46:25,DELIVERED,WEST,False,False
928,218,2024-11-05 21:08:34,DELIVERED,CENTRAL,False,False
929,77,2026-03-16 03:59:05,DELIVERED,WEST,False,False
930,328,2024-08-15 00:00:00,CANCELLED,WEST,False,False
931,282,2024-12-08 18:30:37,DELIVERED,CENTRAL,False,False
932,393,2024-07-02 00:57:16,DELIVERED,CENTRAL,False,False
933,473,2026-02-14 17:52:29,PLACED,CENTRAL,False,False
934,41,2024-06-24 06:40:30,PLACED,NORTH,False,False
935,426,2025-07-30 16:34:19,DELIVERED,EAST,False,False
936,570,2026-07-06 02:53:30,DELIVERED,WEST,False,False
937,466,2024-12-04 14:36:09,CANCELLED,CENTRAL,False,False
938,,2024-06-15 03:35:31,SHIPPED,EAST,False,True
939,447,2024-10-13 17:30:04,SHIPPED,EAST,False,False
940,551,2024-08-19 13:00:20,DELIVERED,NORTH,False,False
941,312,2025-10-23 14:16:26,DELIVERED,WEST,False,False
942,175,2026-05-15 15:54:30,SHIPPED,EAST,False,False
943,599,2026-03-03 00:42:50,DELIVERED,NORTH,False,False
944,247,2026-06-30 08:23:43,RETURNED,EAST,False,False
945,495,2025-07-13 19:37:31,DELIVERED,NORTH,False,False
946,249,2025-04-14 20:10:53,DELIVERED,NORTH,False,False
947,62,2025-04-30 18:06:51,DELIVERED,WEST,False,False
948,108,2025-09-28 18:52:16,DELIVERED,EAST,False,False
949,158,2024-11-10 03:18:28,RETURNED,SOUTH,False,False
950,395,2025-04-10 09:09:40,DELIVERED,SOUTH,False,False
951,434,2025-09-19 03:15:42,RETURNED,CENTRAL,False,False
952,151,2024-11-12 00:00:00,DELIVERED,SOUTH,False,False
953,472,2024-07-13 09:46:21,DELIVERED,CENTRAL,False,False
954,272,2024-10-07 14:14:10,DELIVERED,SOUTH,False,False
955,515,2025-10-30 10:42:38,PLACED,EAST,False,False
956,51,2026-03-17 11:14:11,SHIPPED,SOUTH,False,False
957,283,2026-07-05 19:20:48,DELIVERED,NORTH,False,False
958,255,2025-05-06 02:31:37,SHIPPED,NORTH,False,False
959,245,2024-11-02 22:44:44,DELIVERED,CENTRAL,False,False
960,415,2024-11-03 08:53:49,SHIPPED,EAST,False,False
961,176,2025-11-21 00:42:06,DELIVERED,CENTRAL,False,False
962,4,2026-06-09 14:50:19,DELIVERED,SOUTH,False,False
963,72,2025-10-27 23:38:51,CANCELLED,SOUTH,False,False
964,486,2024-07-01 08:28:52,SHIPPED,EAST,False,False
965,175,2024-06-14 02:54:18,DELIVERED,WEST,False,False
966,501,2026-06-03 02:37:16,SHIPPED,NORTH,False,False
967,298,2025-02-13 21:34:21,DELIVERED,NORTH,False,False
968,344,2025-11-25 22:03:54,RETURNED,EAST,False,False
969,260,2024-06-20 01:35:33,CANCELLED,EAST,False,False
970,531,2026-06-21 10:03:26,SHIPPED,CENTRAL,False,False
971,22,2026-02-26 09:47:56,CANCELLED,SOUTH,False,False
972,32,2026-03-30 02:25:28,DELIVERED,NORTH,False,False
973,387,2025-07-29 12:37:21,CANCELLED,CENTRAL,False,False
974,461,2025-02-25 18:41:33,DELIVERED,EAST,False,False
975,401,2025-08-02 03:14:22,DELIVERED,NORTH,False,False
976,352,2024-12-07 00:19:41,DELIVERED,WEST,False,False
977,356,2024-06-11 22:44:48,DELIVERED,SOUTH,False,False
978,154,2025-08-23 03:50:51,DELIVERED,SOUTH,False,False
979,296,2025-08-30 20:12:32,PLACED,NORTH,False,False
980,127,2025-09-17 01:51:07,PLACED,EAST,False,False
981,,2024-12-29 22:31:42,DELIVERED,EAST,False,True
982,515,2025-01-25 20:11:55,RETURNED,EAST,False,False
983,202,2024-10-02 09:22:58,DELIVERED,NORTH,False,False
984,364,2026-01-20 00:06:07,DELIVERED,NORTH,False,False
985,310,2025-02-23 05:09:56,DELIVERED,EAST,False,False
986,143,2025-04-04 22:08:51,DELIVERED,WEST,False,False
987,309,2025-09-03 21:25:13,DELIVERED,WEST,False,False
988,385,2026-04-08 16:32:41,PLACED,CENTRAL,False,False
989,321,2025-12-06 10:45:55,DELIVERED,WEST,False,False
990,421,2024-07-10 01:05:16,RETURNED,WEST,False,False
991,144,2025-09-11 17:54:56,DELIVERED,CENTRAL,False,False
992,131,2025-08-28 16:37:36,PLACED,WEST,False,False
993,7,2026-05-14 22:16:23,CANCELLED,NORTH,False,False
994,110,2024-10-28 07:18:00,CANCELLED,CENTRAL,False,False
995,340,2024-12-04 15:42:40,DELIVERED,CENTRAL,False,False
996,55,2025-01-08 22:22:20,DELIVERED,WEST,False,False
997,159,2025-09-24 22:51:00,DELIVERED,NORTH,False,False
998,206,2024-05-30 01:19:53,SHIPPED,NORTH,False,False
999,254,2026-06-04 22:23:49,PLACED,CENTRAL,False,False
1000,57,2025-09-07 21:58:05,DELIVERED,SOUTH,False,False
1001,560,2026-04-12 03:56:50,CANCELLED,CENTRAL,False,False
1002,150,2025-03-13 02:08:10,SHIPPED,SOUTH,False,False
1003,560,2026-06-15 09:05:17,DELIVERED,NORTH,False,False
1004,505,2025-07-31 11:30:15,DELIVERED,NORTH,False,False
1005,436,2025-08-13 06:44:46,DELIVERED,CENTRAL,False,False
1006,595,2026-04-20 11:23:33,PLACED,EAST,False,False
1007,480,2026-05-12 00:31:59,DELIVERED,SOUTH,False,False
1008,516,2026-01-26 19:31:49,DELIVERED,SOUTH,False,False
1009,361,2025-11-08 01:41:17,DELIVERED,SOUTH,False,False
1010,311,2024-09-12 23:03:25,RETURNED,WEST,False,False
1011,484,2025-03-06 04:51:00,DELIVERED,CENTRAL,False,False
1012,539,2025-10-15 10:27:06,DELIVERED,CENTRAL,False,False
1013,414,2024-07-14 20:39:14,CANCELLED,SOUTH,False,False
1014,109,2026-06-09 01:57:51,DELIVERED,SOUTH,False,False
1015,243,2025-02-24 07:06:50,DELIVERED,WEST,False,False
1016,431,2024-09-03 00:00:00,DELIVERED,NORTH,False,False
1017,75,2026-01-01 11:44:23,DELIVERED,NORTH,False,False
1018,329,2026-04-28 06:56:01,DELIVERED,CENTRAL,False,False
1019,201,2026-04-09 15:44:09,DELIVERED,SOUTH,False,False
1020,166,2025-03-24 17:18:27,PLACED,NORTH,False,False
1021,99,2025-01-03 08:33:11,CANCELLED,EAST,False,False
1022,582,2024-09-18 19:03:14,DELIVERED,CENTRAL,False,False
1023,213,2026-06-04 22:02:29,DELIVERED,EAST,False,False
1024,573,2024-09-11 07:42:28,DELIVERED,WEST,False,False
1025,583,2025-09-05 06:42:28,SHIPPED,WEST,False,False
1026,554,2025-05-13 00:06:59,CANCELLED,EAST,False,False
1027,258,2025-12-06 23:40:22,PLACED,SOUTH,False,False
1028,77,2025-06-08 23:59:04,CANCELLED,CENTRAL,False,False
1029,409,2024-11-18 05:41:59,DELIVERED,EAST,False,False
1030,34,2025-07-09 06:21:09,SHIPPED,NORTH,False,False
1031,561,2025-10-24 00:43:13,RETURNED,NORTH,False,False
1032,75,2024-07-23 22:23:37,DELIVERED,NORTH,False,False
1033,83,2026-06-12 17:53:40,RETURNED,EAST,False,False
1034,,2025-05-14 21:44:37,DELIVERED,WEST,False,True
1035,,2024-08-23 23:50:30,PLACED,SOUTH,False,True
1036,389,2024-06-27 02:37:31,DELIVERED,NORTH,False,False
1037,387,2026-03-28 13:04:20,DELIVERED,CENTRAL,False,False
1038,449,2025-12-22 05:10:22,DELIVERED,EAST,False,False
1039,60,2024-10-19 21:39:57,DELIVERED,SOUTH,False,False
1040,550,2024-06-22 03:27:30,CANCELLED,SOUTH,False,False
1041,79,2026-04-11 06:32:54,SHIPPED,NORTH,False,False
1042,251,2024-12-17 12:10:19,DELIVERED,WEST,False,False
1043,79,2025-04-14 19:03:10,DELIVERED,EAST,False,False
1044,226,2025-09-12 06:10:44,RETURNED,CENTRAL,False,False
1045,251,2025-07-19 14:26:13,DELIVERED,CENTRAL,False,False
1046,56,2026-02-27 04:59:46,DELIVERED,CENTRAL,False,False
1047,81,2024-12-29 00:37:56,CANCELLED,CENTRAL,False,False
1048,567,2025-12-29 00:00:00,DELIVERED,SOUTH,False,False
1049,241,2026-05-04 21:30:36,RETURNED,NORTH,False,False
1050,35,2026-01-16 19:08:38,DELIVERED,NORTH,False,False
1051,394,2026-01-14 07:55:16,DELIVERED,NORTH,False,False
1052,389,2026-03-30 00:00:00,DELIVERED,EAST,False,False
1053,357,2025-11-03 07:07:35,RETURNED,EAST,False,False
1054,222,2025-11-10 15:19:40,DELIVERED,CENTRAL,False,False
1055,438,2024-08-26 17:32:07,CANCELLED,CENTRAL,False,False
1056,295,2026-05-20 00:37:37,DELIVERED,CENTRAL,False,False
1057,267,2026-01-12 07:33:36,DELIVERED,SOUTH,False,False
1058,16,2025-07-30 06:06:21,PLACED,SOUTH,False,False
1059,303,2026-02-01 23:47:57,PLACED,EAST,False,False
1060,257,2024-06-18 04:02:08,SHIPPED,CENTRAL,False,False
1061,271,2026-04-19 00:00:00,DELIVERED,WEST,False,False
1062,38,2026-06-14 23:26:54,DELIVERED,CENTRAL,False,False
1063,60,2024-09-30 13:43:23,DELIVERED,CENTRAL,False,False
1064,66,2025-07-04 19:11:47,DELIVERED,EAST,False,False
1065,507,2025-02-25 01:39:25,SHIPPED,CENTRAL,False,False
1066,239,2024-07-28 19:27:01,SHIPPED,CENTRAL,False,False
1067,594,2025-05-19 02:40:56,PLACED,EAST,False,False
1068,17,2025-11-29 21:17:06,DELIVERED,NORTH,False,False
1069,359,2026-04-19 10:32:10,SHIPPED,NORTH,False,False
1070,334,2026-03-07 04:28:24,PLACED,WEST,False,False
1071,,2025-12-10 16:28:15,DELIVERED,WEST,False,True
1072,384,2025-08-29 19:27:52,DELIVERED,SOUTH,False,False
1073,298,2024-07-08 16:01:28,SHIPPED,SOUTH,False,False
1074,524,2025-11-15 11:12:57,RETURNED,WEST,False,False
1075,34,2025-01-18 03:11:23,DELIVERED,NORTH,False,False
1076,230,2026-03-10 11:09:23,DELIVERED,NORTH,False,False
1077,541,2026-06-02 17:42:26,DELIVERED,CENTRAL,False,False
1078,276,2025-08-28 06:15:59,RETURNED,EAST,False,False
1079,371,2025-10-01 01:12:18,DELIVERED,NORTH,False,False
1080,456,2026-02-25 19:08:31,DELIVERED,EAST,False,False
1081,79,2026-06-21 02:35:19,DELIVERED,WEST,False,False
1082,236,2024-12-10 14:49:25,RETURNED,SOUTH,False,False
1083,418,2024-12-30 14:14:17,DELIVERED,EAST,False,False
1084,121,2026-03-15 00:51:35,DELIVERED,SOUTH,False,False
1085,203,2026-05-05 08:55:29,PLACED,NORTH,False,False
1086,568,2026-05-29 21:39:37,DELIVERED,SOUTH,False,False
1087,,2025-02-13 07:48:41,RETURNED,SOUTH,False,True
1088,543,2026-03-17 02:40:23,DELIVERED,WEST,False,False
1089,248,2024-11-30 21:44:48,DELIVERED,EAST,False,False
1090,111,2024-08-08 06:35:01,PLACED,EAST,False,False
1091,419,2026-04-06 19:42:21,DELIVERED,WEST,False,False
1092,188,2024-10-07 03:53:55,SHIPPED,NORTH,False,False
1093,379,2026-05-04 12:43:04,DELIVERED,WEST,False,False
1094,287,2024-10-27 12:38:30,SHIPPED,WEST,False,False
1095,578,2026-03-23 20:08:19,DELIVERED,WEST,False,False
1096,183,2024-08-03 03:25:43,CANCELLED,SOUTH,False,False
1097,285,2025-09-30 08:27:57,PLACED,EAST,False,False
1098,295,2026-04-11 20:00:08,SHIPPED,SOUTH,False,False
1099,266,2024-11-10 20:25:11,RETURNED,EAST,False,False
1100,212,2025-02-16 07:16:28,PLACED,NORTH,False,False
1101,553,2025-03-29 03:04:23,PLACED,NORTH,False,False
1102,289,2026-03-23 13:10:04,DELIVERED,CENTRAL,False,False
1103,465,2026-07-27 00:00:00,DELIVERED,NORTH,True,False
1104,443,2024-10-11 22:31:05,CANCELLED,EAST,False,False
1105,120,2024-09-29 19:50:03,DELIVERED,SOUTH,False,False
1106,335,2025-11-01 22:16:32,DELIVERED,CENTRAL,False,False
1107,76,2025-10-01 00:57:52,CANCELLED,NORTH,False,False
1108,534,2024-07-24 08:36:47,RETURNED,NORTH,False,False
1109,386,2025-05-07 02:00:25,DELIVERED,EAST,False,False
1110,497,2026-07-10 15:18:09,DELIVERED,SOUTH,False,False
1111,91,2025-04-27 17:32:51,PLACED,NORTH,False,False
1112,214,2024-07-29 07:02:36,DELIVERED,EAST,False,False
1113,598,2025-11-22 16:37:08,DELIVERED,SOUTH,False,False
1114,238,2026-06-22 12:20:44,DELIVERED,WEST,False,False
1115,557,2024-10-26 23:01:11,SHIPPED,EAST,False,False
1116,458,2026-03-21 00:07:33,SHIPPED,WEST,False,False
1117,117,2026-02-07 09:50:42,DELIVERED,WEST,False,False
1118,501,2025-05-29 20:13:01,PLACED,EAST,False,False
1119,419,2025-10-14 01:28:18,DELIVERED,EAST,False,False
1120,453,2025-07-08 23:34:38,RETURNED,EAST,False,False
1121,225,2024-08-08 21:09:18,DELIVERED,WEST,False,False
1122,171,2024-11-17 08:51:51,RETURNED,CENTRAL,False,False
1123,133,2024-06-29 22:40:05,RETURNED,NORTH,False,False
1124,93,2025-10-29 17:52:48,RETURNED,CENTRAL,False,False
1125,51,2025-12-13 11:58:57,DELIVERED,SOUTH,False,False
1126,406,2025-05-21 06:12:31,DELIVERED,SOUTH,False,False
1127,340,2025-06-20 08:20:51,RETURNED,NORTH,False,False
1128,540,2026-02-07 04:10:54,DELIVERED,NORTH,False,False
1129,,2025-06-18 04:20:17,PLACED,NORTH,False,True
1130,387,2024-12-19 19:14:11,CANCELLED,EAST,False,False
1131,79,2026-03-06 06:29:23,PLACED,CENTRAL,False,False
1132,156,2026-01-27 14:09:21,SHIPPED,CENTRAL,False,False
1133,332,2024-07-05 09:36:23,DELIVERED,WEST,False,False
1134,271,2026-06-01 07:04:44,DELIVERED,WEST,False,False
1135,417,2026-06-19 20:34:34,DELIVERED,CENTRAL,False,False
1136,,2026-07-11 02:48:13,DELIVERED,EAST,False,True
1137,111,2024-07-07 16:02:10,DELIVERED,SOUTH,False,False
1138,489,2025-09-24 12:22:24,DELIVERED,NORTH,False,False
1139,174,2026-06-29 21:29:41,DELIVERED,NORTH,False,False
1140,485,2025-05-26 01:36:34,PLACED,WEST,False,False
1141,319,2025-01-18 23:13:17,PLACED,CENTRAL,False,False
1142,6,2025-04-20 00:26:33,DELIVERED,WEST,False,False
1143,321,2025-05-31 04:59:58,DELIVERED,WEST,False,False
1144,84,2026-03-22 07:19:18,DELIVERED,WEST,False,False
1145,14,2024-12-04 17:00:59,SHIPPED,WEST,False,False
1146,,2026-03-19 22:39:34,DELIVERED,CENTRAL,False,True
1147,561,2024-06-13 09:10:58,DELIVERED,WEST,False,False
1148,278,2025-12-28 07:26:17,DELIVERED,SOUTH,False,False
1149,536,2025-12-27 17:19:35,DELIVERED,EAST,False,False
1150,216,2024-12-26 00:00:00,SHIPPED,WEST,False,False
1151,427,2026-05-30 21:16:00,PLACED,NORTH,False,False
1152,193,2024-10-22 18:54:04,DELIVERED,EAST,False,False
1153,480,2024-09-10 17:26:26,DELIVERED,CENTRAL,False,False
1154,354,2025-03-25 06:09:52,DELIVERED,WEST,False,False
1155,314,2026-02-15 10:56:02,RETURNED,CENTRAL,False,False
1156,208,2025-01-21 18:41:48,SHIPPED,SOUTH,False,False
1157,270,2024-12-12 19:52:14,DELIVERED,CENTRAL,False,False
1158,393,2025-08-03 16:09:47,RETURNED,CENTRAL,False,False
1159,485,2024-06-03 03:34:26,DELIVERED,SOUTH,False,False
1160,151,2026-06-07 14:34:57,CANCELLED,EAST,False,False
1161,54,2026-04-13 00:47:41,DELIVERED,WEST,False,False
1162,513,2025-06-08 00:39:50,DELIVERED,WEST,False,False
1163,486,2025-10-04 09:34:11,DELIVERED,CENTRAL,False,False
1164,171,2025-08-04 10:46:37,DELIVERED,WEST,False,False
1165,502,2025-06-23 04:46:20,DELIVERED,CENTRAL,False,False
1166,357,2025-12-19 01:48:21,CANCELLED,EAST,False,False
1167,219,2025-03-22 16:24:00,DELIVERED,SOUTH,False,False
1168,11,2025-12-11 18:44:02,DELIVERED,NORTH,False,False
1169,337,2025-12-24 00:22:27,RETURNED,CENTRAL,False,False
1170,,2025-07-31 00:00:00,DELIVERED,WEST,False,True
1171,260,2024-08-26 21:34:37,RETURNED,NORTH,False,False
1172,483,2026-05-06 00:16:09,DELIVERED,WEST,False,False
1173,559,2024-07-28 07:57:37,DELIVERED,CENTRAL,False,False
1174,157,2025-02-28 19:35:45,CANCELLED,SOUTH,False,False
1175,123,2024-09-03 19:39:43,DELIVERED,CENTRAL,False,False
1176,199,2024-06-24 21:40:07,DELIVERED,EAST,False,False
1177,174,2025-12-19 23:02:04,DELIVERED,WEST,False,False
1178,63,2026-07-18 02:13:59,SHIPPED,EAST,False,False
1179,,2025-04-03 15:27:14,DELIVERED,WEST,False,True
1180,4,2025-11-25 18:28:34,SHIPPED,WEST,False,False
1181,89,2026-05-19 06:05:29,PLACED,NORTH,False,False
1182,89,2024-06-30 05:39:25,DELIVERED,NORTH,False,False
1183,384,2025-06-17 06:50:24,DELIVERED,SOUTH,False,False
1184,136,2026-01-09 05:43:07,DELIVERED,SOUTH,False,False
1185,579,2025-05-16 00:24:48,CANCELLED,EAST,False,False
1186,182,2025-07-06 21:25:16,DELIVERED,EAST,False,False
1187,364,2025-11-22 22:24:48,DELIVERED,CENTRAL,False,False
1188,,2026-01-19 03:13:06,SHIPPED,CENTRAL,False,True
1189,445,2025-08-21 11:06:22,SHIPPED,CENTRAL,False,False
1190,276,2025-04-22 08:17:06,DELIVERED,WEST,False,False
1191,119,2025-03-15 14:26:48,DELIVERED,WEST,False,False
1192,382,2024-07-21 14:00:41,DELIVERED,NORTH,False,False
1193,9,2026-06-07 15:46:22,DELIVERED,NORTH,False,False
1194,367,2026-05-25 05:06:09,DELIVERED,NORTH,False,False
1195,468,2026-04-05 16:48:00,DELIVERED,WEST,False,False
1196,259,2025-11-05 21:00:52,DELIVERED,WEST,False,False
1197,240,2024-11-13 13:08:15,DELIVERED,EAST,False,False
1198,411,2025-02-08 19:19:52,DELIVERED,EAST,False,False
1199,537,2025-01-01 18:46:17,SHIPPED,EAST,False,False
1200,56,2025-09-22 10:33:11,DELIVERED,SOUTH,False,False
1201,470,2026-05-15 11:57:18,PLACED,SOUTH,False,False
1202,177,2024-10-01 20:36:26,SHIPPED,SOUTH,False,False
1203,251,2026-01-01 09:20:33,PLACED,SOUTH,False,False
1204,483,2026-02-01 03:08:52,DELIVERED,WEST,False,False
1205,475,2024-10-25 20:36:35,DELIVERED,EAST,False,False
1206,137,2025-10-20 03:36:47,CANCELLED,WEST,False,False
1207,547,2026-06-27 00:00:00,DELIVERED,CENTRAL,False,False
1208,183,2025-12-24 10:15:34,DELIVERED,CENTRAL,False,False
1209,408,2025-05-22 00:00:00,SHIPPED,SOUTH,False,False
1210,310,2025-11-08 12:42:29,DELIVERED,SOUTH,False,False
1211,292,2026-06-15 16:00:27,PLACED,WEST,False,False
1212,408,2024-11-11 08:01:07,DELIVERED,NORTH,False,False
1213,104,2026-02-17 07:52:00,CANCELLED,NORTH,False,False
1214,132,2026-01-16 12:11:43,DELIVERED,NORTH,False,False
1215,412,2024-08-22 16:19:41,DELIVERED,EAST,False,False
1216,119,2026-04-29 11:16:48,DELIVERED,WEST,False,False
1217,548,2024-11-19 11:26:20,DELIVERED,WEST,False,False
1218,393,2024-10-01 06:57:21,SHIPPED,EAST,False,False
1219,265,2026-05-06 19:13:58,DELIVERED,WEST,False,False
1220,125,2026-05-14 23:23:25,DELIVERED,CENTRAL,False,False
1221,259,2025-09-02 01:03:55,DELIVERED,NORTH,False,False
1222,184,2026-03-08 21:07:57,PLACED,EAST,False,False
1223,37,2025-12-05 23:02:22,DELIVERED,CENTRAL,False,False
1224,255,2024-10-23 21:55:16,SHIPPED,SOUTH,False,False
1225,442,2025-11-17 12:56:01,RETURNED,CENTRAL,False,False
1226,537,2024-08-01 00:00:00,PLACED,EAST,False,False
1227,104,2024-09-29 08:34:01,DELIVERED,EAST,False,False
1228,23,2025-07-03 00:21:37,DELIVERED,NORTH,False,False
1229,444,2025-03-23 16:59:33,DELIVERED,EAST,False,False
1230,553,2025-06-12 15:44:53,DELIVERED,NORTH,False,False
1231,485,2026-04-08 18:30:50,DELIVERED,SOUTH,False,False
1232,47,2025-03-07 00:00:00,DELIVERED,EAST,False,False
1233,,2026-03-04 15:08:58,DELIVERED,EAST,False,True
1234,326,2025-05-14 06:04:30,PLACED,EAST,False,False
1235,295,2026-05-15 14:03:31,DELIVERED,CENTRAL,False,False
1236,399,2024-06-18 12:32:24,DELIVERED,EAST,False,False
1237,456,2026-07-14 03:07:23,SHIPPED,SOUTH,False,False
1238,262,2024-09-29 02:44:16,DELIVERED,CENTRAL,False,False
1239,86,2025-12-24 12:27:18,DELIVERED,EAST,False,False
1240,,2025-02-13 00:18:19,DELIVERED,CENTRAL,False,True
1241,24,2025-08-14 00:05:59,DELIVERED,WEST,False,False
1242,385,2024-12-20 14:02:04,DELIVERED,NORTH,False,False
1243,224,2024-11-17 20:41:18,DELIVERED,SOUTH,False,False
1244,411,2025-11-27 20:25:44,DELIVERED,WEST,False,False
1245,286,2025-12-15 04:08:00,DELIVERED,EAST,False,False
1246,546,2026-02-16 12:56:34,DELIVERED,WEST,False,False
1247,461,2025-03-01 22:24:02,DELIVERED,NORTH,False,False
1248,343,2025-02-21 14:42:57,DELIVERED,NORTH,False,False
1249,429,2026-02-26 08:51:42,SHIPPED,NORTH,False,False
1250,142,2024-10-02 01:28:27,DELIVERED,WEST,False,False
1251,333,2025-02-12 14:02:11,DELIVERED,WEST,False,False
1252,,2026-01-24 19:37:27,DELIVERED,SOUTH,False,True
1253,166,2025-06-05 18:19:19,SHIPPED,SOUTH,False,False
1254,301,2024-07-16 23:39:13,SHIPPED,WEST,False,False
1255,455,2025-02-28 18:29:08,RETURNED,CENTRAL,False,False
1256,340,2025-02-01 00:00:00,SHIPPED,NORTH,False,False
1257,34,2026-02-20 05:42:11,CANCELLED,WEST,False,False
1258,73,2025-07-07 22:35:34,CANCELLED,CENTRAL,False,False
1259,547,2026-04-11 05:15:08,DELIVERED,NORTH,False,False
1260,408,2024-07-30 23:49:14,DELIVERED,CENTRAL,False,False
1261,451,2024-12-08 17:10:28,SHIPPED,EAST,False,False
1262,594,2024-11-19 15:35:58,DELIVERED,EAST,False,False
1263,348,2025-06-11 14:15:24,DELIVERED,SOUTH,False,False
1264,338,2024-09-22 01:30:47,DELIVERED,WEST,False,False
1265,267,2026-04-20 18:34:34,DELIVERED,WEST,False,False
1266,582,2024-07-24 12:39:24,DELIVERED,SOUTH,False,False
1267,27,2025-12-27 02:19:54,DELIVERED,EAST,False,False
1268,163,2025-09-15 09:34:53,DELIVERED,WEST,False,False
1269,159,2024-12-15 16:48:23,SHIPPED,EAST,False,False
1270,264,2024-07-12 12:05:27,CANCELLED,CENTRAL,False,False
1271,,2025-12-16 16:56:08,DELIVERED,CENTRAL,False,True
1272,175,2025-01-27 03:30:37,DELIVERED,CENTRAL,False,False
1273,384,2026-06-22 19:16:26,DELIVERED,CENTRAL,False,False
1274,496,2024-06-21 02:37:46,DELIVERED,NORTH,False,False
1275,317,2025-01-18 03:42:20,DELIVERED,NORTH,False,False
1276,366,2024-06-17 22:52:41,CANCELLED,CENTRAL,False,False
1277,208,2024-07-20 00:23:01,DELIVERED,NORTH,False,False
1278,520,2024-09-30 10:00:34,RETURNED,NORTH,False,False
1279,536,2025-07-01 19:03:31,DELIVERED,SOUTH,False,False
1280,251,2026-05-08 11:22:29,SHIPPED,CENTRAL,False,False
1281,285,2025-03-21 04:14:29,DELIVERED,NORTH,False,False
1282,136,2024-09-01 13:12:57,SHIPPED,SOUTH,False,False
1283,596,2024-10-29 15:46:47,DELIVERED,NORTH,False,False
1284,75,2024-11-26 19:56:41,DELIVERED,WEST,False,False
1285,556,2026-06-25 21:16:33,DELIVERED,NORTH,False,False
1286,115,2026-04-17 14:52:58,DELIVERED,SOUTH,False,False
1287,468,2025-06-25 01:50:14,DELIVERED,CENTRAL,False,False
1288,181,2026-06-19 17:58:17,DELIVERED,EAST,False,False
1289,545,2025-07-31 15:29:36,DELIVERED,CENTRAL,False,False
1290,451,2025-03-09 00:10:23,DELIVERED,EAST,False,False
1291,522,2025-02-07 09:57:35,SHIPPED,WEST,False,False
1292,97,2026-04-18 11:37:53,DELIVERED,CENTRAL,False,False
1293,199,2025-05-25 02:14:05,SHIPPED,CENTRAL,False,False
1294,544,2025-09-08 03:06:01,RETURNED,SOUTH,False,False
1295,159,2025-03-24 02:42:07,DELIVERED,SOUTH,False,False
1296,161,2026-06-04 23:37:10,DELIVERED,WEST,False,False
1297,276,2025-07-12 07:57:36,DELIVERED,EAST,False,False
1298,314,2025-11-30 19:35:59,CANCELLED,EAST,False,False
1299,436,2026-03-08 23:29:47,PLACED,WEST,False,False
1300,419,2025-01-02 00:00:00,RETURNED,EAST,False,False
1301,208,2025-07-01 00:00:00,DELIVERED,EAST,False,False
1302,438,2025-10-17 22:25:18,DELIVERED,SOUTH,False,False
1303,516,2025-07-29 14:04:54,SHIPPED,SOUTH,False,False
1304,492,2026-05-29 22:05:19,RETURNED,NORTH,False,False
1305,400,2026-06-25 14:13:03,SHIPPED,CENTRAL,False,False
1306,61,2025-11-13 08:28:52,DELIVERED,EAST,False,False
1307,292,2024-12-24 14:29:51,CANCELLED,NORTH,False,False
1308,424,2025-01-18 16:02:53,DELIVERED,CENTRAL,False,False
1309,91,2025-10-21 06:50:23,DELIVERED,EAST,False,False
1310,299,2025-01-03 05:00:37,DELIVERED,NORTH,False,False
1311,322,2025-12-12 03:36:57,RETURNED,WEST,False,False
1312,220,2026-05-27 12:28:25,SHIPPED,EAST,False,False
1313,266,2024-07-04 22:39:31,SHIPPED,WEST,False,False
1314,499,2024-08-31 15:38:17,RETURNED,CENTRAL,False,False
1315,580,2024-07-18 20:10:43,RETURNED,EAST,False,False
1316,504,2025-10-30 11:11:51,DELIVERED,NORTH,False,False
1317,572,2025-01-30 19:00:54,DELIVERED,NORTH,False,False
1318,480,2025-03-22 12:48:00,DELIVERED,WEST,False,False
1319,477,2025-01-21 10:37:31,DELIVERED,NORTH,False,False
1320,590,2026-04-01 16:56:05,CANCELLED,WEST,False,False
1321,7,2026-01-25 18:17:47,PLACED,SOUTH,False,False
1322,155,2025-05-11 05:56:27,DELIVERED,EAST,False,False
1323,206,2025-12-01 22:08:07,CANCELLED,CENTRAL,False,False
1324,152,2025-03-08 02:02:37,SHIPPED,CENTRAL,False,False
1325,41,2025-11-22 09:45:08,RETURNED,EAST,False,False
1326,236,2025-04-08 07:58:27,DELIVERED,WEST,False,False
1327,239,2025-05-02 11:08:16,DELIVERED,NORTH,False,False
1328,451,2026-01-02 17:15:41,PLACED,SOUTH,False,False
1329,458,2025-04-03 13:45:05,SHIPPED,WEST,False,False
1330,128,2025-02-26 00:04:52,DELIVERED,CENTRAL,False,False
1331,125,2025-04-20 15:52:12,SHIPPED,WEST,False,False
1332,367,2025-10-04 06:07:37,DELIVERED,SOUTH,False,False
1333,520,2025-06-30 00:00:00,DELIVERED,WEST,False,False
1334,390,2026-02-10 20:34:36,RETURNED,NORTH,False,False
1335,318,2026-04-04 10:14:36,RETURNED,EAST,False,False
1336,87,2026-01-25 08:33:17,CANCELLED,NORTH,False,False
1337,282,2025-10-14 04:24:50,PLACED,SOUTH,False,False
1338,10,2025-01-26 23:05:27,SHIPPED,WEST,False,False
1339,63,2025-04-20 22:51:54,CANCELLED,EAST,False,False
1340,425,2026-03-12 06:22:06,SHIPPED,CENTRAL,False,False
1341,186,2024-11-15 22:24:48,DELIVERED,NORTH,False,False
1342,314,2025-12-30 17:18:44,RETURNED,EAST,False,False
1343,30,2025-10-27 00:00:00,PLACED,WEST,False,False
1344,148,2024-08-10 05:37:30,DELIVERED,CENTRAL,False,False
1345,174,2024-06-22 04:56:46,DELIVERED,SOUTH,False,False
1346,68,2026-06-07 22:59:06,DELIVERED,WEST,False,False
1347,550,2024-05-31 02:54:15,DELIVERED,WEST,False,False
1348,264,2025-12-18 21:54:42,RETURNED,NORTH,False,False
1349,585,2025-05-05 16:30:41,DELIVERED,SOUTH,False,False
1350,85,2026-02-16 08:11:30,DELIVERED,CENTRAL,False,False
1351,232,2025-09-09 18:07:31,DELIVERED,WEST,False,False
1352,533,2025-07-18 08:15:40,DELIVERED,SOUTH,False,False
1353,384,2024-07-22 04:00:43,DELIVERED,WEST,False,False
1354,203,2024-06-21 05:57:10,SHIPPED,NORTH,False,False
1355,244,2025-10-13 00:52:43,PLACED,WEST,False,False
1356,353,2026-02-19 03:59:01,DELIVERED,SOUTH,False,False
1357,270,2024-11-29 00:36:55,DELIVERED,CENTRAL,False,False
1358,346,2025-03-15 10:29:26,DELIVERED,WEST,False,False
1359,468,2025-11-12 20:39:57,DELIVERED,EAST,False,False
1360,375,2024-07-08 11:30:07,RETURNED,SOUTH,False,False
1361,469,2024-12-02 20:16:45,DELIVERED,EAST,False,False
1362,356,2026-04-07 13:22:35,DELIVERED,NORTH,False,False
1363,517,2025-03-28 17:34:40,SHIPPED,SOUTH,False,False
1364,204,2025-11-30 19:42:32,DELIVERED,SOUTH,False,False
1365,544,2025-12-14 08:48:04,DELIVERED,CENTRAL,False,False
1366,163,2025-02-11 07:20:22,DELIVERED,CENTRAL,False,False
1367,156,2026-03-19 00:00:00,CANCELLED,EAST,False,False
1368,411,2026-03-15 09:51:55,CANCELLED,WEST,False,False
1369,,2025-06-24 10:13:59,DELIVERED,EAST,False,True
1370,69,2026-02-26 11:54:31,SHIPPED,WEST,False,False
1371,249,2025-02-01 16:27:58,DELIVERED,WEST,False,False
1372,255,2024-09-16 13:36:36,SHIPPED,EAST,False,False
1373,412,2025-01-20 21:14:12,SHIPPED,SOUTH,False,False
1374,,2024-11-28 04:57:47,DELIVERED,CENTRAL,False,True
1375,483,2026-04-10 19:57:50,DELIVERED,NORTH,False,False
1376,466,2025-11-11 07:27:50,CANCELLED,NORTH,False,False
1377,262,2026-05-24 17:20:17,DELIVERED,SOUTH,False,False
1378,499,2025-05-13 22:56:26,DELIVERED,NORTH,False,False
1379,372,2026-07-07 05:28:54,CANCELLED,WEST,False,False
1380,108,2025-08-08 06:44:45,CANCELLED,EAST,False,False
1381,521,2025-06-24 00:00:00,RETURNED,NORTH,False,False
1382,498,2026-07-07 22:02:45,SHIPPED,WEST,False,False
1383,107,2026-06-26 20:48:44,DELIVERED,CENTRAL,False,False
1384,532,2026-01-14 07:53:08,PLACED,NORTH,False,False
1385,101,2024-11-28 11:43:27,RETURNED,SOUTH,False,False
1386,432,2024-07-30 22:16:19,DELIVERED,WEST,False,False
1387,588,2024-07-26 21:45:31,RETURNED,WEST,False,False
1388,27,2025-03-06 18:23:22,PLACED,EAST,False,False
1389,423,2026-05-09 08:08:44,CANCELLED,EAST,False,False
1390,353,2025-06-20 08:14:54,DELIVERED,NORTH,False,False
1391,270,2025-02-03 11:18:28,SHIPPED,CENTRAL,False,False
1392,411,2025-02-21 06:47:15,CANCELLED,NORTH,False,False
1393,552,2025-05-18 12:27:32,DELIVERED,EAST,False,False
1394,93,2025-09-28 02:39:54,DELIVERED,SOUTH,False,False
1395,208,2026-06-23 02:32:18,DELIVERED,WEST,False,False
1396,164,2025-10-13 09:21:24,PLACED,SOUTH,False,False
1397,519,2025-09-02 03:16:26,DELIVERED,CENTRAL,False,False
1398,78,2024-10-17 15:39:30,DELIVERED,WEST,False,False
1399,150,2025-11-30 14:36:25,DELIVERED,WEST,False,False
1400,301,2024-10-04 17:04:14,DELIVERED,SOUTH,False,False
1401,42,2025-01-25 00:00:00,DELIVERED,EAST,False,False
1402,230,2025-05-05 03:59:08,SHIPPED,SOUTH,False,False
1403,222,2025-09-03 01:15:00,SHIPPED,NORTH,False,False
1404,495,2026-03-04 22:38:36,DELIVERED,CENTRAL,False,False
1405,191,2026-02-09 18:47:43,DELIVERED,WEST,False,False
1406,373,2025-07-13 10:07:47,DELIVERED,EAST,False,False
1407,241,2025-12-05 16:41:24,PLACED,SOUTH,False,False
1408,253,2024-12-16 00:41:42,PLACED,CENTRAL,False,False
1409,549,2025-05-18 21:54:36,DELIVERED,CENTRAL,False,False
1410,230,2024-08-20 15:29:38,DELIVERED,WEST,False,False
1411,447,2025-02-20 04:03:44,PLACED,WEST,False,False
1412,59,2026-06-09 09:55:18,CANCELLED,SOUTH,False,False
1413,363,2025-08-01 21:23:43,DELIVERED,NORTH,False,False
1414,503,2024-12-23 03:54:04,RETURNED,SOUTH,False,False
1415,318,2025-09-15 06:35:16,DELIVERED,CENTRAL,False,False
1416,521,2025-01-09 01:23:54,DELIVERED,CENTRAL,False,False
1417,7,2024-08-20 06:53:56,DELIVERED,EAST,False,False
1418,73,2026-03-03 16:16:49,DELIVERED,SOUTH,False,False
1419,184,2024-07-14 19:22:32,DELIVERED,WEST,False,False
1420,340,2026-02-15 21:37:53,DELIVERED,WEST,False,False
1421,391,2024-12-31 04:00:30,CANCELLED,SOUTH,False,False
1422,364,2026-03-29 13:01:00,CANCELLED,WEST,False,False
1423,267,2025-05-17 01:45:33,DELIVERED,NORTH,False,False
1424,97,2024-06-30 16:35:43,CANCELLED,NORTH,False,False
1425,61,2024-10-25 00:00:00,SHIPPED,CENTRAL,False,False
1426,335,2024-07-11 22:59:57,CANCELLED,CENTRAL,False,False
1427,72,2025-03-18 19:07:18,DELIVERED,WEST,False,False
1428,224,2024-10-27 15:08:46,CANCELLED,SOUTH,False,False
1429,588,2026-04-14 14:23:48,DELIVERED,SOUTH,False,False
1430,,2024-07-29 05:36:35,RETURNED,NORTH,False,True
1431,320,2024-11-13 10:08:25,DELIVERED,SOUTH,False,False
1432,172,2026-07-12 01:46:33,SHIPPED,SOUTH,False,False
1433,346,2026-01-24 01:13:25,DELIVERED,NORTH,False,False
1434,68,2025-12-19 02:02:32,SHIPPED,WEST,False,False
1435,,2024-08-29 01:40:04,RETURNED,WEST,False,True
1436,102,2024-10-18 06:59:28,DELIVERED,EAST,False,False
1437,577,2026-02-01 08:16:43,DELIVERED,SOUTH,False,False
1438,139,2025-04-02 15:31:22,DELIVERED,WEST,False,False
1439,387,2024-07-06 00:36:05,DELIVERED,EAST,False,False
1440,399,2025-08-19 03:21:57,DELIVERED,NORTH,False,False
1441,43,2024-10-15 13:09:03,DELIVERED,CENTRAL,False,False
1442,585,2025-09-29 00:00:00,DELIVERED,CENTRAL,False,False
1443,311,2025-11-27 10:46:20,RETURNED,NORTH,False,False
1444,445,2025-03-02 23:08:14,DELIVERED,NORTH,False,False
1445,102,2025-03-14 11:35:55,CANCELLED,EAST,False,False
1446,209,2024-06-23 05:20:18,PLACED,WEST,False,False
1447,120,2024-06-06 08:40:28,RETURNED,EAST,False,False
1448,400,2025-12-28 00:00:00,RETURNED,WEST,False,False
1449,146,2025-07-05 01:50:43,CANCELLED,WEST,False,False
1450,318,2025-07-27 11:49:17,DELIVERED,NORTH,False,False
1451,424,2025-03-20 08:56:31,CANCELLED,WEST,False,False
1452,11,2026-02-03 08:08:00,PLACED,WEST,False,False
1453,229,2024-11-23 16:24:34,SHIPPED,WEST,False,False
1454,550,2025-07-02 10:58:54,RETURNED,WEST,False,False
1455,294,2025-07-10 05:23:47,SHIPPED,NORTH,False,False
1456,207,2026-07-12 13:33:48,SHIPPED,CENTRAL,False,False
1457,481,2024-11-19 01:32:24,SHIPPED,WEST,False,False
1458,70,2025-12-27 04:13:30,DELIVERED,SOUTH,False,False
1459,43,2025-03-19 00:00:00,DELIVERED,EAST,False,False
1460,15,2025-11-11 06:21:24,CANCELLED,EAST,False,False
1461,359,2024-08-25 15:47:39,DELIVERED,SOUTH,False,False
1462,518,2025-03-11 18:38:37,DELIVERED,EAST,False,False
1463,,2026-04-14 08:10:02,PLACED,SOUTH,False,True
1464,295,2025-01-07 16:58:36,DELIVERED,EAST,False,False
1465,67,2024-06-26 03:01:24,DELIVERED,SOUTH,False,False
1466,330,2025-01-07 00:00:00,RETURNED,SOUTH,False,False
1467,4,2026-01-22 00:03:49,DELIVERED,NORTH,False,False
1468,37,2024-09-21 20:05:13,PLACED,WEST,False,False
1469,396,2026-01-20 19:43:26,DELIVERED,SOUTH,False,False
1470,257,2026-05-06 19:02:36,DELIVERED,SOUTH,False,False
1471,369,2025-08-18 15:02:48,DELIVERED,SOUTH,False,False
1472,398,2025-02-03 01:02:16,DELIVERED,NORTH,False,False
1473,308,2026-05-14 11:30:37,DELIVERED,CENTRAL,False,False
1474,412,2025-11-29 06:36:29,SHIPPED,WEST,False,False
1475,428,2026-05-02 15:24:23,DELIVERED,WEST,False,False
1476,346,2026-02-08 15:26:18,SHIPPED,CENTRAL,False,False
1477,223,2025-03-28 07:17:09,RETURNED,CENTRAL,False,False
1478,475,2026-02-23 03:06:02,DELIVERED,EAST,False,False
1479,145,2026-05-02 15:42:17,DELIVERED,CENTRAL,False,False
1480,205,2025-01-28 10:55:14,DELIVERED,CENTRAL,False,False
1481,,2025-04-15 17:08:10,DELIVERED,SOUTH,False,True
1482,577,2026-02-13 07:02:28,DELIVERED,SOUTH,False,False
1483,325,2024-12-18 19:26:46,DELIVERED,WEST,False,False
1484,544,2024-07-23 20:08:24,DELIVERED,NORTH,False,False
1485,9,2024-08-19 22:45:48,DELIVERED,NORTH,False,False
1486,366,2025-01-18 22:53:03,RETURNED,EAST,False,False
1487,372,2025-10-02 02:41:37,DELIVERED,WEST,False,False
1488,180,2024-11-03 16:10:30,CANCELLED,SOUTH,False,False
1489,156,2024-11-29 23:46:50,DELIVERED,CENTRAL,False,False
1490,576,2026-05-29 10:45:06,DELIVERED,EAST,False,False
1491,256,2025-01-12 19:22:11,RETURNED,NORTH,False,False
1492,139,2026-06-03 11:44:58,DELIVERED,SOUTH,False,False
1493,372,2025-03-08 11:15:01,DELIVERED,NORTH,False,False
1494,581,2025-11-08 19:47:29,RETURNED,EAST,False,False
1495,139,2026-01-31 11:03:31,RETURNED,NORTH,False,False
1496,202,2025-10-10 04:30:35,DELIVERED,NORTH,False,False
1497,,2026-03-09 22:25:33,RETURNED,EAST,False,True
1498,197,2024-07-05 10:04:06,DELIVERED,SOUTH,False,False
1499,245,2025-07-12 17:34:41,DELIVERED,WEST,False,False
1500,280,2026-05-11 14:44:26,DELIVERED,EAST,False,False
1501,134,2024-06-15 14:06:00,DELIVERED,NORTH,False,False
1502,205,2026-01-10 08:03:29,DELIVERED,EAST,False,False
1503,344,2026-03-20 11:02:14,DELIVERED,EAST,False,False
1504,355,2025-03-25 15:57:40,DELIVERED,EAST,False,False
1505,461,2024-10-08 17:23:52,CANCELLED,EAST,False,False
1506,,2024-12-15 15:47:24,CANCELLED,NORTH,False,True
1507,182,2025-01-24 05:45:52,DELIVERED,SOUTH,False,False
1508,,2024-06-19 21:20:55,DELIVERED,EAST,False,True
1509,73,2026-05-15 18:29:22,DELIVERED,EAST,False,False
1510,109,2024-08-25 06:02:08,DELIVERED,SOUTH,False,False
1511,84,2024-10-19 06:34:15,PLACED,SOUTH,False,False
1512,82,2025-03-25 06:05:13,DELIVERED,SOUTH,False,False
1513,508,2025-03-15 01:00:05,DELIVERED,CENTRAL,False,False
1514,63,2024-06-08 19:22:49,PLACED,SOUTH,False,False
1515,556,2025-03-20 03:18:54,DELIVERED,NORTH,False,False
1516,330,2025-05-18 17:51:03,SHIPPED,CENTRAL,False,False
1517,423,2025-08-16 08:35:44,SHIPPED,EAST,False,False
1518,247,2025-06-24 22:52:10,DELIVERED,SOUTH,False,False
1519,65,2024-08-31 20:01:24,DELIVERED,WEST,False,False
1520,,2024-10-14 01:30:56,DELIVERED,EAST,False,True
1521,68,2025-10-07 15:34:02,DELIVERED,WEST,False,False
1522,308,2025-09-28 23:10:58,DELIVERED,SOUTH,False,False
1523,,2025-11-29 04:52:40,DELIVERED,WEST,False,True
1524,413,2026-05-21 09:48:36,DELIVERED,SOUTH,False,False
1525,395,2024-07-07 00:40:25,CANCELLED,EAST,False,False
1526,153,2024-06-20 16:05:59,DELIVERED,SOUTH,False,False
1527,189,2024-06-24 11:02:23,DELIVERED,SOUTH,False,False
1528,,2026-01-29 07:27:54,SHIPPED,CENTRAL,False,True
1529,195,2026-07-14 09:10:19,DELIVERED,SOUTH,False,False
1530,62,2024-11-10 16:23:43,PLACED,EAST,False,False
1531,297,2026-07-06 18:17:20,CANCELLED,WEST,False,False
1532,316,2025-11-06 23:11:46,DELIVERED,CENTRAL,False,False
1533,125,2025-08-10 21:53:11,DELIVERED,EAST,False,False
1534,132,2026-06-04 14:13:07,PLACED,WEST,False,False
1535,253,2025-10-18 17:38:25,DELIVERED,EAST,False,False
1536,488,2025-11-10 08:21:15,DELIVERED,EAST,False,False
1537,131,2025-05-20 15:00:21,DELIVERED,CENTRAL,False,False
1538,256,2026-05-29 17:38:38,CANCELLED,EAST,False,False
1539,98,2025-01-15 11:05:32,DELIVERED,NORTH,False,False
1540,474,2025-07-17 05:28:18,PLACED,WEST,False,False
1541,283,2025-12-16 02:47:34,CANCELLED,NORTH,False,False
1542,229,2025-10-20 07:26:10,DELIVERED,CENTRAL,False,False
1543,150,2025-10-09 03:47:40,DELIVERED,EAST,False,False
1544,550,2025-03-18 08:25:12,RETURNED,CENTRAL,False,False
1545,303,2025-03-28 20:00:17,DELIVERED,CENTRAL,False,False
1546,386,2024-06-15 22:54:14,DELIVERED,SOUTH,False,False
1547,,2026-03-15 15:47:48,PLACED,WEST,False,True
1548,152,2026-01-13 10:43:03,DELIVERED,CENTRAL,False,False
1549,322,2025-07-28 22:45:35,DELIVERED,SOUTH,False,False
1550,465,2024-12-15 16:09:27,DELIVERED,NORTH,False,False
1551,335,2025-12-23 22:40:50,SHIPPED,WEST,False,False
1552,445,2026-02-03 10:42:51,SHIPPED,CENTRAL,False,False
1553,36,2025-10-15 00:00:00,DELIVERED,CENTRAL,False,False
1554,524,2024-12-20 20:20:56,DELIVERED,NORTH,False,False
1555,105,2025-05-30 01:56:31,PLACED,EAST,False,False
1556,347,2025-11-14 17:20:00,DELIVERED,WEST,False,False
1557,64,2026-02-04 03:35:00,DELIVERED,CENTRAL,False,False
1558,213,2024-11-25 00:47:58,DELIVERED,EAST,False,False
1559,58,2024-07-06 15:10:51,PLACED,SOUTH,False,False
1560,44,2025-05-26 10:24:14,RETURNED,SOUTH,False,False
1561,331,2026-02-03 20:49:15,PLACED,EAST,False,False
1562,425,2024-07-31 08:09:20,SHIPPED,NORTH,False,False
1563,597,2025-11-23 17:53:15,DELIVERED,CENTRAL,False,False
1564,522,2025-02-09 01:02:36,DELIVERED,SOUTH,False,False
1565,289,2026-01-01 10:56:13,DELIVERED,SOUTH,False,False
1566,263,2025-10-20 01:36:32,CANCELLED,WEST,False,False
1567,293,2026-04-22 03:03:48,DELIVERED,CENTRAL,False,False
1568,210,2024-08-02 17:12:02,DELIVERED,NORTH,False,False
1569,211,2025-09-05 20:58:46,CANCELLED,SOUTH,False,False
1570,311,2024-08-22 10:58:09,DELIVERED,SOUTH,False,False
1571,259,2024-07-05 23:47:43,DELIVERED,SOUTH,False,False
1572,342,2026-01-23 15:00:13,DELIVERED,WEST,False,False
1573,170,2026-06-14 22:14:34,DELIVERED,EAST,False,False
1574,255,2024-11-12 15:00:06,CANCELLED,NORTH,False,False
1575,12,2024-05-30 00:21:12,DELIVERED,WEST,False,False
1576,164,2025-12-22 17:53:23,SHIPPED,SOUTH,False,False
1577,382,2026-03-09 13:02:40,DELIVERED,EAST,False,False
1578,123,2025-07-12 03:07:20,DELIVERED,SOUTH,False,False
1579,32,2026-06-09 05:23:13,SHIPPED,NORTH,False,False
1580,241,2025-07-28 07:11:39,DELIVERED,CENTRAL,False,False
1581,157,2026-02-06 00:00:00,DELIVERED,NORTH,False,False
1582,443,2026-03-01 16:17:26,SHIPPED,NORTH,False,False
1583,46,2025-08-09 05:50:14,DELIVERED,WEST,False,False
1584,,2025-07-26 11:29:40,RETURNED,SOUTH,False,True
1585,459,2024-08-06 13:01:42,CANCELLED,WEST,False,False
1586,501,2024-08-11 11:16:04,DELIVERED,NORTH,False,False
1587,468,2025-02-08 14:26:16,DELIVERED,EAST,False,False
1588,554,2025-11-19 17:11:03,DELIVERED,CENTRAL,False,False
1589,479,2025-08-27 07:18:32,SHIPPED,WEST,False,False
1590,418,2026-03-31 15:21:54,PLACED,EAST,False,False
1591,341,2026-05-24 18:26:15,DELIVERED,CENTRAL,False,False
1592,169,2025-11-14 12:53:03,DELIVERED,SOUTH,False,False
1593,554,2025-02-01 15:54:19,CANCELLED,CENTRAL,False,False
1594,211,2026-02-04 17:00:20,PLACED,WEST,False,False
1595,514,2024-11-07 06:30:55,DELIVERED,EAST,False,False
1596,169,2025-11-01 05:58:01,DELIVERED,EAST,False,False
1597,383,2026-02-02 13:11:43,DELIVERED,WEST,False,False
1598,360,2024-11-11 07:52:20,SHIPPED,WEST,False,False
1599,193,2024-11-13 11:06:27,DELIVERED,NORTH,False,False
1600,314,2026-02-19 21:14:46,DELIVERED,SOUTH,False,False
1601,99,2025-03-22 17:14:28,PLACED,NORTH,False,False
1602,213,2024-09-17 19:36:16,PLACED,WEST,False,False
1603,433,2026-02-15 00:57:33,PLACED,CENTRAL,False,False
1604,398,2025-09-13 21:59:08,DELIVERED,CENTRAL,False,False
1605,43,2024-07-17 00:00:00,DELIVERED,EAST,False,False
1606,485,2026-01-16 03:26:00,DELIVERED,NORTH,False,False
1607,360,2026-06-30 00:00:00,RETURNED,WEST,False,False
1608,500,2024-10-11 21:12:20,DELIVERED,CENTRAL,False,False
1609,252,2024-10-23 00:47:01,DELIVERED,EAST,False,False
1610,,2025-09-23 06:41:14,DELIVERED,WEST,False,True
1611,421,2024-12-15 10:30:29,DELIVERED,NORTH,False,False
1612,456,2025-03-07 12:51:58,DELIVERED,CENTRAL,False,False
1613,549,2024-08-13 16:13:20,DELIVERED,NORTH,False,False
1614,503,2026-05-01 00:00:00,DELIVERED,SOUTH,False,False
1615,340,2025-01-25 11:13:12,RETURNED,NORTH,False,False
1616,498,2026-01-21 15:43:39,DELIVERED,SOUTH,False,False
1617,45,2025-05-12 01:48:00,DELIVERED,CENTRAL,False,False
1618,235,2024-11-26 08:07:54,SHIPPED,SOUTH,False,False
1619,,2026-07-09 00:00:00,DELIVERED,WEST,False,True
1620,538,2025-12-23 02:46:58,DELIVERED,NORTH,False,False
1621,35,2026-03-16 22:48:58,PLACED,NORTH,False,False
1622,367,2025-06-11 20:20:40,RETURNED,SOUTH,False,False
1623,166,2025-03-16 04:03:45,DELIVERED,WEST,False,False
1624,560,2025-07-12 13:35:59,DELIVERED,SOUTH,False,False
1625,119,2025-05-25 18:50:38,SHIPPED,EAST,False,False
1626,,2024-08-31 04:44:16,DELIVERED,NORTH,False,True
1627,273,2024-06-12 18:13:52,DELIVERED,SOUTH,False,False
1628,250,2025-04-26 18:07:59,SHIPPED,WEST,False,False
1629,220,2026-01-22 12:22:37,DELIVERED,CENTRAL,False,False
1630,73,2024-12-13 05:14:49,CANCELLED,SOUTH,False,False
1631,70,2024-09-19 18:21:17,DELIVERED,SOUTH,False,False
1632,424,2025-12-12 21:59:33,RETURNED,EAST,False,False
1633,,2025-10-09 20:38:34,DELIVERED,NORTH,False,True
1634,383,2025-05-14 02:12:29,DELIVERED,SOUTH,False,False
1635,522,2025-01-29 08:00:52,SHIPPED,CENTRAL,False,False
1636,77,2024-07-17 00:33:28,DELIVERED,CENTRAL,False,False
1637,150,2024-07-31 01:23:23,DELIVERED,WEST,False,False
1638,350,2025-10-20 02:42:56,RETURNED,WEST,False,False
1639,396,2024-12-29 05:41:50,DELIVERED,NORTH,False,False
1640,351,2024-09-04 18:21:48,DELIVERED,EAST,False,False
1641,296,2025-05-18 22:34:26,DELIVERED,EAST,False,False
1642,580,2025-09-17 21:28:03,SHIPPED,EAST,False,False
1643,422,2026-03-19 10:12:10,DELIVERED,SOUTH,False,False
1644,143,2025-08-31 06:58:03,SHIPPED,EAST,False,False
1645,567,2026-05-18 18:20:58,DELIVERED,SOUTH,False,False
1646,299,2025-04-14 14:18:46,DELIVERED,EAST,False,False
1647,509,2026-01-28 09:02:00,DELIVERED,EAST,False,False
1648,471,2025-01-12 07:56:51,DELIVERED,NORTH,False,False
1649,386,2026-01-30 15:07:14,PLACED,SOUTH,False,False
1650,261,2026-05-06 10:42:09,RETURNED,CENTRAL,False,False
1651,284,2026-03-14 05:07:21,SHIPPED,NORTH,False,False
1652,502,2026-06-09 00:17:31,DELIVERED,EAST,False,False
1653,186,2024-08-22 15:59:14,PLACED,NORTH,False,False
1654,562,2024-12-13 22:38:26,DELIVERED,WEST,False,False
1655,581,2024-11-19 02:29:15,DELIVERED,CENTRAL,False,False
1656,292,2025-05-23 01:13:40,SHIPPED,CENTRAL,False,False
1657,274,2025-11-30 00:00:00,CANCELLED,SOUTH,False,False
1658,599,2025-05-06 13:26:01,SHIPPED,WEST,False,False
1659,18,2024-10-18 15:21:10,DELIVERED,CENTRAL,False,False
1660,277,2024-12-09 12:03:20,PLACED,WEST,False,False
1661,471,2025-02-23 14:09:21,RETURNED,EAST,False,False
1662,245,2026-04-06 01:10:53,DELIVERED,CENTRAL,False,False
1663,457,2024-11-01 21:56:18,CANCELLED,WEST,False,False
1664,454,2026-01-17 00:00:00,CANCELLED,WEST,False,False
1665,279,2026-07-02 13:11:14,DELIVERED,CENTRAL,False,False
1666,22,2026-01-22 13:59:06,CANCELLED,CENTRAL,False,False
1667,148,2026-01-06 16:20:40,SHIPPED,WEST,False,False
1668,322,2025-07-29 20:44:45,SHIPPED,EAST,False,False
1669,389,2026-05-29 16:10:14,RETURNED,CENTRAL,False,False
1670,67,2024-07-02 23:43:11,DELIVERED,EAST,False,False
1671,21,2026-04-21 19:00:52,RETURNED,NORTH,False,False
1672,357,2025-12-20 11:38:34,RETURNED,EAST,False,False
1673,173,2025-03-30 00:40:50,CANCELLED,WEST,False,False
1674,235,2025-01-31 14:45:57,PLACED,CENTRAL,False,False
1675,82,2025-06-30 08:30:26,DELIVERED,EAST,False,False
1676,447,2025-03-14 23:19:51,SHIPPED,EAST,False,False
1677,69,2024-10-20 08:06:41,DELIVERED,CENTRAL,False,False
1678,181,2026-05-30 12:07:46,RETURNED,SOUTH,False,False
1679,201,2024-09-26 16:32:16,PLACED,NORTH,False,False
1680,184,2026-05-18 12:38:02,DELIVERED,EAST,False,False
1681,157,2025-03-16 04:39:32,SHIPPED,NORTH,False,False
1682,176,2024-07-01 04:25:17,DELIVERED,NORTH,False,False
1683,,2025-01-27 04:43:26,CANCELLED,SOUTH,False,True
1684,377,2025-08-06 20:12:11,DELIVERED,WEST,False,False
1685,113,2025-02-05 19:02:15,DELIVERED,NORTH,False,False
1686,387,2025-08-19 03:41:06,DELIVERED,WEST,False,False
1687,405,2026-02-16 10:25:33,CANCELLED,WEST,False,False
1688,533,2026-02-18 10:53:57,DELIVERED,CENTRAL,False,False
1689,171,2026-07-15 07:09:42,SHIPPED,NORTH,False,False
1690,377,2024-11-25 11:30:05,DELIVERED,WEST,False,False
1691,307,2025-09-30 15:05:39,DELIVERED,NORTH,False,False
1692,151,2025-01-02 05:48:13,DELIVERED,EAST,False,False
1693,,2025-05-17 17:50:18,RETURNED,EAST,False,True
1694,478,2025-12-28 05:01:34,CANCELLED,WEST,False,False
1695,53,2025-01-11 02:01:48,CANCELLED,NORTH,False,False
1696,55,2026-01-20 11:53:01,CANCELLED,WEST,False,False
1697,302,2026-06-10 03:52:45,PLACED,WEST,False,False
1698,340,2025-02-11 18:53:34,PLACED,NORTH,False,False
1699,576,2024-07-07 08:16:04,DELIVERED,CENTRAL,False,False
1700,460,2026-05-15 00:53:28,DELIVERED,EAST,False,False
1701,53,2024-12-07 12:52:29,CANCELLED,WEST,False,False
1702,,2024-09-11 12:43:20,RETURNED,SOUTH,False,True
1703,387,2026-04-13 07:13:25,DELIVERED,EAST,False,False
1704,202,2026-01-16 00:00:00,DELIVERED,SOUTH,False,False
1705,,2024-12-22 12:26:16,SHIPPED,CENTRAL,False,True
1706,156,2025-06-30 00:00:00,RETURNED,SOUTH,False,False
1707,68,2024-07-27 04:38:49,DELIVERED,WEST,False,False
1708,225,2025-02-11 06:09:43,RETURNED,WEST,False,False
1709,471,2025-11-13 10:09:59,DELIVERED,EAST,False,False
1710,265,2025-10-25 13:39:22,DELIVERED,EAST,False,False
1711,533,2025-06-15 01:19:04,SHIPPED,NORTH,False,False
1712,279,2025-09-08 22:01:21,DELIVERED,WEST,False,False
1713,308,2025-07-04 05:36:01,SHIPPED,SOUTH,False,False
1714,225,2025-06-20 09:37:31,DELIVERED,SOUTH,False,False
1715,556,2026-03-02 00:31:17,DELIVERED,WEST,False,False
1716,307,2025-02-06 08:24:22,DELIVERED,NORTH,False,False
1717,59,2026-04-01 08:22:48,SHIPPED,WEST,False,False
1718,342,2024-11-29 15:47:59,DELIVERED,WEST,False,False
1719,504,2026-02-04 16:48:01,DELIVERED,WEST,False,False
1720,241,2025-02-10 03:42:35,DELIVERED,CENTRAL,False,False
1721,386,2024-11-02 08:52:14,PLACED,NORTH,False,False
1722,439,2024-10-20 09:45:15,RETURNED,SOUTH,False,False
1723,3,2024-07-19 18:34:16,SHIPPED,EAST,False,False
1724,366,2024-10-12 22:59:21,PLACED,EAST,False,False
1725,40,2024-10-04 00:00:00,RETURNED,CENTRAL,False,False
1726,197,2026-01-27 04:28:19,CANCELLED,WEST,False,False
1727,299,2024-09-18 08:32:50,CANCELLED,EAST,False,False
1728,474,2025-07-07 20:50:23,SHIPPED,CENTRAL,False,False
1729,230,2024-07-18 18:18:15,DELIVERED,EAST,False,False
1730,485,2025-12-08 07:14:27,RETURNED,EAST,False,False
1731,411,2025-05-30 06:05:54,DELIVERED,EAST,False,False
1732,216,2025-01-16 00:43:03,DELIVERED,NORTH,False,False
1733,121,2026-04-27 08:57:28,SHIPPED,NORTH,False,False
1734,341,2025-06-05 16:02:15,DELIVERED,WEST,False,False
1735,566,2025-09-11 23:43:56,RETURNED,SOUTH,False,False
1736,35,2026-01-27 00:00:00,SHIPPED,NORTH,False,False
1737,259,2026-07-12 00:30:13,DELIVERED,WEST,False,False
1738,332,2025-10-19 20:01:13,DELIVERED,WEST,False,False
1739,581,2025-03-11 18:35:46,PLACED,SOUTH,False,False
1740,426,2025-10-31 17:09:42,SHIPPED,SOUTH,False,False
1741,508,2025-04-09 00:00:00,DELIVERED,WEST,False,False
1742,10,2025-11-13 18:35:13,CANCELLED,EAST,False,False
1743,108,2026-07-17 09:30:02,SHIPPED,SOUTH,False,False
1744,518,2026-01-26 21:59:09,CANCELLED,CENTRAL,False,False
1745,202,2024-07-30 05:52:45,DELIVERED,CENTRAL,False,False
1746,552,2026-05-09 00:00:00,PLACED,EAST,False,False
1747,65,2026-03-09 04:01:31,RETURNED,CENTRAL,False,False
1748,323,2025-05-11 06:17:50,DELIVERED,EAST,False,False
1749,40,2025-06-28 19:05:50,DELIVERED,NORTH,False,False
1750,42,2026-04-27 21:15:05,SHIPPED,NORTH,False,False
1751,78,2025-07-29 01:50:28,DELIVERED,CENTRAL,False,False
1752,17,2025-09-17 16:07:01,DELIVERED,NORTH,False,False
1753,595,2025-08-19 16:54:25,DELIVERED,SOUTH,False,False
1754,399,2025-10-22 00:00:00,SHIPPED,SOUTH,False,False
1755,440,2025-06-15 12:29:38,RETURNED,NORTH,False,False
1756,265,2025-08-27 02:21:13,DELIVERED,WEST,False,False
1757,437,2025-02-08 14:54:25,DELIVERED,EAST,False,False
1758,556,2024-09-13 13:12:43,PLACED,SOUTH,False,False
1759,4,2024-09-09 11:59:50,DELIVERED,EAST,False,False
1760,117,2025-11-05 08:01:28,SHIPPED,CENTRAL,False,False
1761,126,2025-08-05 07:47:49,DELIVERED,EAST,False,False
1762,362,2025-03-20 01:37:17,DELIVERED,EAST,False,False
1763,89,2025-02-06 02:41:21,SHIPPED,SOUTH,False,False
1764,548,2025-11-26 20:29:32,PLACED,WEST,False,False
1765,443,2026-02-14 04:46:25,SHIPPED,SOUTH,False,False
1766,496,2024-09-10 22:14:01,RETURNED,SOUTH,False,False
1767,507,2026-05-11 06:00:14,DELIVERED,EAST,False,False
1768,,2025-03-18 00:00:00,PLACED,EAST,False,True
1769,382,2026-03-06 12:13:06,DELIVERED,NORTH,False,False
1770,475,2024-10-26 02:17:42,DELIVERED,CENTRAL,False,False
1771,140,2025-11-10 06:20:27,SHIPPED,NORTH,False,False
1772,325,2026-03-22 05:01:55,DELIVERED,NORTH,False,False
1773,308,2024-12-28 16:43:41,DELIVERED,WEST,False,False
1774,288,2026-03-01 01:35:07,RETURNED,CENTRAL,False,False
1775,511,2025-09-07 18:06:17,DELIVERED,NORTH,False,False
1776,336,2024-10-21 14:08:02,CANCELLED,CENTRAL,False,False
1777,103,2024-10-24 19:43:11,RETURNED,EAST,False,False
1778,127,2025-04-24 19:30:28,DELIVERED,NORTH,False,False
1779,284,2024-09-30 18:03:25,CANCELLED,CENTRAL,False,False
1780,560,2025-09-04 05:19:16,SHIPPED,WEST,False,False
1781,42,2026-03-13 17:06:58,PLACED,EAST,False,False
1782,54,2024-10-23 00:00:00,RETURNED,CENTRAL,False,False
1783,,2025-12-11 23:50:06,DELIVERED,NORTH,False,True
1784,575,2025-06-18 14:17:37,PLACED,SOUTH,False,False
1785,583,2024-11-07 08:41:45,DELIVERED,NORTH,False,False
1786,130,2025-06-04 15:09:02,RETURNED,NORTH,False,False
1787,280,2025-03-17 08:22:08,DELIVERED,SOUTH,False,False
1788,217,2026-01-23 10:08:07,SHIPPED,CENTRAL,False,False
1789,140,2026-02-28 07:26:08,RETURNED,EAST,False,False
1790,128,2025-06-30 00:00:00,DELIVERED,WEST,False,False
1791,118,2025-03-22 23:08:43,DELIVERED,SOUTH,False,False
1792,595,2025-06-20 11:11:44,SHIPPED,NORTH,False,False
1793,256,2024-09-19 03:46:59,DELIVERED,SOUTH,False,False
1794,284,2024-06-03 09:03:00,DELIVERED,NORTH,False,False
1795,15,2025-11-11 06:42:39,SHIPPED,SOUTH,False,False
1796,127,2025-10-17 01:02:21,RETURNED,WEST,False,False
1797,282,2025-04-08 02:17:20,CANCELLED,SOUTH,False,False
1798,362,2025-06-11 03:03:57,DELIVERED,EAST,False,False
1799,,2026-05-20 03:36:31,SHIPPED,NORTH,False,True
1800,537,2026-03-03 04:49:52,SHIPPED,EAST,False,False
1801,287,2024-06-20 09:17:38,DELIVERED,CENTRAL,False,False
1802,466,2025-05-13 11:05:48,DELIVERED,EAST,False,False
1803,400,2026-06-15 00:00:00,SHIPPED,SOUTH,False,False
1804,241,2026-01-17 10:14:35,SHIPPED,CENTRAL,False,False
1805,149,2025-12-27 01:41:47,DELIVERED,NORTH,False,False
1806,529,2026-02-16 03:34:35,PLACED,CENTRAL,False,False
1807,110,2025-08-12 08:02:43,DELIVERED,SOUTH,False,False
1808,570,2025-03-10 00:00:00,DELIVERED,CENTRAL,False,False
1809,21,2026-03-13 00:31:31,DELIVERED,NORTH,False,False
1810,192,2025-09-17 21:06:37,DELIVERED,WEST,False,False
1811,279,2026-02-13 09:55:08,DELIVERED,CENTRAL,False,False
1812,366,2026-06-02 00:00:35,DELIVERED,SOUTH,False,False
1813,345,2025-06-08 15:21:44,DELIVERED,WEST,False,False
1814,,2024-09-25 11:29:14,SHIPPED,SOUTH,False,True
1815,45,2026-03-01 13:53:25,DELIVERED,NORTH,False,False
1816,562,2024-12-26 20:03:17,SHIPPED,SOUTH,False,False
1817,,2024-06-17 04:07:35,RETURNED,WEST,False,True
1818,288,2026-04-28 19:08:04,CANCELLED,NORTH,False,False
1819,243,2024-10-22 06:18:40,CANCELLED,CENTRAL,False,False
1820,,2025-08-03 10:20:49,DELIVERED,NORTH,False,True
1821,502,2025-05-01 02:25:52,DELIVERED,EAST,False,False
1822,516,2025-08-04 08:17:11,PLACED,EAST,False,False
1823,464,2025-02-09 05:20:15,PLACED,NORTH,False,False
1824,,2025-07-31 14:21:34,SHIPPED,SOUTH,False,True
1825,47,2025-03-30 06:02:34,CANCELLED,SOUTH,False,False
1826,472,2026-04-28 00:00:00,SHIPPED,SOUTH,False,False
1827,210,2025-09-07 09:39:37,CANCELLED,WEST,False,False
1828,65,2025-02-01 02:31:02,DELIVERED,NORTH,False,False
1829,36,2026-03-14 00:01:55,SHIPPED,SOUTH,False,False
1830,158,2026-04-05 03:45:02,SHIPPED,SOUTH,False,False
1831,533,2025-10-24 17:07:45,CANCELLED,SOUTH,False,False
1832,546,2025-04-29 21:41:15,RETURNED,WEST,False,False
1833,456,2025-07-08 06:01:40,DELIVERED,NORTH,False,False
1834,303,2026-05-22 03:32:58,RETURNED,CENTRAL,False,False
1835,130,2025-05-21 21:14:48,DELIVERED,CENTRAL,False,False
1836,116,2026-02-02 00:01:01,RETURNED,CENTRAL,False,False
1837,139,2025-03-05 07:09:13,DELIVERED,SOUTH,False,False
1838,247,2024-09-22 05:22:02,SHIPPED,CENTRAL,False,False
1839,538,2025-07-07 08:45:36,DELIVERED,CENTRAL,False,False
1840,,2026-06-30 23:28:36,CANCELLED,SOUTH,False,True
1841,226,2024-10-15 20:26:35,DELIVERED,CENTRAL,False,False
1842,433,2024-10-01 12:27:54,DELIVERED,EAST,False,False
1843,283,2025-11-05 13:40:42,PLACED,NORTH,False,False
1844,25,2024-07-16 03:26:00,PLACED,SOUTH,False,False
1845,600,2025-03-21 19:26:50,DELIVERED,NORTH,False,False
1846,552,2024-08-26 00:00:00,DELIVERED,CENTRAL,False,False
1847,154,2025-09-27 23:40:14,DELIVERED,NORTH,False,False
1848,517,2025-08-26 19:41:29,DELIVERED,NORTH,False,False
1849,152,2026-06-09 15:35:05,DELIVERED,CENTRAL,False,False
1850,79,2025-08-21 21:51:02,DELIVERED,NORTH,False,False
1851,,2026-04-05 06:24:53,DELIVERED,NORTH,False,True
1852,3,2025-06-15 13:06:37,DELIVERED,EAST,False,False
1853,529,2025-01-17 22:51:43,DELIVERED,CENTRAL,False,False
1854,423,2025-07-22 12:18:21,DELIVERED,EAST,False,False
1855,51,2025-02-18 10:50:43,DELIVERED,WEST,False,False
1856,566,2026-05-29 18:15:58,PLACED,SOUTH,False,False
1857,572,2025-12-02 14:13:57,DELIVERED,NORTH,False,False
1858,539,2024-09-07 05:16:32,PLACED,NORTH,False,False
1859,402,2024-12-09 00:54:52,CANCELLED,CENTRAL,False,False
1860,268,2025-07-05 19:36:15,RETURNED,SOUTH,False,False
1861,486,2025-06-20 19:57:52,DELIVERED,WEST,False,False
1862,193,2024-09-06 16:16:44,DELIVERED,SOUTH,False,False
1863,68,2026-02-10 12:09:43,DELIVERED,EAST,False,False
1864,535,2025-09-19 00:00:00,DELIVERED,SOUTH,False,False
1865,430,2024-12-18 17:46:46,DELIVERED,CENTRAL,False,False
1866,107,2025-06-25 05:38:45,PLACED,NORTH,False,False
1867,299,2026-01-25 15:48:42,SHIPPED,EAST,False,False
1868,44,2025-05-20 20:41:10,DELIVERED,EAST,False,False
1869,192,2024-07-05 03:20:54,DELIVERED,WEST,False,False
1870,422,2025-08-24 10:22:54,DELIVERED,CENTRAL,False,False
1871,24,2024-11-15 06:30:59,DELIVERED,CENTRAL,False,False
1872,532,2025-07-31 20:53:37,DELIVERED,SOUTH,False,False
1873,64,2025-11-09 01:28:19,PLACED,NORTH,False,False
1874,299,2025-04-30 18:02:23,SHIPPED,EAST,False,False
1875,539,2025-10-01 10:48:10,CANCELLED,NORTH,False,False
1876,228,2024-11-04 17:23:05,PLACED,CENTRAL,False,False
1877,478,2024-12-08 06:48:29,DELIVERED,CENTRAL,False,False
1878,247,2025-04-02 13:36:28,DELIVERED,SOUTH,False,False
1879,331,2024-07-29 21:53:50,CANCELLED,NORTH,False,False
1880,86,2026-07-10 13:03:55,DELIVERED,EAST,False,False
1881,98,2026-07-16 18:50:02,CANCELLED,CENTRAL,False,False
1882,538,2024-06-15 13:52:43,RETURNED,SOUTH,False,False
1883,31,2025-10-31 18:21:45,DELIVERED,NORTH,False,False
1884,537,2025-06-13 15:21:51,DELIVERED,EAST,False,False
1885,510,2025-08-13 15:12:28,CANCELLED,CENTRAL,False,False
1886,426,2025-04-26 23:22:45,DELIVERED,CENTRAL,False,False
1887,138,2024-09-25 10:52:42,DELIVERED,NORTH,False,False
1888,539,2025-08-18 14:01:39,SHIPPED,EAST,False,False
1889,407,2025-11-13 18:06:48,CANCELLED,CENTRAL,False,False
1890,418,2025-01-29 22:39:56,RETURNED,CENTRAL,False,False
1891,152,2026-05-01 01:22:58,DELIVERED,EAST,False,False
1892,95,2024-07-25 16:10:47,DELIVERED,EAST,False,False
1893,549,2024-08-04 13:41:30,CANCELLED,NORTH,False,False
1894,346,2026-02-03 09:10:48,DELIVERED,NORTH,False,False
1895,99,2024-12-16 01:30:24,DELIVERED,NORTH,False,False
1896,198,2024-08-24 00:59:38,DELIVERED,SOUTH,False,False
1897,408,2024-10-14 07:02:08,CANCELLED,NORTH,False,False
1898,467,2025-04-25 15:45:06,PLACED,SOUTH,False,False
1899,261,2025-12-03 17:00:42,PLACED,WEST,False,False
1900,188,2024-11-14 23:22:36,DELIVERED,WEST,False,False
1901,575,2025-01-06 12:21:23,DELIVERED,CENTRAL,False,False
1902,298,2024-07-31 16:03:10,SHIPPED,EAST,False,False
1903,6,2026-04-25 01:23:59,DELIVERED,EAST,False,False
1904,489,2024-12-28 00:54:45,DELIVERED,SOUTH,False,False
1905,384,2024-12-08 20:10:03,PLACED,EAST,False,False
1906,19,2024-08-11 18:36:09,DELIVERED,CENTRAL,False,False
1907,67,2025-08-16 22:04:10,DELIVERED,NORTH,False,False
1908,464,2025-02-11 06:03:15,DELIVERED,CENTRAL,False,False
1909,431,2026-01-03 21:22:28,CANCELLED,EAST,False,False
1910,468,2025-09-01 02:48:36,SHIPPED,EAST,False,False
1911,583,2025-10-25 00:00:00,DELIVERED,EAST,False,False
1912,513,2025-03-28 01:39:29,RETURNED,SOUTH,False,False
1913,229,2025-01-04 11:45:20,DELIVERED,WEST,False,False
1914,574,2024-08-23 02:04:03,DELIVERED,NORTH,False,False
1915,485,2024-11-28 20:47:43,DELIVERED,WEST,False,False
1916,32,2025-02-24 04:00:25,DELIVERED,EAST,False,False
1917,234,2025-05-07 09:00:31,DELIVERED,CENTRAL,False,False
1918,250,2024-12-31 04:30:50,DELIVERED,CENTRAL,False,False
1919,292,2025-11-16 10:42:33,RETURNED,NORTH,False,False
1920,580,2025-11-11 06:04:03,PLACED,SOUTH,False,False
1921,368,2025-01-12 18:06:05,DELIVERED,EAST,False,False
1922,564,2026-01-07 15:54:04,DELIVERED,NORTH,False,False
1923,,2026-06-17 15:37:05,CANCELLED,NORTH,False,True
1924,150,2025-09-29 07:23:07,DELIVERED,NORTH,False,False
1925,197,2026-02-08 07:30:47,DELIVERED,SOUTH,False,False
1926,319,2025-07-26 09:13:15,DELIVERED,NORTH,False,False
1927,169,2025-05-12 13:26:01,PLACED,CENTRAL,False,False
1928,401,2026-01-24 17:38:41,PLACED,NORTH,False,False
1929,397,2024-09-23 14:19:05,PLACED,SOUTH,False,False
1930,343,2024-07-08 14:09:43,PLACED,NORTH,False,False
1931,58,2025-08-06 19:05:08,PLACED,CENTRAL,False,False
1932,330,2026-02-22 11:33:07,DELIVERED,CENTRAL,False,False
1933,597,2026-02-27 16:13:20,DELIVERED,NORTH,False,False
1934,226,2025-07-23 14:51:35,PLACED,WEST,False,False
1935,289,2024-08-28 09:10:55,DELIVERED,WEST,False,False
1936,413,2026-02-28 11:16:44,DELIVERED,CENTRAL,False,False
1937,20,2024-10-20 00:36:01,DELIVERED,WEST,False,False
1938,486,2024-08-12 02:12:09,RETURNED,CENTRAL,False,False
1939,69,2025-07-13 09:42:08,PLACED,CENTRAL,False,False
1940,270,2025-03-29 08:08:18,SHIPPED,WEST,False,False
1941,136,2025-09-30 02:13:50,DELIVERED,SOUTH,False,False
1942,411,2024-09-29 22:57:24,DELIVERED,SOUTH,False,False
1943,169,2024-09-29 02:13:06,DELIVERED,NORTH,False,False
1944,225,2025-06-03 16:16:32,CANCELLED,EAST,False,False
1945,508,2025-11-16 21:14:08,DELIVERED,SOUTH,False,False
1946,77,2025-09-02 00:00:00,DELIVERED,CENTRAL,False,False
1947,173,2025-10-13 19:09:28,PLACED,WEST,False,False
1948,45,2024-10-23 19:49:15,DELIVERED,EAST,False,False
1949,243,2025-06-22 13:22:14,CANCELLED,WEST,False,False
1950,111,2026-05-19 13:32:13,DELIVERED,WEST,False,False
1951,175,2024-09-23 18:51:36,PLACED,SOUTH,False,False
1952,504,2025-03-09 08:04:01,SHIPPED,SOUTH,False,False
1953,430,2025-11-09 09:14:49,DELIVERED,WEST,False,False
1954,449,2026-03-22 19:11:43,CANCELLED,SOUTH,False,False
1955,553,2024-11-24 14:58:07,CANCELLED,SOUTH,False,False
1956,327,2025-11-06 19:07:25,SHIPPED,WEST,False,False
1957,24,2026-03-26 22:41:30,DELIVERED,NORTH,False,False
1958,63,2026-07-10 05:32:04,SHIPPED,WEST,False,False
1959,151,2024-06-23 00:27:31,DELIVERED,NORTH,False,False
1960,148,2025-02-19 13:06:54,SHIPPED,EAST,False,False
1961,164,2026-01-31 00:00:00,DELIVERED,EAST,False,False
1962,344,2026-04-24 19:53:37,RETURNED,EAST,False,False
1963,154,2025-02-24 15:11:45,PLACED,CENTRAL,False,False
1964,582,2026-05-09 11:58:08,DELIVERED,NORTH,False,False
1965,548,2025-07-21 03:03:26,SHIPPED,CENTRAL,False,False
1966,296,2024-06-24 02:43:21,RETURNED,SOUTH,False,False
1967,39,2024-07-21 16:17:41,RETURNED,SOUTH,False,False
1968,556,2025-06-23 13:25:54,DELIVERED,EAST,False,False
1969,306,2025-11-05 15:08:59,CANCELLED,CENTRAL,False,False
1970,68,2025-08-13 12:06:15,DELIVERED,CENTRAL,False,False
1971,37,2026-04-15 16:47:31,PLACED,SOUTH,False,False
1972,558,2026-01-26 14:45:10,DELIVERED,CENTRAL,False,False
1973,,2026-05-02 04:01:14,DELIVERED,NORTH,False,True
1974,66,2026-05-16 18:27:41,DELIVERED,CENTRAL,False,False
1975,555,2026-04-08 00:34:43,DELIVERED,SOUTH,False,False
1976,133,2025-03-30 17:08:08,DELIVERED,NORTH,False,False
1977,545,2024-05-31 00:24:22,DELIVERED,SOUTH,False,False
1978,244,2025-07-22 09:14:46,CANCELLED,EAST,False,False
1979,400,2025-10-27 00:00:00,DELIVERED,CENTRAL,False,False
1980,128,2025-02-27 06:17:45,DELIVERED,EAST,False,False
1981,275,2026-01-30 18:33:55,DELIVERED,WEST,False,False
1982,362,2025-08-29 23:13:27,SHIPPED,SOUTH,False,False
1983,137,2025-07-22 06:27:34,DELIVERED,SOUTH,False,False
1984,200,2024-11-06 03:56:38,DELIVERED,SOUTH,False,False
1985,336,2025-11-05 21:22:31,DELIVERED,WEST,False,False
1986,352,2025-02-20 23:18:01,DELIVERED,CENTRAL,False,False
1987,228,2025-12-25 20:32:03,SHIPPED,CENTRAL,False,False
1988,401,2024-07-08 20:38:48,RETURNED,WEST,False,False
1989,396,2025-10-15 21:37:37,PLACED,EAST,False,False
1990,295,2025-05-13 07:01:55,PLACED,EAST,False,False
1991,123,2024-09-22 17:55:14,RETURNED,NORTH,False,False
1992,496,2025-04-04 08:46:07,DELIVERED,EAST,False,False
1993,276,2024-10-10 14:41:29,CANCELLED,SOUTH,False,False
1994,91,2026-05-04 18:17:40,SHIPPED,EAST,False,False
1995,222,2025-12-19 17:34:28,DELIVERED,SOUTH,False,False
1996,488,2024-10-28 06:30:39,SHIPPED,WEST,False,False
1997,,2025-07-16 20:02:34,RETURNED,SOUTH,False,True
1998,112,2024-10-12 08:42:14,PLACED,EAST,False,False
1999,393,2024-12-05 13:00:01,DELIVERED,CENTRAL,False,False
2000,62,2024-12-20 11:41:09,DELIVERED,NORTH,False,False
2001,133,2025-11-22 02:10:16,DELIVERED,SOUTH,False,False
2002,571,2026-03-26 02:39:17,DELIVERED,EAST,False,False
2003,598,2026-04-28 17:00:05,DELIVERED,EAST,False,False
2004,172,2025-11-05 21:28:18,DELIVERED,EAST,False,False
2005,348,2026-03-16 11:58:52,RETURNED,EAST,False,False
2006,295,2024-12-16 05:37:21,DELIVERED,CENTRAL,False,False
2007,85,2026-03-26 00:59:45,RETURNED,NORTH,False,False
2008,7,2024-08-04 14:29:36,SHIPPED,EAST,False,False
2009,236,2025-05-25 12:55:34,PLACED,SOUTH,False,False
2010,119,2025-10-05 00:40:08,PLACED,NORTH,False,False
2011,,2025-04-12 01:04:26,DELIVERED,WEST,False,True
2012,187,2025-08-14 00:54:45,DELIVERED,CENTRAL,False,False
2013,393,2026-07-01 03:59:24,SHIPPED,SOUTH,False,False
2014,452,2025-08-27 15:27:39,DELIVERED,SOUTH,False,False
2015,133,2025-02-14 12:38:33,RETURNED,EAST,False,False
2016,72,2025-02-22 13:12:23,DELIVERED,NORTH,False,False
2017,195,2024-12-12 04:38:04,SHIPPED,SOUTH,False,False
2018,8,2024-10-20 20:31:50,PLACED,NORTH,False,False
2019,533,2025-07-11 14:37:19,DELIVERED,SOUTH,False,False
2020,475,2025-02-10 09:51:02,DELIVERED,WEST,False,False
2021,90,2025-02-28 20:50:40,DELIVERED,EAST,False,False
2022,329,2025-12-15 04:36:27,DELIVERED,EAST,False,False
2023,389,2024-07-19 18:54:44,DELIVERED,CENTRAL,False,False
2024,465,2025-06-08 12:26:50,DELIVERED,WEST,False,False
2025,187,2024-12-03 20:35:18,DELIVERED,SOUTH,False,False
2026,221,2025-05-02 12:24:35,RETURNED,CENTRAL,False,False
2027,30,2025-02-22 00:54:05,SHIPPED,CENTRAL,False,False
2028,220,2025-02-19 22:31:18,RETURNED,WEST,False,False
2029,600,2025-09-13 00:03:40,SHIPPED,CENTRAL,False,False
2030,171,2025-12-15 23:25:53,DELIVERED,SOUTH,False,False
2031,554,2025-09-20 13:21:43,DELIVERED,NORTH,False,False
2032,475,2026-07-05 00:10:01,SHIPPED,WEST,False,False
2033,21,2025-07-09 12:11:57,CANCELLED,CENTRAL,False,False
2034,511,2024-11-26 22:38:54,SHIPPED,WEST,False,False
2035,597,2025-03-16 04:12:43,DELIVERED,WEST,False,False
2036,57,2026-05-27 19:21:23,DELIVERED,WEST,False,False
2037,220,2025-10-19 18:50:57,SHIPPED,CENTRAL,False,False
2038,532,2025-01-16 20:03:17,PLACED,NORTH,False,False
2039,374,2024-08-22 00:00:00,DELIVERED,SOUTH,False,False
2040,46,2026-06-28 13:12:24,DELIVERED,WEST,False,False
2041,519,2026-04-10 23:36:58,DELIVERED,SOUTH,False,False
2042,382,2025-12-06 03:30:20,SHIPPED,CENTRAL,False,False
2043,63,2024-07-31 19:37:48,SHIPPED,EAST,False,False
2044,242,2026-08-30 00:00:00,PLACED,CENTRAL,True,False
2045,588,2026-05-14 22:03:01,PLACED,SOUTH,False,False
2046,585,2024-10-22 08:30:51,PLACED,SOUTH,False,False
2047,172,2025-11-21 23:36:34,DELIVERED,NORTH,False,False
2048,490,2025-03-25 14:01:00,PLACED,SOUTH,False,False
2049,591,2026-05-30 06:28:19,PLACED,CENTRAL,False,False
2050,118,2024-08-13 05:05:47,DELIVERED,SOUTH,False,False
2051,162,2026-05-15 02:53:47,DELIVERED,SOUTH,False,False
2052,92,2026-01-14 07:41:34,DELIVERED,SOUTH,False,False
2053,43,2024-07-18 13:57:55,DELIVERED,EAST,False,False
2054,542,2025-06-20 07:13:59,SHIPPED,CENTRAL,False,False
2055,,2025-03-24 22:51:13,DELIVERED,EAST,False,True
2056,14,2026-05-07 08:25:36,DELIVERED,EAST,False,False
2057,107,2025-08-11 03:23:57,SHIPPED,NORTH,False,False
2058,572,2025-01-03 10:21:57,RETURNED,NORTH,False,False
2059,335,2025-01-18 05:10:49,DELIVERED,WEST,False,False
2060,199,2025-12-20 16:34:50,RETURNED,EAST,False,False
2061,68,2024-05-31 22:05:03,CANCELLED,SOUTH,False,False
2062,583,2024-12-15 03:45:59,DELIVERED,CENTRAL,False,False
2063,18,2025-05-20 12:38:23,RETURNED,NORTH,False,False
2064,196,2025-12-08 17:05:21,DELIVERED,CENTRAL,False,False
2065,315,2024-12-18 11:11:20,SHIPPED,NORTH,False,False
2066,77,2025-01-27 14:27:38,PLACED,WEST,False,False
2067,433,2025-02-05 14:04:39,DELIVERED,CENTRAL,False,False
2068,62,2024-09-02 13:34:41,DELIVERED,NORTH,False,False
2069,23,2024-12-17 22:17:21,SHIPPED,EAST,False,False
2070,110,2025-07-09 13:05:28,RETURNED,SOUTH,False,False
2071,8,2025-08-16 10:33:48,PLACED,NORTH,False,False
2072,372,2026-02-18 23:37:37,RETURNED,CENTRAL,False,False
2073,463,2025-09-20 20:44:26,DELIVERED,EAST,False,False
2074,357,2026-03-21 11:29:25,CANCELLED,SOUTH,False,False
2075,109,2025-06-24 01:40:11,DELIVERED,NORTH,False,False
2076,569,2024-11-30 02:21:27,DELIVERED,CENTRAL,False,False
2077,,2026-03-01 21:49:34,DELIVERED,NORTH,False,True
2078,283,2024-10-16 18:43:23,DELIVERED,WEST,False,False
2079,,2024-10-28 08:23:28,CANCELLED,EAST,False,True
2080,152,2024-11-14 01:18:10,RETURNED,NORTH,False,False
2081,201,2026-02-23 17:13:16,DELIVERED,SOUTH,False,False
2082,235,2024-08-12 06:03:10,CANCELLED,EAST,False,False
2083,544,2026-07-03 08:19:28,DELIVERED,WEST,False,False
2084,,2026-04-05 21:33:29,SHIPPED,CENTRAL,False,True
2085,364,2026-03-28 00:00:00,DELIVERED,WEST,False,False
2086,124,2025-10-30 11:34:32,SHIPPED,SOUTH,False,False
2087,161,2026-04-12 16:51:41,RETURNED,WEST,False,False
2088,448,2024-09-29 14:51:03,DELIVERED,NORTH,False,False
2089,142,2026-06-06 21:24:36,PLACED,NORTH,False,False
2090,413,2024-11-01 14:30:10,DELIVERED,EAST,False,False
2091,26,2024-11-26 22:40:18,PLACED,CENTRAL,False,False
2092,479,2025-06-25 23:02:44,PLACED,EAST,False,False
2093,557,2024-09-12 13:09:43,CANCELLED,CENTRAL,False,False
2094,277,2025-10-01 09:48:09,SHIPPED,NORTH,False,False
2095,,2026-07-18 13:48:12,PLACED,CENTRAL,False,True
2096,509,2026-02-02 14:40:30,DELIVERED,CENTRAL,False,False
2097,230,2025-04-03 14:43:21,DELIVERED,WEST,False,False
2098,425,2025-08-27 13:30:57,SHIPPED,WEST,False,False
2099,153,2025-08-18 07:16:26,RETURNED,WEST,False,False
2100,273,2025-02-24 14:28:33,DELIVERED,WEST,False,False
2101,528,2025-08-22 02:38:54,DELIVERED,NORTH,False,False
2102,457,2024-09-11 01:46:36,DELIVERED,EAST,False,False
2103,442,2025-01-01 19:25:10,PLACED,WEST,False,False
2104,472,2025-02-20 11:02:03,SHIPPED,WEST,False,False
2105,163,2024-07-11 14:38:32,DELIVERED,EAST,False,False
2106,559,2024-10-07 00:07:37,SHIPPED,CENTRAL,False,False
2107,517,2026-04-26 20:17:03,RETURNED,NORTH,False,False
2108,456,2025-08-23 00:00:00,RETURNED,CENTRAL,False,False
2109,73,2026-02-08 19:51:35,CANCELLED,EAST,False,False
2110,165,2026-05-01 01:21:38,RETURNED,EAST,False,False
2111,239,2026-04-14 01:34:18,RETURNED,EAST,False,False
2112,12,2024-09-02 20:52:57,CANCELLED,EAST,False,False
2113,429,2026-06-04 04:58:49,DELIVERED,SOUTH,False,False
2114,390,2025-09-07 08:14:41,DELIVERED,NORTH,False,False
2115,87,2026-07-15 05:34:57,DELIVERED,CENTRAL,False,False
2116,170,2026-03-18 20:16:27,DELIVERED,CENTRAL,False,False
2117,402,2026-06-10 04:54:31,DELIVERED,NORTH,False,False
2118,364,2024-11-29 04:09:07,DELIVERED,NORTH,False,False
2119,434,2026-03-24 13:17:36,PLACED,CENTRAL,False,False
2120,182,2025-05-13 04:11:52,DELIVERED,WEST,False,False
2121,472,2026-02-07 12:24:46,SHIPPED,NORTH,False,False
2122,432,2025-08-12 16:29:43,CANCELLED,WEST,False,False
2123,255,2026-03-27 21:46:17,PLACED,WEST,False,False
2124,156,2024-06-17 01:02:52,SHIPPED,EAST,False,False
2125,146,2025-12-03 08:39:40,DELIVERED,SOUTH,False,False
2126,417,2024-12-10 06:29:20,PLACED,CENTRAL,False,False
2127,228,2026-02-10 13:56:52,DELIVERED,CENTRAL,False,False
2128,43,2024-12-29 12:51:26,RETURNED,WEST,False,False
2129,540,2024-09-12 20:48:39,DELIVERED,CENTRAL,False,False
2130,92,2025-04-28 03:20:32,RETURNED,NORTH,False,False
2131,255,2025-02-07 14:13:06,RETURNED,SOUTH,False,False
2132,111,2026-06-07 01:23:56,DELIVERED,NORTH,False,False
2133,,2025-06-29 08:54:53,DELIVERED,CENTRAL,False,True
2134,341,2024-07-03 01:38:31,RETURNED,EAST,False,False
2135,286,2026-07-08 21:00:27,SHIPPED,NORTH,False,False
2136,440,2024-07-18 00:51:29,CANCELLED,EAST,False,False
2137,581,2024-09-05 03:30:21,DELIVERED,WEST,False,False
2138,67,2024-12-12 22:35:58,DELIVERED,CENTRAL,False,False
2139,560,2024-06-03 10:18:49,CANCELLED,WEST,False,False
2140,149,2024-09-30 16:25:42,DELIVERED,WEST,False,False
2141,108,2025-10-19 02:51:53,DELIVERED,WEST,False,False
2142,272,2025-06-20 18:29:23,DELIVERED,CENTRAL,False,False
2143,563,2026-01-12 02:45:53,DELIVERED,NORTH,False,False
2144,268,2024-08-14 14:03:25,SHIPPED,CENTRAL,False,False
2145,185,2026-06-11 04:03:40,RETURNED,SOUTH,False,False
2146,391,2024-08-07 02:38:56,DELIVERED,NORTH,False,False
2147,433,2024-09-03 02:34:24,SHIPPED,CENTRAL,False,False
2148,569,2025-04-16 18:47:46,DELIVERED,SOUTH,False,False
2149,129,2025-07-07 17:58:24,DELIVERED,CENTRAL,False,False
2150,,2024-07-07 11:36:42,DELIVERED,CENTRAL,False,True
2151,140,2025-06-22 16:47:38,SHIPPED,EAST,False,False
2152,385,2025-07-29 14:24:18,DELIVERED,CENTRAL,False,False
2153,442,2024-08-15 16:13:21,DELIVERED,WEST,False,False
2154,15,2025-09-24 17:18:16,DELIVERED,EAST,False,False
2155,454,2024-07-14 08:03:57,DELIVERED,EAST,False,False
2156,227,2024-07-13 21:08:49,DELIVERED,SOUTH,False,False
2157,379,2026-02-17 06:29:16,CANCELLED,SOUTH,False,False
2158,189,2025-11-03 17:54:09,DELIVERED,NORTH,False,False
2159,343,2025-11-20 00:00:00,SHIPPED,NORTH,False,False
2160,436,2025-03-16 02:05:57,SHIPPED,SOUTH,False,False
2161,463,2026-06-12 02:44:09,DELIVERED,WEST,False,False
2162,138,2024-09-11 14:19:44,DELIVERED,NORTH,False,False
2163,288,2024-11-01 05:05:24,PLACED,CENTRAL,False,False
2164,258,2026-01-23 02:49:11,RETURNED,NORTH,False,False
2165,,2026-06-06 05:49:24,DELIVERED,WEST,False,True
2166,507,2024-12-14 14:40:25,SHIPPED,NORTH,False,False
2167,367,2024-06-20 03:47:21,RETURNED,EAST,False,False
2168,419,2025-02-08 22:27:43,DELIVERED,WEST,False,False
2169,114,2024-08-21 01:33:05,SHIPPED,EAST,False,False
2170,491,2026-03-29 02:40:59,DELIVERED,CENTRAL,False,False
2171,,2025-11-25 06:09:32,RETURNED,SOUTH,False,True
2172,272,2025-02-25 14:04:34,DELIVERED,NORTH,False,False
2173,239,2025-06-27 00:00:00,DELIVERED,EAST,False,False
2174,440,2025-12-21 18:40:48,DELIVERED,WEST,False,False
2175,150,2024-09-26 03:43:28,SHIPPED,SOUTH,False,False
2176,459,2026-07-02 03:15:22,DELIVERED,CENTRAL,False,False
2177,87,2026-02-07 11:53:00,DELIVERED,SOUTH,False,False
2178,171,2024-07-16 16:46:08,SHIPPED,CENTRAL,False,False
2179,174,2026-06-06 11:19:19,DELIVERED,NORTH,False,False
2180,63,2024-09-11 12:03:54,DELIVERED,WEST,False,False
2181,43,2025-03-27 22:20:15,PLACED,CENTRAL,False,False
2182,236,2025-01-09 23:31:03,DELIVERED,SOUTH,False,False
2183,236,2024-06-17 08:30:23,PLACED,NORTH,False,False
2184,406,2025-08-18 05:26:10,DELIVERED,NORTH,False,False
2185,354,2025-08-06 04:26:09,DELIVERED,EAST,False,False
2186,438,2025-04-21 15:17:06,CANCELLED,EAST,False,False
2187,487,2025-05-02 18:51:04,DELIVERED,CENTRAL,False,False
2188,329,2024-12-07 14:10:54,SHIPPED,WEST,False,False
2189,525,2026-01-19 14:59:42,CANCELLED,CENTRAL,False,False
2190,541,2025-01-25 18:57:04,CANCELLED,CENTRAL,False,False
2191,323,2024-12-22 08:49:00,CANCELLED,NORTH,False,False
2192,461,2025-06-28 06:05:35,DELIVERED,NORTH,False,False
2193,554,2026-01-12 09:19:48,DELIVERED,SOUTH,False,False
2194,209,2025-05-16 16:12:47,DELIVERED,SOUTH,False,False
2195,244,2024-11-06 07:41:58,SHIPPED,NORTH,False,False
2196,563,2026-01-28 18:59:07,RETURNED,SOUTH,False,False
2197,581,2025-02-21 19:37:48,DELIVERED,CENTRAL,False,False
2198,592,2025-04-24 00:00:00,SHIPPED,NORTH,False,False
2199,,2025-05-22 00:00:00,SHIPPED,NORTH,False,True
2200,535,2026-04-04 03:35:37,DELIVERED,NORTH,False,False
2201,521,2026-06-15 00:00:00,DELIVERED,NORTH,False,False
2202,86,2025-03-20 03:30:38,DELIVERED,NORTH,False,False
2203,241,2025-08-22 12:14:03,RETURNED,SOUTH,False,False
2204,88,2024-08-11 13:52:59,DELIVERED,EAST,False,False
2205,564,2025-03-28 21:39:27,DELIVERED,WEST,False,False
2206,324,2024-10-28 16:57:34,PLACED,SOUTH,False,False
2207,18,2026-02-17 00:33:54,RETURNED,NORTH,False,False
2208,286,2026-01-09 01:12:20,DELIVERED,NORTH,False,False
2209,48,2026-01-25 17:47:42,DELIVERED,NORTH,False,False
2210,403,2025-09-06 14:54:49,CANCELLED,NORTH,False,False
2211,231,2024-06-01 11:07:01,CANCELLED,CENTRAL,False,False
2212,409,2025-07-21 00:00:00,DELIVERED,WEST,False,False
2213,16,2025-03-28 08:58:43,DELIVERED,CENTRAL,False,False
2214,568,2026-02-18 13:03:15,SHIPPED,CENTRAL,False,False
2215,16,2026-04-03 08:09:04,DELIVERED,CENTRAL,False,False
2216,580,2026-06-22 21:06:41,DELIVERED,NORTH,False,False
2217,380,2026-03-27 01:07:10,SHIPPED,WEST,False,False
2218,584,2026-01-05 17:36:47,PLACED,CENTRAL,False,False
2219,23,2024-12-22 03:27:13,DELIVERED,EAST,False,False
2220,535,2025-03-16 03:21:49,DELIVERED,EAST,False,False
2221,567,2025-12-23 12:18:27,RETURNED,NORTH,False,False
2222,370,2025-09-30 07:59:17,RETURNED,NORTH,False,False
2223,468,2024-10-17 03:21:34,DELIVERED,SOUTH,False,False
2224,395,2024-09-22 22:20:39,PLACED,CENTRAL,False,False
2225,95,2026-02-14 17:57:16,RETURNED,WEST,False,False
2226,167,2026-06-10 19:31:55,DELIVERED,CENTRAL,False,False
2227,55,2025-07-14 15:04:43,DELIVERED,EAST,False,False
2228,136,2025-11-19 10:36:40,DELIVERED,EAST,False,False
2229,47,2024-12-12 09:14:37,PLACED,CENTRAL,False,False
2230,376,2024-05-30 02:16:09,DELIVERED,NORTH,False,False
2231,51,2026-02-09 06:55:29,SHIPPED,EAST,False,False
2232,55,2025-04-23 04:47:43,CANCELLED,EAST,False,False
2233,482,2025-02-07 03:24:09,RETURNED,CENTRAL,False,False
2234,,2024-10-15 04:38:49,DELIVERED,CENTRAL,False,True
2235,269,2025-06-07 09:39:39,PLACED,WEST,False,False
2236,556,2025-12-30 15:43:41,PLACED,NORTH,False,False
2237,360,2024-08-29 15:44:55,PLACED,CENTRAL,False,False
2238,2,2026-05-20 12:31:55,CANCELLED,NORTH,False,False
2239,89,2026-03-24 22:45:50,PLACED,NORTH,False,False
2240,233,2026-04-14 10:20:43,PLACED,CENTRAL,False,False
2241,,2024-09-17 02:36:15,CANCELLED,CENTRAL,False,True
2242,,2026-06-20 15:51:56,DELIVERED,NORTH,False,True
2243,588,2025-10-20 07:58:26,DELIVERED,SOUTH,False,False
2244,145,2026-05-27 12:25:46,DELIVERED,CENTRAL,False,False
2245,423,2025-07-03 09:02:28,DELIVERED,WEST,False,False
2246,424,2024-10-13 20:15:43,RETURNED,CENTRAL,False,False
2247,486,2025-09-24 21:30:01,CANCELLED,NORTH,False,False
2248,,2025-10-28 04:40:28,PLACED,EAST,False,True
2249,413,2025-03-10 13:17:31,PLACED,EAST,False,False
2250,369,2025-06-09 20:47:42,DELIVERED,SOUTH,False,False
2251,62,2025-07-28 00:00:00,RETURNED,WEST,False,False
2252,440,2025-05-05 06:00:27,RETURNED,EAST,False,False
2253,555,2025-09-13 16:30:34,RETURNED,EAST,False,False
2254,392,2025-09-04 19:05:12,DELIVERED,SOUTH,False,False
2255,339,2026-04-22 02:02:35,CANCELLED,EAST,False,False
2256,403,2025-11-02 06:42:56,DELIVERED,EAST,False,False
2257,164,2025-03-09 22:14:37,DELIVERED,NORTH,False,False
2258,554,2025-10-16 04:11:32,SHIPPED,WEST,False,False
2259,317,2024-11-04 00:16:23,CANCELLED,NORTH,False,False
2260,103,2026-01-22 13:58:08,PLACED,NORTH,False,False
2261,303,2026-04-21 13:42:27,DELIVERED,NORTH,False,False
2262,182,2024-07-05 23:04:03,DELIVERED,CENTRAL,False,False
2263,240,2025-07-20 09:36:01,DELIVERED,NORTH,False,False
2264,1,2024-12-26 01:51:28,SHIPPED,EAST,False,False
2265,580,2024-08-30 11:06:18,PLACED,WEST,False,False
2266,52,2024-11-18 10:08:55,DELIVERED,SOUTH,False,False
2267,356,2025-07-07 07:41:44,DELIVERED,CENTRAL,False,False
2268,449,2026-07-03 18:44:51,PLACED,WEST,False,False
2269,133,2024-08-14 22:08:43,RETURNED,CENTRAL,False,False
2270,29,2024-09-09 03:49:01,PLACED,WEST,False,False
2271,222,2024-06-17 23:01:43,SHIPPED,CENTRAL,False,False
2272,285,2024-07-17 00:00:00,CANCELLED,WEST,False,False
2273,292,2025-09-07 20:46:48,DELIVERED,NORTH,False,False
2274,345,2025-02-24 16:58:25,RETURNED,EAST,False,False
2275,250,2025-11-09 21:33:09,SHIPPED,EAST,False,False
2276,35,2026-06-25 00:00:00,DELIVERED,CENTRAL,False,False
2277,20,2026-03-26 14:38:14,RETURNED,CENTRAL,False,False
2278,560,2026-04-12 07:46:04,DELIVERED,NORTH,False,False
2279,248,2026-07-17 04:54:46,DELIVERED,SOUTH,False,False
2280,224,2025-08-21 21:48:26,DELIVERED,EAST,False,False
2281,,2026-07-01 09:28:28,DELIVERED,SOUTH,False,True
2282,9,2025-11-21 12:06:01,CANCELLED,NORTH,False,False
2283,389,2024-12-17 23:02:42,CANCELLED,SOUTH,False,False
2284,471,2025-03-11 11:27:05,DELIVERED,SOUTH,False,False
2285,587,2025-01-17 03:57:38,SHIPPED,SOUTH,False,False
2286,98,2024-07-18 15:07:07,DELIVERED,WEST,False,False
2287,48,2024-06-07 17:28:35,DELIVERED,CENTRAL,False,False
2288,424,2025-06-11 10:47:29,PLACED,NORTH,False,False
2289,403,2024-12-27 09:28:13,DELIVERED,NORTH,False,False
2290,343,2026-05-09 04:59:26,DELIVERED,CENTRAL,False,False
2291,557,2025-03-15 01:07:10,PLACED,CENTRAL,False,False
2292,434,2026-02-02 23:39:54,PLACED,SOUTH,False,False
2293,184,2025-01-04 18:12:31,DELIVERED,EAST,False,False
2294,80,2026-05-19 19:35:05,CANCELLED,CENTRAL,False,False
2295,456,2025-11-15 18:39:14,CANCELLED,SOUTH,False,False
2296,,2025-03-19 16:06:47,DELIVERED,SOUTH,False,True
2297,176,2024-12-09 09:25:59,DELIVERED,WEST,False,False
2298,375,2026-04-03 18:48:26,SHIPPED,NORTH,False,False
2299,217,2025-10-28 05:37:44,DELIVERED,NORTH,False,False
2300,321,2026-05-20 09:51:11,DELIVERED,WEST,False,False
2301,97,2024-08-07 01:28:46,DELIVERED,EAST,False,False
2302,491,2025-04-30 11:05:46,PLACED,WEST,False,False
2303,159,2026-06-14 00:28:50,CANCELLED,CENTRAL,False,False
2304,319,2024-10-26 02:11:16,RETURNED,SOUTH,False,False
2305,489,2024-08-21 20:18:33,SHIPPED,SOUTH,False,False
2306,550,2025-05-20 04:15:35,SHIPPED,SOUTH,False,False
2307,91,2026-06-25 22:55:01,RETURNED,SOUTH,False,False
2308,538,2024-09-09 14:06:43,DELIVERED,EAST,False,False
2309,201,2024-12-12 13:29:30,DELIVERED,NORTH,False,False
2310,213,2025-08-03 07:14:31,RETURNED,SOUTH,False,False
2311,135,2026-04-11 19:37:38,DELIVERED,SOUTH,False,False
2312,106,2025-03-27 07:28:33,PLACED,SOUTH,False,False
2313,428,2024-08-11 01:35:08,DELIVERED,WEST,False,False
2314,59,2025-05-23 13:11:15,RETURNED,WEST,False,False
2315,365,2024-10-26 01:25:01,DELIVERED,SOUTH,False,False
2316,73,2025-02-05 12:02:12,RETURNED,NORTH,False,False
2317,76,2026-01-07 09:20:21,CANCELLED,NORTH,False,False
2318,163,2025-05-03 21:57:30,SHIPPED,NORTH,False,False
2319,555,2024-09-10 21:29:53,DELIVERED,WEST,False,False
2320,582,2025-04-10 09:17:07,RETURNED,WEST,False,False
2321,514,2026-02-19 11:39:43,DELIVERED,EAST,False,False
2322,428,2026-01-30 21:39:17,DELIVERED,NORTH,False,False
2323,404,2024-10-07 15:56:51,DELIVERED,WEST,False,False
2324,62,2025-08-18 17:53:17,DELIVERED,EAST,False,False
2325,38,2026-03-31 06:56:00,DELIVERED,SOUTH,False,False
2326,194,2026-03-08 12:37:59,DELIVERED,EAST,False,False
2327,386,2025-03-20 19:14:26,SHIPPED,SOUTH,False,False
2328,445,2024-11-28 11:38:30,PLACED,SOUTH,False,False
2329,421,2025-11-14 15:27:11,RETURNED,CENTRAL,False,False
2330,273,2024-11-03 12:54:29,DELIVERED,CENTRAL,False,False
2331,41,2026-07-04 20:05:07,RETURNED,CENTRAL,False,False
2332,101,2026-02-22 03:05:01,SHIPPED,SOUTH,False,False
2333,87,2026-01-10 17:21:13,DELIVERED,SOUTH,False,False
2334,246,2025-08-10 15:47:06,RETURNED,SOUTH,False,False
2335,59,2025-05-31 09:08:00,SHIPPED,EAST,False,False
2336,36,2025-06-08 04:52:02,PLACED,EAST,False,False
2337,542,2024-07-12 11:31:16,DELIVERED,EAST,False,False
2338,479,2026-01-26 11:19:38,RETURNED,CENTRAL,False,False
2339,512,2026-05-04 12:52:35,DELIVERED,EAST,False,False
2340,344,2025-12-11 00:08:18,RETURNED,WEST,False,False
2341,484,2025-07-24 18:11:17,DELIVERED,CENTRAL,False,False
2342,392,2024-09-05 18:30:50,DELIVERED,EAST,False,False
2343,182,2025-12-25 16:19:44,PLACED,NORTH,False,False
2344,314,2025-11-11 19:08:41,SHIPPED,WEST,False,False
2345,331,2025-12-27 15:55:28,DELIVERED,WEST,False,False
2346,458,2025-06-06 02:17:35,PLACED,EAST,False,False
2347,377,2024-11-30 08:05:37,DELIVERED,WEST,False,False
2348,293,2025-07-15 07:24:44,DELIVERED,CENTRAL,False,False
2349,162,2024-11-26 17:36:58,DELIVERED,EAST,False,False
2350,219,2024-08-24 17:44:13,DELIVERED,WEST,False,False
2351,469,2024-06-27 01:46:19,PLACED,NORTH,False,False
2352,544,2025-02-13 10:39:58,SHIPPED,NORTH,False,False
2353,563,2025-08-09 06:53:46,DELIVERED,SOUTH,False,False
2354,287,2025-02-27 17:53:25,DELIVERED,CENTRAL,False,False
2355,266,2026-07-12 16:50:53,PLACED,WEST,False,False
2356,168,2024-07-08 07:48:51,DELIVERED,WEST,False,False
2357,152,2026-04-20 19:58:28,DELIVERED,SOUTH,False,False
2358,410,2026-02-20 00:00:00,SHIPPED,WEST,False,False
2359,286,2024-08-10 10:54:54,RETURNED,EAST,False,False
2360,450,2024-09-04 16:24:13,PLACED,EAST,False,False
2361,532,2024-08-08 21:13:13,PLACED,SOUTH,False,False
2362,183,2024-09-09 01:56:33,DELIVERED,EAST,False,False
2363,200,2024-07-10 02:51:50,DELIVERED,SOUTH,False,False
2364,127,2025-05-03 01:20:16,DELIVERED,CENTRAL,False,False
2365,89,2025-02-09 12:11:59,RETURNED,SOUTH,False,False
2366,388,2025-11-26 08:37:49,DELIVERED,CENTRAL,False,False
2367,181,2024-07-10 14:45:56,DELIVERED,SOUTH,False,False
2368,497,2025-11-15 08:06:31,SHIPPED,EAST,False,False
2369,361,2025-04-26 04:59:40,RETURNED,SOUTH,False,False
2370,454,2025-03-21 07:35:41,CANCELLED,CENTRAL,False,False
2371,2,2026-06-04 20:07:23,DELIVERED,SOUTH,False,False
2372,231,2026-03-18 11:02:25,DELIVERED,CENTRAL,False,False
2373,36,2024-10-19 08:30:48,RETURNED,CENTRAL,False,False
2374,47,2026-01-24 10:19:30,DELIVERED,NORTH,False,False
2375,163,2025-04-05 00:00:00,DELIVERED,NORTH,False,False
2376,128,2024-10-31 23:56:39,DELIVERED,CENTRAL,False,False
2377,572,2025-03-10 02:26:49,DELIVERED,WEST,False,False
2378,446,2025-07-11 05:13:36,DELIVERED,EAST,False,False
2379,490,2026-04-17 13:55:43,DELIVERED,SOUTH,False,False
2380,222,2025-01-22 07:32:21,SHIPPED,SOUTH,False,False
2381,,2024-11-10 20:50:04,DELIVERED,EAST,False,True
2382,158,2025-01-24 16:05:13,DELIVERED,SOUTH,False,False
2383,363,2026-01-05 16:34:59,SHIPPED,CENTRAL,False,False
2384,346,2024-08-14 14:22:13,RETURNED,SOUTH,False,False
2385,491,2025-06-14 00:55:06,PLACED,NORTH,False,False
2386,279,2026-07-02 00:00:00,DELIVERED,SOUTH,False,False
2387,323,2025-09-15 15:08:27,DELIVERED,CENTRAL,False,False
2388,14,2024-09-18 10:33:10,SHIPPED,WEST,False,False
2389,59,2025-08-18 13:33:56,DELIVERED,SOUTH,False,False
2390,485,2026-01-19 19:27:35,PLACED,EAST,False,False
2391,47,2025-06-24 13:52:48,DELIVERED,SOUTH,False,False
2392,69,2026-03-26 01:26:07,RETURNED,EAST,False,False
2393,580,2025-11-12 00:00:00,DELIVERED,EAST,False,False
2394,94,2026-01-04 01:22:24,DELIVERED,SOUTH,False,False
2395,462,2025-12-06 17:59:14,CANCELLED,NORTH,False,False
2396,1,2024-06-27 05:03:35,DELIVERED,WEST,False,False
2397,16,2026-07-09 17:04:56,PLACED,NORTH,False,False
2398,76,2025-06-12 11:57:51,DELIVERED,WEST,False,False
2399,414,2026-05-05 02:44:18,DELIVERED,CENTRAL,False,False
2400,486,2025-02-10 06:39:53,DELIVERED,WEST,False,False
2401,190,2026-01-24 22:00:45,DELIVERED,NORTH,False,False
2402,348,2026-06-07 03:02:13,DELIVERED,WEST,False,False
2403,213,2025-09-21 15:40:57,SHIPPED,CENTRAL,False,False
2404,392,2025-03-18 15:10:12,PLACED,CENTRAL,False,False
2405,593,2025-03-08 00:00:00,SHIPPED,SOUTH,False,False
2406,124,2025-11-27 18:29:55,CANCELLED,EAST,False,False
2407,388,2025-08-12 07:06:41,DELIVERED,WEST,False,False
2408,291,2024-08-15 13:57:37,PLACED,WEST,False,False
2409,476,2025-09-22 07:19:13,DELIVERED,WEST,False,False
2410,305,2026-04-29 06:23:43,RETURNED,NORTH,False,False
2411,207,2025-11-20 21:55:43,DELIVERED,NORTH,False,False
2412,,2026-02-20 19:06:01,SHIPPED,EAST,False,True
2413,482,2026-01-19 19:37:53,RETURNED,CENTRAL,False,False
2414,191,2026-04-15 15:49:04,PLACED,CENTRAL,False,False
2415,141,2026-01-10 00:00:00,SHIPPED,SOUTH,False,False
2416,380,2024-06-11 08:39:34,SHIPPED,EAST,False,False
2417,542,2026-03-03 09:20:48,DELIVERED,WEST,False,False
2418,81,2025-08-23 11:16:15,RETURNED,CENTRAL,False,False
2419,584,2026-01-31 05:39:33,DELIVERED,EAST,False,False
2420,446,2025-10-25 06:29:14,DELIVERED,EAST,False,False
2421,315,2024-09-20 09:24:39,DELIVERED,EAST,False,False
2422,406,2025-06-13 22:54:27,DELIVERED,SOUTH,False,False
2423,265,2026-04-30 10:24:45,DELIVERED,CENTRAL,False,False
2424,420,2025-02-20 03:55:10,SHIPPED,NORTH,False,False
2425,513,2026-06-10 00:53:39,DELIVERED,SOUTH,False,False
2426,546,2025-07-22 19:44:30,PLACED,SOUTH,False,False
2427,9,2026-04-22 03:02:57,SHIPPED,SOUTH,False,False
2428,491,2026-06-12 23:48:41,DELIVERED,CENTRAL,False,False
2429,294,2026-03-02 06:14:43,DELIVERED,WEST,False,False
2430,136,2024-12-11 00:00:00,PLACED,NORTH,False,False
2431,285,2025-09-14 20:21:27,DELIVERED,NORTH,False,False
2432,229,2024-07-11 13:01:02,SHIPPED,EAST,False,False
2433,118,2026-05-16 20:53:00,DELIVERED,WEST,False,False
2434,542,2026-01-28 08:08:31,SHIPPED,CENTRAL,False,False
2435,483,2026-03-29 08:39:47,RETURNED,NORTH,False,False
2436,224,2025-07-09 14:11:42,DELIVERED,CENTRAL,False,False
2437,266,2026-02-05 00:24:35,DELIVERED,NORTH,False,False
2438,556,2024-08-12 15:43:45,CANCELLED,EAST,False,False
2439,196,2025-01-29 00:00:00,RETURNED,SOUTH,False,False
2440,255,2026-05-10 17:33:20,DELIVERED,EAST,False,False
2441,,2025-05-25 09:14:24,DELIVERED,CENTRAL,False,True
2442,406,2024-07-12 12:40:35,PLACED,EAST,False,False
2443,145,2025-08-08 20:46:20,DELIVERED,CENTRAL,False,False
2444,157,2024-10-16 07:09:41,DELIVERED,WEST,False,False
2445,293,2025-07-13 07:50:29,SHIPPED,NORTH,False,False
2446,327,2025-05-19 18:39:24,DELIVERED,EAST,False,False
2447,168,2025-08-08 11:29:39,DELIVERED,EAST,False,False
2448,345,2025-02-01 17:57:33,SHIPPED,SOUTH,False,False
2449,157,2025-05-28 03:41:37,PLACED,NORTH,False,False
2450,411,2024-11-13 11:20:28,SHIPPED,NORTH,False,False
2451,225,2026-02-23 06:12:34,DELIVERED,NORTH,False,False
2452,126,2026-03-25 12:39:20,DELIVERED,EAST,False,False
2453,11,2026-03-24 02:47:54,SHIPPED,WEST,False,False
2454,356,2025-10-01 15:05:11,SHIPPED,NORTH,False,False
2455,380,2024-09-28 13:04:10,RETURNED,SOUTH,False,False
2456,596,2025-07-05 06:41:09,CANCELLED,SOUTH,False,False
2457,222,2024-12-20 18:13:57,PLACED,CENTRAL,False,False
2458,70,2024-06-24 10:53:47,PLACED,SOUTH,False,False
2459,136,2025-12-30 21:37:42,PLACED,WEST,False,False
2460,266,2026-05-18 13:51:27,DELIVERED,NORTH,False,False
2461,488,2026-07-08 06:06:17,DELIVERED,EAST,False,False
2462,188,2024-08-15 17:51:59,DELIVERED,CENTRAL,False,False
2463,452,2026-05-28 19:35:14,DELIVERED,EAST,False,False
2464,66,2025-10-03 21:51:43,DELIVERED,CENTRAL,False,False
2465,352,2025-08-10 16:18:18,DELIVERED,CENTRAL,False,False
2466,151,2026-06-23 03:33:03,SHIPPED,SOUTH,False,False
2467,79,2024-10-31 22:11:31,SHIPPED,NORTH,False,False
2468,123,2024-08-03 04:31:03,SHIPPED,EAST,False,False
2469,567,2024-08-15 16:00:32,DELIVERED,NORTH,False,False
2470,51,2026-06-22 00:05:28,DELIVERED,NORTH,False,False
2471,231,2025-11-28 14:57:52,SHIPPED,CENTRAL,False,False
2472,364,2025-10-06 12:33:15,DELIVERED,NORTH,False,False
2473,177,2026-07-03 15:39:50,RETURNED,EAST,False,False
2474,571,2025-02-08 01:34:39,PLACED,EAST,False,False
2475,116,2026-01-05 11:15:37,DELIVERED,EAST,False,False
2476,392,2025-03-24 19:36:45,RETURNED,NORTH,False,False
2477,201,2025-08-23 08:08:07,DELIVERED,WEST,False,False
2478,19,2026-07-14 07:38:17,DELIVERED,CENTRAL,False,False
2479,13,2024-07-01 07:50:11,CANCELLED,NORTH,False,False
2480,387,2025-11-23 17:07:02,PLACED,EAST,False,False
2481,459,2025-03-08 04:45:03,DELIVERED,SOUTH,False,False
2482,325,2025-07-20 08:02:32,SHIPPED,WEST,False,False
2483,175,2025-12-08 05:02:02,DELIVERED,NORTH,False,False
2484,409,2024-10-07 01:07:11,SHIPPED,CENTRAL,False,False
2485,378,2025-01-29 22:17:09,SHIPPED,EAST,False,False
2486,331,2026-02-26 17:01:24,SHIPPED,SOUTH,False,False
2487,324,2026-02-13 19:58:03,SHIPPED,SOUTH,False,False
2488,158,2025-02-21 18:03:50,CANCELLED,EAST,False,False
2489,,2026-01-05 14:57:10,PLACED,EAST,False,True
2490,28,2025-11-08 14:47:16,PLACED,SOUTH,False,False
2491,229,2024-07-31 19:59:31,PLACED,CENTRAL,False,False
2492,230,2025-01-28 22:38:56,PLACED,NORTH,False,False
2493,156,2025-02-22 14:01:16,DELIVERED,EAST,False,False
2494,524,2024-11-20 23:59:52,DELIVERED,CENTRAL,False,False
2495,446,2026-07-14 22:50:29,RETURNED,EAST,False,False
2496,107,2024-11-16 11:13:39,DELIVERED,EAST,False,False
2497,60,2025-09-16 00:00:00,DELIVERED,NORTH,False,False
2498,398,2026-07-12 08:22:25,DELIVERED,CENTRAL,False,False
2499,322,2026-01-22 07:07:46,DELIVERED,EAST,False,False
2500,409,2024-11-30 11:23:37,DELIVERED,SOUTH,False,False
