item_id,order_id,product_id,quantity,unit_price,discount_percent
1,1,115,5,2467.77,0
2,1,198,-3,3061.7,5
3,2,116,3,556.73,34
4,2,115,1,2202.34,3
5,3,285,5,1389.35,3
6,3,114,-1,4038.28,0
7,4,173,1,2762.79,0
8,4,345,2,1239.65,2
9,5,184,3,2125.08,33
10,6,567,2,1578.79,10
11,6,579,5,2615.35,9
12,6,469,4,63966.31,33
13,6,212,5,204.78,0
14,7,86,5,1304.23,33
15,7,413,2,6669.68,7
16,8,1,1,9205.82,0
17,8,232,5,3278.92,32
18,8,230,3,21537.78,39
19,9,334,1,385.18,0
20,9,45,4,13952.72,0
21,10,552,5,10469.9,23
22,10,131,4,2783.02,30
23,11,361,5,27889.63,11
24,11,307,3,2032.11,16
25,12,155,4,1290.28,14
26,12,175,5,6803.32,2
27,12,210,3,1577.32,15
28,13,280,4,2645.38,0
29,14,24,4,3802.78,13
30,15,312,1,3231.25,0
31,15,4,5,8732.05,11
32,16,585,3,12097.31,22
33,16,517,3,3831.76,5
34,17,212,4,217.75,19
35,17,300,5,4214.1,16
36,18,528,4,6767.88,19
37,19,168,4,4778.88,0
38,19,63,1,1893.25,9
39,19,107,-3,1706.1,37
40,19,338,4,4179.26,9
41,20,269,1,802.95,0
42,20,458,3,1587.33,4
43,21,413,1,9092.86,10
44,21,18,3,2332.1,5
45,22,555,3,842.39,9
46,22,20,1,418.41,36
47,22,32,1,1954.71,0
48,23,303,3,314.91,35
49,24,281,3,4078.5,28
50,25,309,1,924.62,3
51,26,447,4,38787.99,0
52,27,128,-1,5386.91,11
53,27,451,1,9716.01,15
54,27,296,3,3185.19,0
55,28,238,5,1671.32,18
56,28,295,3,7012.16,38
57,28,58,1,2481.65,21
58,29,70,4,2310.6,36
59,29,507,2,1544.26,33
60,29,355,5,3119.39,0
61,29,599,3,4889.21,38
62,30,119,5,2936.24,0
63,31,54,5,872.58,0
64,32,315,3,1663.89,11
65,33,449,5,479.54,19
66,34,122,3,8594.7,0
67,34,297,5,754.0,8
68,34,228,2,6242.1,2
69,35,534,5,9215.52,1
70,36,180,5,6361.97,8
71,36,10,3,1088.34,0
72,37,456,3,1246.19,26
73,38,525,1,38468.83,2
74,38,490,2,5715.65,18
75,39,388,2,6858.8,18
76,40,406,2,2384.08,15
77,41,350,1,11362.98,13
78,42,546,5,2653.67,10
79,43,349,2,1589.25,10
80,44,295,2,7554.95,32
81,45,469,5,48586.92,27
82,46,337,5,640.71,0
83,46,53,2,1030.87,30
84,46,76,2,2985.54,35
85,47,84,-2,2004.64,25
86,47,269,3,927.21,13
87,48,164,5,1966.68,0
88,48,223,1,613.67,29
89,48,117,1,2965.11,0
90,49,345,-1,1550.81,37
91,49,587,2,1413.45,10
92,49,152,5,2573.8,0
93,49,383,1,1202.82,12
94,50,476,1,880.91,4
95,51,125,1,4024.06,0
96,52,129,5,730.1,11
97,52,250,4,30345.31,26
98,52,104,5,2050.99,17
99,53,473,2,3364.24,38
100,54,211,4,464.7,0
101,54,358,5,1525.13,4
102,55,62,1,264.17,40
103,55,441,1,21229.14,0
104,55,343,4,7927.94,0
105,56,119,1,2784.8,0
106,57,521,2,6515.29,1
107,58,388,-1,6565.55,9
108,59,71,4,10411.84,10
109,60,210,3,1714.15,15
110,60,272,1,70748.3,1
111,60,560,1,9479.37,0
112,60,430,2,32792.06,0
113,61,278,4,253.32,4
114,62,23,5,4800.65,7
115,63,4,5,8903.94,24
116,63,522,4,58238.53,0
117,64,337,5,623.88,0
118,64,273,-2,3624.92,19
119,65,278,1,270.99,32
120,65,67,5,1218.43,36
121,65,525,2,33217.56,5
122,66,258,1,5882.22,35
123,67,358,2,1675.02,0
124,67,131,4,2131.62,17
125,67,70,2,1856.47,0
126,67,365,4,6538.47,0
127,68,507,5,1545.22,0
128,69,246,5,3670.83,8
129,70,148,2,64274.16,8
130,71,487,2,2338.76,14
131,71,188,2,4545.5,25
132,72,15,3,710.27,0
133,73,547,5,31163.74,7
134,74,221,1,814.81,7
135,74,174,1,380.13,1
136,75,243,4,903.19,3
137,75,202,4,601.18,1
138,75,321,1,8885.58,26
139,76,13,1,809.06,0
140,76,36,4,6344.68,33
141,77,522,4,53855.53,0
142,77,26,3,1402.5,24
143,78,508,1,4298.47,31
144,78,466,3,7535.86,23
145,78,301,2,219.3,0
146,79,220,5,3152.2,37
147,80,313,4,6626.35,3
148,80,214,2,555.17,0
149,81,419,1,3306.75,5
150,82,138,3,6666.14,6
151,82,115,4,1773.47,0
152,82,550,5,3936.71,13
153,82,415,3,7393.76,0
154,83,527,4,1132.84,1
155,83,276,3,774.15,12
156,84,91,5,12572.47,35
157,84,134,1,15451.12,34
158,85,207,4,38416.02,22
159,85,236,3,3342.28,30
160,85,41,5,180.81,9
161,86,152,1,2638.28,39
162,87,152,1,2049.51,22
163,87,3,-3,4409.85,25
164,88,465,2,537.46,1
165,88,582,1,4618.42,0
166,88,95,4,4065.21,0
167,88,507,2,1864.9,10
168,89,471,5,8179.08,13
169,89,557,1,1312.95,9
170,89,265,4,51905.62,35
171,90,528,3,6542.08,19
172,90,251,4,2275.51,15
173,90,569,3,285.51,3
174,90,317,2,152.36,0
175,91,332,2,9392.63,8
176,92,257,3,1829.45,14
177,92,152,1,2244.6,36
178,93,553,1,324.72,0
179,93,458,5,1774.77,20
180,93,401,2,38095.62,15
181,94,140,4,6424.22,11
182,94,164,2,1618.72,0
183,95,574,2,3264.05,9
184,95,72,2,3705.12,0
185,96,408,1,1485.78,0
186,96,271,4,25021.03,0
187,97,89,1,4675.1,0
188,98,582,4,4554.05,36
189,98,546,-3,2599.83,0
190,98,265,3,51787.7,15
191,99,451,4,12010.26,28
192,99,26,1,1119.72,1
193,99,210,3,1307.08,4
194,100,503,4,2913.78,0
195,101,470,2,7367.37,28
196,101,397,3,2100.85,0
197,102,453,4,12214.83,24
198,103,479,1,294.53,11
199,104,112,5,1064.71,0
200,105,279,2,9498.13,39
201,106,114,2,3919.52,7
202,106,365,2,8387.03,16
203,107,284,3,762.42,2
204,107,505,2,1684.38,0
205,108,440,2,4111.88,10
206,108,515,2,711.46,34
207,108,550,1,4528.33,0
208,109,104,1,2169.75,15
209,109,286,1,778.04,0
210,109,412,1,47933.32,0
211,110,509,2,1663.03,14
212,110,60,2,9892.38,4
213,110,564,5,5603.38,0
214,110,283,1,23567.07,31
215,111,509,1,1502.61,11
216,112,108,4,1079.73,37
217,112,53,5,1090.3,5
218,112,537,3,67928.41,0
219,113,349,2,1650.73,2
220,113,171,5,3723.74,32
221,113,483,2,7225.0,0
222,113,115,4,1707.54,0
223,114,159,2,1500.81,15
224,114,394,3,4059.33,9
225,115,42,4,9047.34,0
226,115,294,-3,2301.17,6
227,115,513,-3,5240.11,0
228,116,219,4,1164.72,14
229,116,39,4,914.48,27
230,116,266,4,8456.38,13
231,117,448,5,3972.6,14
232,118,146,1,53789.62,29
233,118,149,4,51772.55,0
234,118,48,5,6011.61,25
235,118,116,5,421.13,3
236,119,68,-2,9042.83,12
237,120,16,3,1480.88,27
238,120,387,4,5816.8,33
239,120,298,4,6073.51,35
240,121,564,1,4474.85,19
241,122,511,4,901.95,32
242,123,435,1,36612.95,26
243,123,114,2,2916.31,8
244,124,240,5,2320.06,9
245,125,386,1,8537.28,0
246,126,158,3,967.83,27
247,127,474,4,3505.28,0
248,128,513,4,5535.87,5
249,129,236,4,2744.82,2
250,129,234,-1,2181.79,18
251,130,333,4,9451.04,0
252,130,266,4,10059.4,0
253,131,308,1,9679.64,3
254,131,387,2,6199.75,0
255,132,562,4,1181.5,0
256,133,442,5,191.38,7
257,133,270,5,7014.25,7
258,133,181,1,2121.76,0
259,134,27,5,2042.01,0
260,135,86,3,1511.11,0
261,136,330,4,3713.49,35
262,137,348,3,222.62,34
263,137,29,2,6861.36,3
264,138,134,4,16484.29,0
265,138,151,4,1320.8,30
266,138,502,4,2507.04,0
267,139,162,5,10403.81,24
268,139,414,5,3473.17,19
269,139,593,1,73111.12,0
270,140,424,5,6329.46,0
271,141,508,1,4297.13,14
272,142,20,2,402.62,15
273,142,41,3,239.13,0
274,142,190,4,1217.5,15
275,143,116,4,431.84,29
276,144,6,5,4030.57,28
277,144,333,3,11424.48,10
278,144,564,3,5009.27,0
279,145,162,4,12549.66,0
280,145,397,2,1545.73,34
281,146,441,4,19004.36,14
282,147,312,3,3248.85,35
283,148,24,4,3849.62,9
284,148,3,4,5240.92,29
285,149,46,-3,3590.28,10
286,150,80,3,521.05,15
287,151,556,5,2734.31,3
288,152,212,-1,192.7,0
289,153,340,3,2574.49,0
290,154,337,1,611.45,33
291,155,214,5,586.94,0
292,156,168,5,3901.43,9
293,157,552,2,11169.94,24
294,157,93,2,1400.23,26
295,158,138,1,5288.11,0
296,159,317,5,150.34,15
297,159,275,1,267.49,35
298,160,136,2,1800.89,4
299,161,411,2,4330.61,5
300,162,521,4,6279.89,20
301,162,436,1,12002.18,1
302,163,546,3,2287.39,0
303,164,363,2,1988.35,0
304,165,143,1,3524.62,37
305,165,530,4,34723.9,0
306,166,130,3,266.35,20
307,166,514,5,4948.93,11
308,167,113,5,7558.98,25
309,167,495,4,4216.75,0
310,167,214,2,547.43,9
311,167,367,5,41506.71,8
312,168,444,3,3355.25,32
313,169,540,5,757.18,3
314,170,490,2,4326.35,0
315,171,599,2,5030.77,14
316,171,327,3,3458.45,0
317,172,359,1,764.44,39
318,173,416,2,1920.71,8
319,173,194,5,7234.53,0
320,173,174,2,401.7,5
321,173,12,1,602.82,21
322,174,138,4,5334.2,26
323,175,595,3,1138.29,8
324,176,238,5,2280.51,0
325,177,206,5,6811.47,0
326,178,228,4,7584.81,16
327,178,148,4,51471.95,7
328,178,429,1,3957.83,0
329,178,539,-3,2860.92,0
330,179,456,4,1257.49,0
331,180,203,4,4477.33,0
332,180,96,4,312.85,12
333,180,283,3,29315.35,8
334,181,398,5,2486.26,0
335,181,214,3,460.98,24
336,182,485,3,971.9,0
337,182,89,4,4164.64,3
338,182,43,2,7878.5,24
339,183,509,2,1428.73,26
340,184,399,5,49264.14,1
341,184,301,5,227.6,0
342,185,43,3,7714.35,29
343,185,273,1,3848.67,1
344,186,346,3,8671.53,3
345,186,286,2,921.62,1
346,187,547,1,34503.0,31
347,188,97,3,25492.5,0
348,188,218,4,1264.67,33
349,189,360,4,22654.04,8
350,189,398,2,2464.01,15
351,189,305,1,850.38,12
352,190,153,4,5544.58,0
353,190,530,3,36147.35,11
354,190,298,2,7447.33,7
355,190,38,2,764.6,15
356,191,28,4,283.27,16
357,192,124,5,42912.12,3
358,192,487,5,2176.57,16
359,193,520,4,46718.22,6
360,193,48,4,4582.8,7
361,194,528,5,7282.88,0
362,194,323,3,4999.17,11
363,194,143,1,3446.95,11
364,195,80,5,474.74,8
365,195,211,2,599.92,0
366,196,16,4,2032.71,21
367,196,522,5,60754.3,33
368,196,503,1,3257.93,0
369,196,239,4,7089.42,15
370,197,316,5,969.21,0
371,197,549,2,2029.36,23
372,197,310,5,3868.24,6
373,198,461,1,68644.53,2
374,198,552,4,9340.44,0
375,198,279,2,10343.66,13
376,198,252,1,5631.62,37
377,199,552,1,9869.56,15
378,200,278,2,215.51,11
379,201,54,1,1215.17,15
380,201,146,5,39351.73,0
381,201,488,1,940.98,0
382,202,50,2,1847.07,1
383,203,68,4,6675.23,35
384,203,564,2,5330.13,25
385,203,335,1,784.98,3
386,204,348,5,241.85,0
387,204,430,-3,30017.64,35
388,205,113,2,6212.44,3
389,206,18,2,2731.55,40
390,206,432,2,53114.35,0
391,207,391,2,3019.4,37
392,207,497,1,708.75,25
393,207,147,3,956.66,4
394,208,160,2,2784.88,33
395,208,584,4,1470.29,0
396,209,460,1,1913.05,4
397,210,316,1,895.5,0
398,210,82,5,2746.11,13
399,210,249,4,201.47,15
400,211,584,4,1173.98,24
401,212,156,2,46391.57,1
402,213,542,4,396.43,6
403,213,497,2,722.69,5
404,214,170,4,299.26,7
405,215,583,5,4292.2,6
406,215,159,5,1459.52,0
407,215,329,5,6061.16,7
408,215,508,4,4003.16,0
409,216,261,5,3757.59,24
410,217,98,3,432.04,4
411,217,159,2,1137.77,0
412,217,51,4,9867.35,39
413,218,313,2,7687.48,0
414,219,18,2,2863.47,20
415,220,482,2,4871.01,7
416,220,393,3,63608.58,0
417,220,12,3,615.15,3
418,221,238,1,2069.86,7
419,222,268,5,53667.08,34
420,222,559,1,3966.86,0
421,222,5,1,7270.54,11
422,223,103,5,6653.67,20
423,224,298,1,7562.31,0
424,224,168,3,4028.35,4
425,225,415,-2,6570.19,0
426,226,359,1,629.52,10
427,226,47,2,4651.6,12
428,227,204,5,2397.41,0
429,228,301,3,250.43,0
430,229,442,1,217.17,20
431,230,68,1,7669.31,18
432,231,483,1,7473.32,40
433,231,92,4,12582.38,3
434,232,361,4,22049.84,10
435,233,2,3,943.44,39
436,234,463,3,1018.27,7
437,235,120,4,4665.0,0
438,235,12,5,642.27,1
439,236,121,5,102.03,13
440,236,560,2,8919.99,0
441,236,392,4,5238.37,0
442,237,558,5,14014.74,38
443,237,456,5,946.86,6
444,238,392,3,5128.79,22
445,239,428,2,4105.89,0
446,240,516,5,1211.88,14
447,240,518,5,931.04,0
448,240,121,5,105.78,39
449,241,289,2,8755.18,20
450,241,388,1,7258.24,9
451,242,409,2,2847.18,10
452,243,466,2,7243.06,10
453,244,280,3,3023.59,38
454,244,59,5,978.92,36
455,245,66,3,4298.26,10
456,246,279,4,10233.69,0
457,247,255,3,10156.19,15
458,248,142,4,2147.94,1
459,248,569,-2,308.45,26
460,248,54,4,1021.37,29
461,248,380,1,414.91,11
462,249,9,5,1109.11,14
463,250,169,1,808.08,1
464,250,24,5,3315.6,40
465,251,583,4,4640.26,14
466,251,192,4,24305.47,0
467,251,475,3,5449.55,15
468,252,280,5,2691.22,5
469,253,293,3,385.73,9
470,253,124,5,46152.09,0
471,254,290,3,6692.45,14
472,254,380,2,428.95,1
473,254,390,1,1817.12,29
474,255,434,1,5078.14,0
475,256,416,1,1512.3,2
476,257,384,2,3985.76,37
477,258,434,4,5121.71,1
478,258,586,1,1732.9,0
479,258,335,3,880.66,28
480,258,375,2,5219.48,12
481,259,472,1,9502.46,36
482,260,545,4,3367.16,5
483,260,220,4,4367.63,0
484,261,507,3,1740.71,33
485,262,480,1,1368.54,12
486,263,91,5,17663.3,0
487,263,191,-2,957.91,0
488,264,491,2,158.09,0
489,264,41,2,237.52,23
490,264,405,4,13285.67,0
491,265,243,5,807.92,33
492,266,48,2,4535.24,0
493,266,1,1,7564.55,13
494,267,218,3,960.0,0
495,268,495,3,4841.49,6
496,268,130,4,346.17,6
497,269,72,2,2766.66,16
498,269,403,3,1953.16,21
499,270,155,2,1180.92,22
500,271,519,1,2568.19,5
501,272,454,1,1310.66,28
502,272,344,5,890.87,0
503,272,295,1,6441.34,0
504,272,55,2,1529.26,36
505,273,376,5,679.14,3
506,273,3,4,3525.42,23
507,274,521,3,8343.36,24
508,275,290,5,6439.12,8
509,275,107,5,1976.49,12
510,276,589,5,545.45,0
511,276,519,4,2929.9,26
512,277,289,5,10594.61,29
513,278,222,2,3395.04,24
514,279,104,2,2596.2,33
515,280,107,3,1698.97,0
516,281,75,2,2757.11,0
517,282,544,3,2646.06,0
518,283,473,5,2389.9,9
519,284,132,2,488.69,0
520,285,298,1,5544.38,18
521,285,205,3,505.85,30
522,286,550,3,5183.32,6
523,286,455,5,6262.17,22
524,287,4,5,8687.59,28
525,287,52,5,12804.08,7
526,288,102,4,8599.15,12
527,289,285,3,1939.55,7
528,290,506,3,1385.79,5
529,290,6,1,3969.16,32
530,290,425,5,264.82,0
531,291,262,3,2358.73,0
532,292,484,-1,1638.38,33
533,292,18,5,3154.37,31
534,292,66,-1,4992.26,0
535,293,158,2,958.33,17
536,293,341,1,3157.65,16
537,293,285,1,1768.03,34
538,293,68,5,7713.87,34
539,294,280,3,3364.59,2
540,295,540,1,805.71,8
541,295,387,4,5281.75,1
542,296,229,5,2360.51,34
543,296,562,1,1309.22,21
544,297,151,1,1420.22,6
545,298,341,5,3279.58,0
546,298,320,2,344.83,12
547,298,483,3,6840.03,27
548,299,317,1,168.81,5
549,300,4,5,9679.51,14
550,301,406,5,2107.19,0
551,301,226,2,1543.73,12
552,302,287,2,960.21,0
553,302,455,2,5379.62,0
554,303,89,3,4566.28,0
555,303,554,5,1431.57,28
556,303,349,5,1999.23,16
557,303,157,2,33570.14,4
558,304,515,-1,811.55,4
559,304,587,1,1625.73,13
560,305,556,4,3055.67,30
561,306,266,1,10236.67,8
562,306,538,1,3884.58,9
563,307,464,2,2285.73,10
564,308,572,5,13786.63,40
565,308,400,2,7888.76,9
566,309,211,-1,642.69,11
567,310,409,1,3943.9,13
568,311,342,1,2756.69,20
569,311,553,5,429.59,0
570,312,28,-2,277.24,0
571,312,122,1,6780.64,0
572,312,569,2,319.45,0
573,313,448,3,4340.89,23
574,313,46,4,3022.54,29
575,314,231,2,258.37,1
576,314,104,2,2668.97,0
577,314,338,3,3981.11,13
578,315,367,2,48383.87,10
579,315,228,5,7943.22,5
580,315,522,5,60280.92,5
581,316,53,1,1239.96,26
582,316,204,4,2651.26,36
583,317,547,5,28961.31,30
584,317,462,5,1951.3,0
585,317,310,3,4599.48,29
586,318,301,1,305.77,14
587,318,438,3,887.85,4
588,319,511,5,864.28,34
589,319,375,4,4010.08,15
590,320,240,1,2681.21,0
591,320,39,2,691.21,27
592,321,168,2,4470.62,7
593,321,564,3,4337.16,4
594,322,478,2,1195.84,31
595,323,126,3,1295.44,9
596,324,499,3,3405.44,10
597,324,453,1,14747.37,0
598,324,97,4,21082.44,25
599,324,102,2,6817.53,5
600,325,60,5,8450.99,31
601,325,295,1,6728.6,39
602,326,296,2,3970.17,1
603,326,357,1,7779.7,38
604,327,194,4,6176.95,10
605,328,446,-2,4126.07,0
606,329,33,2,715.01,3
607,329,226,3,1616.72,22
608,329,434,5,5353.78,35
609,330,464,5,2378.0,24
610,331,301,1,226.16,0
611,332,405,3,10719.59,28
612,333,393,2,48592.61,4
613,334,366,4,7058.79,34
614,334,188,4,3609.27,24
615,334,306,5,55152.1,14
616,335,343,3,9636.43,24
617,335,262,5,2321.38,0
618,335,1,3,7745.29,0
619,335,370,3,1317.19,2
620,336,203,2,3582.08,12
621,337,325,2,11463.44,0
622,337,330,3,3386.21,0
623,338,542,3,393.77,12
624,339,88,3,54213.73,0
625,339,444,4,2890.62,2
626,339,562,1,920.63,10
627,339,538,3,2872.92,30
628,340,562,1,1065.7,0
629,341,74,3,2117.29,0
630,341,35,1,4756.44,29
631,341,344,1,989.88,0
632,341,98,1,368.04,7
633,342,78,3,5153.05,0
634,343,435,2,44653.37,0
635,343,140,3,6597.3,0
636,343,181,1,1633.07,19
637,344,48,1,4587.97,0
638,344,590,1,3315.03,6
639,345,120,2,5116.24,26
640,345,422,3,2808.4,3
641,345,306,5,69503.42,3
642,345,441,4,15614.06,39
643,346,254,4,4219.19,36
644,346,249,3,226.13,0
645,346,484,2,2109.63,2
646,346,393,4,53256.68,0
647,347,400,2,6949.39,0
648,347,427,4,572.16,0
649,347,415,5,5697.04,30
650,348,404,4,6635.44,6
651,348,418,2,6759.37,33
652,348,256,2,1182.35,40
653,348,506,5,982.67,0
654,349,429,2,4138.39,0
655,349,294,4,2118.09,7
656,350,104,4,2155.82,10
657,351,560,1,7489.28,37
658,352,404,5,6704.39,0
659,353,214,4,435.37,21
660,353,5,1,8036.34,31
661,354,20,5,461.88,0
662,354,135,1,3223.38,34
663,354,453,4,13217.46,20
664,355,169,4,829.5,0
665,355,196,5,4185.51,34
666,355,308,1,11242.21,32
667,355,82,1,2375.83,28
668,356,91,5,18492.4,1
669,356,564,2,4272.49,0
670,357,174,3,454.3,28
671,358,279,5,11338.74,0
672,359,221,4,917.15,37
673,359,281,5,3636.67,14
674,359,272,1,70549.64,14
675,359,222,1,3438.75,0
676,360,290,5,7204.71,18
677,361,320,2,335.34,33
678,362,428,1,3562.29,39
679,363,41,2,172.52,0
680,363,514,3,3970.07,0
681,363,203,1,4566.18,0
682,364,103,2,6793.27,26
683,364,102,1,6272.55,20
684,364,101,5,3755.48,16
685,365,476,1,968.02,0
686,366,136,5,2283.19,20
687,367,77,5,5702.88,14
688,367,390,3,1413.77,2
689,367,82,1,2460.2,10
690,367,389,1,5473.53,3
691,368,291,1,3437.22,0
692,369,444,2,3204.46,5
693,370,180,4,6587.4,1
694,370,290,4,5743.61,12
695,370,283,5,31031.87,7
696,370,519,5,2777.84,1
697,371,349,4,2240.27,0
698,371,373,5,56626.93,3
699,372,160,4,3418.7,6
700,373,9,-1,1089.4,36
701,374,228,1,6693.28,29
702,375,525,4,31539.89,16
703,376,422,4,2608.74,0
704,376,139,5,1228.67,3
705,376,114,1,3922.49,0
706,376,566,2,1256.54,5
707,377,160,5,3715.32,0
708,377,2,3,938.03,9
709,378,234,3,1587.46,2
710,378,31,3,2876.14,0
711,378,544,5,3250.55,0
712,379,369,4,3980.64,13
713,379,30,2,16217.98,16
714,380,295,3,6566.55,0
715,381,98,3,436.79,0
716,381,132,5,385.52,9
717,381,229,1,3222.45,8
718,382,233,4,51129.85,0
719,382,456,3,1277.94,14
720,382,590,1,2926.26,27
721,382,382,5,296.99,33
722,383,1,4,8397.5,11
723,384,157,5,31331.53,0
724,385,340,4,2792.2,13
725,386,85,4,3945.86,2
726,386,574,1,4057.52,1
727,386,21,5,59283.77,7
728,387,408,3,1773.44,31
729,387,185,3,536.69,9
730,388,145,3,627.71,0
731,389,130,3,275.78,4
732,390,347,3,262.97,10
733,391,577,-2,374.16,0
734,391,219,2,1411.59,6
735,391,368,2,278.62,6
736,392,538,4,3076.24,15
737,392,402,2,1126.27,10
738,392,102,4,6394.0,0
739,393,476,5,718.49,2
740,394,416,4,1590.39,14
741,394,130,3,351.51,2
742,395,310,5,5165.07,0
743,395,429,1,3328.76,10
744,396,232,4,2557.3,0
745,397,596,3,415.57,3
746,398,288,4,3760.73,6
747,398,461,5,74272.81,0
748,399,353,2,3116.56,7
749,399,477,5,230.82,7
750,399,295,2,8795.77,0
751,400,201,5,6004.39,2
752,400,511,4,816.95,6
753,400,483,4,5634.06,10
754,401,329,4,5091.46,2
755,401,160,2,3313.13,7
756,401,453,1,14135.13,0
757,402,155,2,1016.12,0
758,403,388,5,7572.95,0
759,403,510,1,3230.54,0
760,403,42,1,7934.59,26
761,404,551,5,185.41,4
762,405,266,4,11130.64,9
763,406,491,5,155.87,0
764,407,423,3,965.94,22
765,407,143,1,4652.92,16
766,408,168,4,4244.97,23
767,408,378,1,28508.11,26
768,408,226,2,1801.13,11
769,409,481,4,325.75,5
770,409,169,3,931.07,27
771,409,23,3,3669.35,1
772,410,429,3,4758.66,0
773,410,56,4,2600.46,29
774,410,184,5,2301.71,12
775,410,599,2,4950.53,0
776,411,309,4,881.28,0
777,411,201,3,7023.16,38
778,412,7,3,254.89,12
779,412,141,3,6428.6,0
780,413,236,5,2787.97,8
781,414,148,2,66829.01,15
782,414,582,3,5923.15,7
783,414,456,1,1059.28,0
784,414,533,4,1851.43,0
785,415,51,5,13412.54,28
786,415,557,2,1260.8,7
787,415,391,1,3246.44,12
788,415,511,1,717.43,14
789,416,293,4,479.62,33
790,417,287,5,694.11,0
791,417,379,1,8713.92,17
792,417,1,1,8058.4,7
793,418,544,1,2356.87,9
794,418,37,3,1179.62,0
795,418,66,3,5998.54,6
796,419,196,5,4115.71,0
797,419,318,4,2534.5,4
798,419,13,1,918.63,0
799,420,462,5,1987.2,0
800,421,106,4,2235.24,36
801,421,496,1,1302.11,9
802,421,530,4,34422.0,8
803,422,534,2,8200.64,31
804,422,329,1,6302.07,0
805,423,553,1,365.42,0
806,424,374,2,1259.03,40
807,425,164,4,1412.68,40
808,426,45,1,13010.4,5
809,427,214,1,587.07,20
810,427,350,2,12468.85,31
811,428,574,2,2896.8,39
812,429,129,5,727.71,0
813,430,196,1,5018.44,20
814,430,9,4,1163.02,38
815,431,487,4,2153.67,0
816,431,514,3,3736.79,12
817,431,400,-3,6377.64,0
818,431,50,2,1600.86,4
819,432,54,3,1058.54,14
820,432,481,1,378.18,38
821,433,594,5,3536.84,6
822,433,359,4,740.89,5
823,433,387,5,4619.45,0
824,433,376,2,781.74,20
825,434,374,2,1281.32,0
826,435,78,3,5222.61,0
827,436,490,2,5502.33,31
828,436,118,1,2840.28,0
829,437,156,-3,42271.42,7
830,438,268,4,58075.36,33
831,438,209,2,9444.91,12
832,439,192,1,22263.76,18
833,439,394,2,3965.69,29
834,439,397,3,1690.9,16
835,440,507,2,1637.41,20
836,441,403,5,2522.2,21
837,442,132,-1,497.24,12
838,442,22,5,21460.88,37
839,443,328,1,3060.47,0
840,443,147,4,798.29,22
841,443,203,2,4101.06,11
842,444,206,1,6568.12,12
843,444,539,5,2541.56,0
844,445,318,5,2198.48,11
845,446,67,3,1407.27,13
846,446,52,5,9111.03,0
847,446,455,4,5060.29,0
848,446,26,5,999.46,3
849,447,358,5,1561.92,24
850,447,4,3,7889.87,0
851,448,562,2,1203.47,1
852,449,459,5,1432.58,2
853,449,128,3,5889.59,31
854,449,365,1,6852.88,13
855,449,101,5,3077.73,15
856,450,222,4,3715.86,9
857,450,26,1,1150.25,0
858,451,177,5,3065.12,7
859,451,528,1,7818.31,8
860,451,405,3,11849.21,11
861,451,551,-2,222.72,4
862,452,332,3,9662.03,3
863,453,508,4,4301.65,4
864,453,545,1,3588.91,38
865,454,452,1,9944.83,6
866,455,72,2,3673.3,6
867,456,546,4,2262.48,5
868,457,370,-3,1050.14,35
869,458,458,5,1931.61,30
870,459,18,2,2244.17,39
871,459,349,1,1911.05,0
872,460,586,1,2101.78,20
873,461,194,4,7083.92,0
874,462,43,1,8870.0,16
875,463,177,4,3063.04,38
876,463,463,3,1070.78,0
877,463,26,3,1335.23,36
878,464,377,4,4333.13,17
879,465,505,2,1865.44,0
880,465,68,3,7541.1,9
881,466,527,2,1320.89,22
882,467,235,3,411.39,21
883,467,507,2,1626.51,5
884,468,472,4,8584.15,32
885,469,163,4,3695.58,37
886,470,250,4,39651.05,0
887,471,313,3,6322.99,12
888,472,411,4,4281.71,0
889,472,177,5,3244.63,12
890,473,502,2,2187.47,36
891,473,354,1,1575.91,0
892,473,573,3,1223.16,3
893,474,352,1,1552.36,0
894,475,67,2,1241.5,13
895,476,230,4,24787.58,0
896,476,103,1,7576.53,0
897,477,411,3,3732.58,5
898,477,390,2,1514.87,12
899,477,508,2,4310.03,11
900,478,83,3,5452.59,35
901,479,599,2,3575.92,11
902,479,367,3,42541.35,0
903,480,139,4,1414.33,0
904,480,453,3,14994.38,3
905,480,488,3,859.38,0
906,481,104,2,2036.97,0
907,482,453,4,12950.91,15
908,482,240,1,2201.19,23
909,482,345,1,1412.7,1
910,482,338,5,3771.03,20
911,483,429,4,4555.59,0
912,483,235,5,353.53,1
913,484,93,3,1399.99,35
914,484,411,3,4336.75,0
915,484,244,1,546.21,6
916,485,190,5,1176.6,6
917,486,265,2,63819.17,12
918,486,255,4,9353.13,18
919,487,161,5,1951.87,11
920,487,418,2,4961.99,11
921,488,348,1,202.27,0
922,489,86,1,1535.66,0
923,490,564,2,5579.28,13
924,491,446,4,3044.91,3
925,491,463,-3,833.31,35
926,492,83,3,4611.83,0
927,492,182,1,1075.52,0
928,492,507,5,1963.43,12
929,493,175,5,6340.97,0
930,493,49,-3,2256.89,5
931,493,471,3,8422.96,0
932,494,555,5,680.45,4
933,494,458,2,2226.3,0
934,494,288,4,3493.81,0
935,495,561,2,3330.81,1
936,496,79,4,6598.42,0
937,497,244,5,683.25,36
938,497,491,2,192.69,8
939,497,314,4,2988.51,1
940,498,103,1,8308.01,8
941,499,374,1,1304.34,14
942,500,470,1,5132.79,2
943,501,272,3,70065.62,7
944,502,353,3,2949.95,3
945,502,81,2,1804.37,13
946,503,513,4,6608.98,4
947,503,110,2,855.42,7
948,504,26,3,1059.52,2
949,505,490,3,4076.63,0
950,505,296,4,3298.52,28
951,505,181,4,2081.58,25
952,506,469,4,60080.67,3
953,507,303,5,363.69,9
954,508,426,3,5891.36,7
955,508,579,4,3096.88,0
956,508,565,5,30916.4,1
957,509,234,4,2031.81,2
958,509,186,2,7934.81,10
959,510,60,4,7331.65,17
960,511,149,5,53084.91,3
961,512,128,5,5075.79,2
962,513,411,1,3762.52,11
963,513,534,3,9405.14,5
964,513,59,3,1048.11,0
965,514,420,3,6375.59,12
966,515,105,1,1840.13,37
967,515,321,4,7460.22,22
968,516,473,3,2834.97,39
969,517,429,5,3916.56,8
970,518,217,5,518.78,34
971,519,544,2,2431.69,36
972,520,437,4,9848.42,0
973,520,228,2,5968.42,0
974,521,540,3,563.05,14
975,521,58,2,2242.19,0
976,522,341,5,3110.28,15
977,522,562,1,1251.29,12
978,523,330,3,3811.15,35
979,524,572,1,15616.37,24
980,525,184,1,2513.22,12
981,525,39,1,792.62,0
982,525,265,1,68931.88,9
983,526,399,2,49893.49,40
984,527,534,3,9954.54,11
985,527,314,3,3529.11,8
986,528,33,5,657.82,21
987,528,472,4,10046.81,36
988,528,96,4,219.77,0
989,529,197,4,10149.27,3
990,529,232,3,3319.79,0
991,530,175,3,6914.26,0
992,531,422,2,2831.34,25
993,531,97,5,28399.89,0
994,531,567,3,1658.1,1
995,532,377,1,3438.19,27
996,533,121,5,104.39,29
997,533,9,5,1195.05,5
998,533,553,5,437.13,8
999,533,138,3,7050.38,11
1000,534,184,4,2240.97,0
1001,534,205,3,558.45,3
1002,535,37,2,1358.77,7
1003,535,434,5,4794.08,0
1004,535,393,1,47784.91,36
1005,535,197,5,11613.6,23
1006,536,288,2,3264.67,11
1007,537,420,2,6223.94,9
1008,538,264,2,1011.36,12
1009,538,261,1,4134.04,0
1010,538,256,5,1209.61,3
1011,538,22,4,24501.5,14
1012,539,573,5,1793.34,24
1013,540,9,2,1467.88,0
1014,540,215,3,4644.37,8
1015,540,265,4,64530.7,0
1016,540,349,3,1912.18,22
1017,541,412,4,42512.19,8
1018,541,594,3,4040.52,30
1019,541,23,4,3578.24,5
1020,541,85,-1,4517.78,38
1021,542,345,4,1335.91,7
1022,543,79,5,5868.51,0
1023,543,504,3,476.17,0
1024,544,377,5,4444.97,10
1025,544,285,3,1336.4,6
1026,545,235,4,285.77,38
1027,545,271,2,29660.91,8
1028,546,340,4,3699.09,14
1029,547,247,5,4929.56,29
1030,547,386,3,8468.93,29
1031,547,256,5,1057.24,13
1032,547,573,1,1317.61,0
1033,548,87,1,1063.57,3
1034,548,387,5,6244.46,0
1035,549,516,3,1258.45,12
1036,549,537,4,47640.28,4
1037,549,151,1,1314.0,4
1038,550,265,4,65753.29,39
1039,551,551,1,185.59,4
1040,552,489,1,4639.17,2
1041,553,473,4,2515.92,7
1042,553,402,4,1128.97,35
1043,553,568,5,1221.26,31
1044,554,280,3,3872.47,32
1045,554,142,5,1856.11,30
1046,554,29,2,6695.08,0
1047,555,154,1,399.26,0
1048,556,360,2,19481.64,31
1049,556,213,1,6186.94,36
1050,557,285,1,1572.29,6
1051,557,248,3,2138.03,9
1052,558,252,3,5896.68,0
1053,559,33,1,513.11,16
1054,560,81,1,1481.78,34
1055,560,371,4,586.37,13
1056,561,409,3,2803.46,37
1057,561,515,2,688.83,15
1058,562,314,4,3999.82,36
1059,563,499,1,2867.5,10
1060,564,393,5,61833.72,1
1061,564,137,3,4212.36,0
1062,565,70,3,2246.23,0
1063,565,185,5,476.52,25
1064,566,493,2,2852.92,0
1065,567,69,2,9689.37,7
1066,568,250,2,41824.81,30
1067,569,172,3,70847.94,0
1068,569,336,5,6720.68,39
1069,570,232,5,2730.15,6
1070,571,417,4,3541.01,8
1071,571,209,1,10993.22,2
1072,572,364,5,612.32,7
1073,573,358,2,1864.79,13
1074,573,172,1,64357.88,35
1075,573,60,5,8924.02,18
1076,574,568,4,1373.8,14
1077,574,354,5,1367.25,14
1078,574,319,5,2514.31,38
1079,574,57,2,468.25,0
1080,575,178,3,822.66,10
1081,576,248,1,2495.77,0
1082,576,322,2,1660.25,0
1083,577,202,2,670.82,0
1084,578,65,3,364.89,0
1085,579,546,1,2247.13,35
1086,580,370,5,1280.98,6
1087,580,443,2,797.61,0
1088,581,189,5,7244.35,0
1089,581,157,1,33071.23,35
1090,582,24,4,4482.68,28
1091,582,390,5,1330.63,38
1092,582,136,2,1851.19,12
1093,583,516,2,914.24,13
1094,584,175,4,6786.77,0
1095,584,199,3,384.45,18
1096,585,583,2,5489.21,11
1097,586,136,5,1777.59,0
1098,587,475,3,4836.03,0
1099,588,475,1,4344.17,0
1100,589,46,3,3085.78,0
1101,589,151,5,1342.05,1
1102,590,187,-2,1354.65,0
1103,591,409,5,2742.86,0
1104,591,86,5,1594.43,6
1105,591,266,2,12143.24,36
1106,591,442,2,187.82,32
1107,592,391,3,3858.37,35
1108,593,399,1,40786.7,20
1109,594,91,1,17741.22,0
1110,595,284,4,759.39,0
1111,596,213,3,8179.45,5
1112,596,331,2,3630.45,10
1113,597,125,3,3700.8,0
1114,597,452,2,9257.51,18
1115,598,221,1,883.84,4
1116,599,9,5,1313.0,28
1117,600,424,3,8362.63,10
1118,600,548,2,662.24,21
1119,601,114,5,3153.82,4
1120,601,523,5,8138.1,37
1121,601,433,4,1344.41,9
1122,602,332,5,11583.69,12
1123,603,487,3,1749.23,0
1124,603,490,3,5345.79,12
1125,603,163,5,3523.5,9
1126,604,66,3,4945.75,15
1127,605,124,1,51478.33,7
1128,606,417,3,2558.98,6
1129,607,115,5,2130.24,23
1130,608,52,5,10451.84,0
1131,609,197,1,11206.66,10
1132,610,288,2,3130.46,0
1133,611,172,4,63145.56,10
1134,611,261,4,3051.8,36
1135,611,35,-1,5085.94,0
1136,612,342,2,2201.61,13
1137,612,498,1,532.56,29
1138,612,354,2,1558.2,35
1139,613,274,4,7519.93,3
1140,613,212,4,244.89,5
1141,614,157,5,28939.09,8
1142,615,514,3,3811.31,27
1143,615,223,5,495.2,8
1144,616,143,1,3995.46,0
1145,617,408,4,1634.41,0
1146,617,575,5,3703.4,0
1147,618,577,5,450.67,2
1148,618,380,1,438.96,0
1149,618,315,5,1407.73,11
1150,619,555,2,876.32,32
1151,620,585,4,14252.24,28
1152,621,38,-2,720.43,10
1153,621,216,3,2935.16,9
1154,622,421,5,813.63,0
1155,623,56,4,2788.37,25
1156,623,355,2,2873.01,2
1157,624,342,3,2807.29,13
1158,625,74,3,2413.18,27
1159,626,513,3,4884.8,6
1160,626,500,3,835.97,15
1161,627,322,2,1623.44,6
1162,628,597,3,528.24,14
1163,629,419,4,3541.46,32
1164,629,269,1,801.13,22
1165,630,310,-1,4512.77,28
1166,630,456,1,1311.04,11
1167,631,252,3,4754.31,6
1168,631,43,5,8872.97,27
1169,631,413,1,6418.21,0
1170,632,357,5,7818.64,0
1171,633,393,4,60418.94,10
1172,633,443,5,874.96,0
1173,634,160,1,2929.19,0
1174,634,563,5,3712.27,27
1175,634,439,4,6210.24,27
1176,635,47,4,3493.77,0
1177,635,88,2,61005.01,0
1178,636,279,2,10160.32,0
1179,637,233,4,49272.49,4
1180,637,582,4,6146.35,0
1181,638,201,1,8314.83,0
1182,638,373,4,67581.42,28
1183,638,526,2,46225.92,0
1184,638,483,5,7527.48,0
1185,639,536,4,742.93,2
1186,639,201,2,7494.39,26
1187,640,85,1,4503.73,34
1188,640,151,3,1370.34,40
1189,640,463,3,826.34,27
1190,641,325,3,8279.67,19
1191,642,351,1,30346.06,32
1192,642,347,2,235.88,11
1193,643,222,4,4158.62,25
1194,643,550,3,5533.63,5
1195,644,77,3,5252.69,0
1196,645,100,1,2867.98,0
1197,646,494,4,8840.03,17
1198,647,432,4,54753.67,4
1199,648,383,1,1201.56,12
1200,649,97,4,23220.74,9
1201,650,307,1,2625.2,0
1202,651,166,4,2709.23,0
1203,651,440,4,4554.24,0
1204,651,237,5,356.23,24
1205,652,579,4,2378.86,26
1206,652,118,5,2504.05,18
1207,653,588,1,3540.45,3
1208,654,474,3,4401.07,0
1209,654,255,4,10963.34,6
1210,654,4,2,8611.79,0
1211,654,523,4,7307.23,20
1212,655,238,2,1972.87,4
1213,655,306,2,65235.9,2
1214,655,460,2,1615.8,2
1215,655,260,4,3590.59,0
1216,656,84,3,2046.32,20
1217,656,251,2,2529.86,9
1218,656,494,5,10498.02,40
1219,657,505,4,2012.8,0
1220,657,421,5,781.75,0
1221,658,392,1,5609.4,33
1222,659,569,5,274.4,0
1223,659,571,4,6711.68,8
1224,659,63,1,1932.61,36
1225,660,466,2,8262.16,0
1226,660,234,2,1948.76,39
1227,660,463,3,1084.76,24
1228,660,349,1,1754.81,33
1229,661,450,2,3770.63,0
1230,661,350,3,9052.31,40
1231,662,369,5,4483.77,29
1232,662,108,1,1479.33,10
1233,662,461,3,72457.77,7
1234,663,467,2,885.25,4
1235,663,275,1,237.83,0
1236,664,542,3,384.52,28
1237,664,187,4,1198.69,29
1238,665,454,4,1353.69,0
1239,665,211,5,613.58,0
1240,666,189,4,9422.93,30
1241,666,367,1,49768.94,3
1242,667,553,2,326.49,37
1243,668,147,2,974.01,5
1244,669,29,4,8076.01,12
1245,669,3,4,4646.83,4
1246,669,402,3,1088.01,2
1247,670,50,1,2010.33,5
1248,671,345,3,1574.59,0
1249,671,593,5,57740.06,27
1250,671,147,5,772.8,29
1251,672,136,3,1760.85,9
1252,673,458,5,2076.96,23
1253,673,134,2,21833.11,0
1254,674,334,5,321.2,34
1255,674,135,5,3448.69,0
1256,674,532,4,3588.72,24
1257,675,582,3,4737.36,14
1258,675,592,4,525.14,0
1259,675,188,5,3048.65,1
1260,676,184,5,1964.63,20
1261,676,151,2,1270.35,18
1262,677,305,3,624.04,5
1263,677,141,1,7368.23,0
1264,678,19,1,22957.49,11
1265,678,283,2,23779.89,0
1266,679,350,3,12937.79,0
1267,679,587,3,1441.26,15
1268,680,548,1,857.57,14
1269,681,158,2,987.82,5
1270,681,351,5,27225.56,0
1271,681,46,1,3066.9,14
1272,681,29,5,5630.38,0
1273,682,563,3,3441.85,3
1274,682,4,3,10131.12,13
1275,683,106,3,2598.59,27
1276,683,128,1,5376.1,10
1277,684,169,1,890.94,14
1278,685,318,2,2843.02,14
1279,685,163,4,3683.13,0
1280,685,72,2,3207.57,31
1281,686,445,4,8559.51,0
1282,687,351,3,25578.9,8
1283,688,371,4,654.93,38
1284,688,229,5,3095.68,14
1285,688,586,1,1770.4,15
1286,689,129,3,906.28,0
1287,689,52,5,11565.26,7
1288,690,426,2,4494.2,38
1289,691,142,2,2198.17,0
1290,691,237,1,311.1,36
1291,692,341,2,2433.82,19
1292,692,189,2,9849.6,31
1293,692,337,4,708.87,15
1294,693,129,5,701.64,6
1295,693,280,4,2848.88,10
1296,694,331,5,2971.84,31
1297,694,85,3,4189.58,0
1298,694,168,3,5402.2,0
1299,695,147,5,856.15,0
1300,695,308,4,11417.6,11
1301,696,501,2,12846.05,6
1302,696,54,3,958.44,7
1303,697,63,4,2053.58,24
1304,698,202,3,624.57,0
1305,699,218,5,1294.08,0
1306,700,228,3,6327.52,0
1307,700,227,-2,5603.35,6
1308,701,214,1,471.54,19
1309,701,157,3,36138.43,1
1310,701,384,2,4738.99,0
1311,702,75,4,2543.96,0
1312,703,92,3,9876.62,0
1313,704,274,1,7571.03,11
1314,704,350,4,9172.48,10
1315,705,90,2,734.89,17
1316,706,78,5,4477.56,27
1317,706,358,2,1467.4,40
1318,706,482,1,4655.35,13
1319,707,402,4,910.04,9
1320,707,285,4,1881.96,19
1321,707,138,1,6773.3,27
1322,707,443,2,695.15,13
1323,708,321,1,7317.84,10
1324,708,513,3,5618.88,30
1325,708,314,2,3684.32,16
1326,708,518,1,806.73,0
1327,709,428,1,3826.06,10
1328,710,513,5,6022.58,24
1329,710,401,1,36414.13,9
1330,711,549,3,2739.36,29
1331,711,47,3,4368.42,26
1332,712,550,2,4097.08,1
1333,712,160,4,2479.15,0
1334,712,298,4,5933.07,4
1335,713,529,2,22205.51,0
1336,714,455,5,5831.03,0
1337,714,262,3,2827.67,4
1338,714,82,3,2228.01,1
1339,715,428,4,4016.08,6
1340,715,104,1,2363.86,1
1341,716,412,2,39285.84,13
1342,716,450,2,3184.79,0
1343,716,542,3,527.33,23
1344,717,494,-1,7517.66,8
1345,717,111,5,8926.17,0
1346,718,158,1,851.96,0
1347,718,384,3,3900.8,0
1348,719,520,1,48282.12,9
1349,719,508,4,3774.89,0
1350,719,387,1,4237.26,0
1351,719,539,2,2533.53,0
1352,720,162,5,12881.52,1
1353,721,109,4,2226.8,11
1354,721,278,4,197.93,10
1355,722,535,5,2405.82,6
1356,723,414,-1,3844.73,23
1357,724,382,4,269.88,0
1358,725,378,5,23416.08,19
1359,726,170,5,282.83,2
1360,726,45,5,14600.57,0
1361,726,540,5,629.06,0
1362,727,199,4,293.94,7
1363,727,565,3,29862.9,21
1364,728,569,2,311.79,22
1365,729,473,2,2663.12,23
1366,730,113,5,5557.56,11
1367,730,125,3,3759.89,4
1368,730,7,4,194.12,18
1369,731,128,1,6818.54,20
1370,731,388,5,6590.69,8
1371,732,217,3,391.45,0
1372,732,203,1,3575.99,14
1373,733,351,1,23179.53,0
1374,734,3,3,3568.77,0
1375,734,282,1,263.13,0
1376,734,516,4,907.88,0
1377,735,400,3,6574.6,13
1378,735,484,5,1529.03,0
1379,735,220,4,3963.53,35
1380,736,4,5,7984.55,0
1381,736,296,1,3768.73,0
1382,737,230,2,24583.05,23
1383,738,570,1,4286.58,0
1384,738,38,-3,814.14,0
1385,739,170,3,286.41,0
1386,739,288,4,3460.27,8
1387,739,575,4,4827.35,14
1388,740,530,1,38836.5,28
1389,740,26,1,1178.8,16
1390,741,228,4,8183.27,22
1391,742,38,4,660.26,15
1392,742,588,4,3539.54,0
1393,742,96,3,222.09,13
1394,743,459,3,1074.07,11
1395,743,579,4,3121.66,0
1396,744,492,1,50729.78,23
1397,744,57,3,634.22,10
1398,744,414,3,4077.33,2
1399,744,468,2,49686.83,25
1400,745,159,3,1523.69,22
1401,745,574,3,3325.77,0
1402,746,491,4,197.4,0
1403,746,248,3,2546.42,15
1404,747,451,1,9960.19,0
1405,747,235,3,296.91,0
1406,748,26,4,1241.9,22
1407,749,270,4,6139.49,10
1408,750,105,3,1940.45,6
1409,751,237,5,335.88,3
1410,751,102,5,7107.09,34
1411,751,371,3,639.09,11
1412,752,178,4,785.22,18
1413,752,114,1,3267.92,0
1414,753,198,5,3341.2,13
1415,753,527,1,959.99,0
1416,754,525,2,32899.08,14
1417,754,385,5,25233.7,38
1418,755,490,2,5840.77,0
1419,755,269,5,889.45,0
1420,755,423,3,913.08,0
1421,756,544,5,2461.47,22
1422,756,539,4,2609.96,7
1423,756,229,1,2821.92,13
1424,756,447,5,33157.22,6
1425,757,474,4,4216.56,23
1426,758,586,2,2367.67,0
1427,758,412,4,37990.74,0
1428,759,582,3,4719.34,0
1429,759,425,3,310.2,40
1430,760,440,5,3717.12,0
1431,760,228,2,6353.93,10
1432,760,329,5,4411.12,26
1433,761,58,4,2245.87,8
1434,761,54,2,1098.47,0
1435,762,400,2,6547.02,39
1436,762,405,1,10176.41,0
1437,763,180,5,6051.18,34
1438,763,480,2,1368.35,0
1439,763,368,4,226.53,6
1440,764,150,3,3133.29,0
1441,764,222,4,3751.92,4
1442,765,364,4,665.1,0
1443,766,569,3,264.75,16
1444,767,371,4,458.29,0
1445,767,171,3,3322.94,0
1446,768,176,1,6803.64,12
1447,768,86,2,1375.48,27
1448,768,298,5,5908.01,0
1449,769,24,5,3909.7,0
1450,769,165,4,2531.39,15
1451,770,161,5,2143.99,6
1452,771,373,1,55813.51,5
1453,772,132,2,401.78,0
1454,773,463,2,844.3,3
1455,774,195,3,556.09,0
1456,775,210,5,1480.94,20
1457,775,574,1,2955.9,7
1458,776,437,5,9012.76,12
1459,777,2,3,1001.2,2
1460,778,271,5,24738.94,0
1461,779,566,1,1341.49,2
1462,779,147,5,941.11,0
1463,780,99,1,33035.65,1
1464,781,587,4,1571.56,4
1465,781,167,3,10890.03,0
1466,781,566,1,1394.87,4
1467,782,241,3,10764.2,12
1468,782,415,2,7245.52,11
1469,783,110,1,720.74,3
1470,784,186,4,7455.11,9
1471,784,227,1,5713.58,16
1472,785,368,5,245.28,12
1473,786,557,4,1323.14,25
1474,787,226,3,1479.63,0
1475,788,186,1,8188.38,10
1476,788,456,4,1312.57,2
1477,789,562,-2,1210.9,29
1478,789,453,3,14345.6,18
1479,789,1,5,9995.07,6
1480,790,40,1,1080.77,0
1481,790,211,2,547.62,0
1482,790,527,2,1118.59,0
1483,791,592,5,675.78,37
1484,791,508,3,3553.7,0
1485,792,491,5,210.88,0
1486,792,337,4,740.5,0
1487,792,498,5,612.76,15
1488,793,575,5,4600.97,33
1489,793,265,2,62454.23,0
1490,794,583,1,4843.38,0
1491,794,597,5,598.36,25
1492,794,321,4,9411.38,0
1493,795,45,4,14886.58,3
1494,795,395,3,816.14,30
1495,795,582,1,4426.38,0
1496,796,528,2,7317.82,36
1497,797,56,4,2556.36,10
1498,797,322,4,1682.79,11
1499,798,566,1,1241.88,22
1500,798,40,4,1094.63,1
1501,799,478,4,895.98,15
1502,800,27,1,1987.6,0
1503,801,514,3,3926.46,4
1504,802,134,5,20911.56,0
1505,802,142,4,1829.3,4
1506,803,122,3,6856.72,0
1507,803,144,2,3361.71,2
1508,804,35,5,5457.33,6
1509,804,43,2,8559.71,0
1510,805,317,3,194.39,24
1511,806,114,2,3600.81,15
1512,806,152,4,2425.26,1
1513,806,449,4,362.0,20
1514,807,243,1,859.02,7
1515,807,255,1,9347.08,6
1516,808,418,2,5698.8,8
1517,809,320,2,351.5,7
1518,809,64,3,7193.6,0
1519,810,251,4,2953.72,20
1520,810,435,-3,35585.99,1
1521,811,24,4,4260.74,1
1522,811,474,1,3072.76,0
1523,811,40,1,1157.6,5
1524,811,469,4,64777.74,15
1525,812,565,2,38170.96,14
1526,812,75,5,3303.49,13
1527,813,346,-1,6361.98,0
1528,814,573,2,1506.65,11
1529,815,465,1,539.16,31
1530,816,456,2,1290.99,0
1531,816,163,5,3889.85,18
1532,817,591,5,7956.08,7
1533,818,332,2,8845.84,16
1534,818,427,1,728.55,0
1535,819,351,2,23034.76,9
1536,819,481,4,338.43,0
1537,820,280,4,3249.85,17
1538,820,89,2,4082.34,30
1539,821,314,2,2820.36,10
1540,822,411,1,4180.32,5
1541,822,2,3,857.66,32
1542,822,35,3,6291.58,0
1543,822,207,1,41698.99,7
1544,823,592,3,532.46,0
1545,823,127,2,75225.24,3
1546,824,383,3,1085.99,1
1547,825,570,3,3695.84,0
1548,826,527,4,1332.77,0
1549,827,106,1,2021.29,0
1550,827,562,5,1072.2,7
1551,828,301,4,210.05,0
1552,828,585,1,14392.38,14
1553,829,29,-1,5833.98,11
1554,829,168,2,5088.1,0
1555,830,482,3,5202.2,8
1556,830,342,2,2378.61,39
1557,831,261,2,3549.58,11
1558,831,265,2,52733.77,5
1559,832,452,3,9990.02,0
1560,832,193,2,65359.8,0
1561,833,434,4,6128.82,11
1562,834,386,1,7044.01,0
1563,834,469,3,45805.37,0
1564,835,529,5,18610.51,10
1565,835,217,3,415.5,12
1566,836,272,-3,61538.08,0
1567,837,250,3,35979.43,0
1568,838,59,5,984.06,0
1569,839,524,5,789.54,0
1570,839,170,1,397.37,7
1571,840,465,2,554.13,0
1572,841,160,2,2995.36,3
1573,841,508,-2,3875.48,21
1574,841,530,4,34144.76,2
1575,842,289,4,8976.85,0
1576,842,313,-1,6919.35,30
1577,842,494,5,9604.46,0
1578,842,441,1,17949.62,17
1579,843,148,5,55101.47,8
1580,844,466,5,7904.26,0
1581,844,338,5,3640.47,0
1582,845,140,5,6580.77,7
1583,846,446,2,3504.54,2
1584,846,258,4,7368.58,0
1585,846,286,5,816.52,10
1586,846,358,4,1833.94,6
1587,847,136,2,1788.82,0
1588,848,259,5,1692.82,4
1589,849,134,4,17385.88,0
1590,850,181,4,1842.2,0
1591,851,361,4,20161.69,0
1592,851,79,2,4879.98,9
1593,852,49,4,1876.74,15
1594,852,523,3,7629.41,6
1595,853,82,5,2131.36,14
1596,853,181,3,2242.32,15
1597,853,554,4,1051.68,26
1598,854,400,5,8061.37,0
1599,854,514,2,4987.66,30
1600,855,46,2,2727.66,21
1601,856,472,1,9569.49,22
1602,856,18,2,3274.63,29
1603,857,454,4,1185.61,9
1604,858,483,2,7614.33,0
1605,859,495,4,4789.29,18
1606,860,187,5,1057.12,11
1607,861,378,4,33124.4,22
1608,861,133,4,3819.96,0
1609,861,219,3,1457.45,0
1610,862,474,2,3967.71,3
1611,863,459,1,1040.37,17
1612,863,157,3,28216.29,7
1613,863,229,5,3381.89,0
1614,864,426,4,5260.53,27
1615,865,293,4,453.94,28
1616,866,352,4,1204.9,5
1617,866,271,4,27146.73,0
1618,866,73,2,48185.24,6
1619,866,449,-2,485.92,4
1620,867,597,5,463.42,0
1621,867,500,-3,855.98,0
1622,867,49,2,1816.84,9
1623,867,248,5,2615.87,7
1624,868,435,5,37813.73,33
1625,869,554,1,1218.83,4
1626,870,203,3,3424.05,11
1627,870,170,5,291.11,6
1628,870,442,5,197.94,37
1629,871,507,3,1776.11,0
1630,872,246,4,4830.41,0
1631,873,294,1,2223.18,3
1632,873,376,2,570.7,37
1633,874,513,2,4816.18,0
1634,874,69,5,8361.6,5
1635,875,328,2,2636.02,0
1636,875,395,5,900.58,32
1637,876,308,1,10876.02,0
1638,876,94,2,4556.97,16
1639,877,206,4,8437.43,13
1640,878,91,5,14608.58,0
1641,879,325,5,10795.74,5
1642,879,259,1,2127.58,4
1643,880,89,5,3388.96,0
1644,881,239,3,7018.24,0
1645,882,443,2,839.85,0
1646,882,245,3,281.91,0
1647,883,89,2,4861.77,0
1648,884,574,1,3535.06,10
1649,884,541,1,2183.72,0
1650,884,120,5,4821.91,10
1651,885,223,2,726.82,0
1652,886,156,2,59912.55,11
1653,887,71,4,10285.73,4
1654,887,577,1,499.19,13
1655,887,37,3,1157.97,0
1656,887,163,1,4227.98,5
1657,888,505,1,2039.77,13
1658,889,508,4,4562.06,38
1659,889,471,2,11503.8,0
1660,889,404,1,6623.53,32
1661,890,57,3,609.97,16
1662,891,588,5,3277.91,1
1663,891,473,-3,3018.95,35
1664,891,407,4,19268.72,20
1665,892,473,-1,3174.85,32
1666,893,594,4,3465.32,11
1667,893,203,2,3893.43,16
1668,893,416,3,1785.41,25
1669,894,539,5,3537.17,3
1670,894,6,5,3368.96,26
1671,895,145,3,637.58,5
1672,895,116,2,400.7,29
1673,895,220,3,3277.56,13
1674,896,212,5,188.48,34
1675,896,198,2,3755.83,1
1676,897,450,3,3580.56,15
1677,898,273,1,3218.05,0
1678,898,234,1,1771.32,3
1679,899,125,3,3323.34,0
1680,900,260,1,2822.04,2
1681,900,220,4,3137.68,0
1682,900,315,4,1721.1,0
1683,901,171,4,2626.2,6
1684,901,277,4,77649.66,3
1685,902,389,5,5338.72,13
1686,902,92,3,9341.79,0
1687,902,323,3,5005.77,6
1688,902,435,-1,46462.82,35
1689,903,141,2,5484.84,4
1690,903,483,3,7480.01,39
1691,904,213,4,6708.68,37
1692,905,595,3,1370.56,0
1693,906,588,1,3452.05,6
1694,907,422,3,3488.82,0
1695,908,258,5,8410.27,0
1696,908,431,2,1193.09,6
1697,909,128,3,6307.14,0
1698,910,439,5,5607.51,39
1699,910,488,3,673.32,6
1700,911,115,4,2309.71,38
1701,911,458,2,1908.1,11
1702,911,327,5,3093.88,29
1703,911,565,2,33566.09,15
1704,912,94,1,4877.01,33
1705,912,106,2,2320.02,11
1706,913,77,2,5315.32,13
1707,914,296,2,4142.66,14
1708,915,154,5,356.32,3
1709,916,368,4,251.76,9
1710,916,50,2,1633.92,5
1711,917,99,1,36492.17,39
1712,917,67,5,1415.31,37
1713,918,285,1,1945.66,8
1714,918,119,4,2852.5,0
1715,918,84,1,2081.63,17
1716,919,311,2,4250.69,0
1717,919,529,5,22643.35,0
1718,920,495,3,4802.18,12
1719,920,58,4,2992.59,11
1720,920,177,3,2726.02,36
1721,920,569,1,265.13,3
1722,921,62,5,249.77,0
1723,921,441,3,20424.4,22
1724,921,370,4,1109.68,13
1725,921,112,1,908.38,0
1726,922,22,4,23516.65,0
1727,922,525,4,40576.74,40
1728,922,594,2,4191.72,40
1729,923,528,2,6606.88,3
1730,923,446,4,3816.94,29
1731,924,420,3,6697.15,37
1732,925,405,3,11276.67,7
1733,925,92,5,10632.49,0
1734,925,489,5,5975.15,0
1735,926,136,2,2114.44,3
1736,927,60,2,9047.07,11
1737,927,381,4,1372.74,38
1738,927,473,3,2360.97,7
1739,927,444,5,3525.07,5
1740,928,126,2,1288.22,8
1741,928,26,1,1131.85,14
1742,929,418,5,5148.37,0
1743,929,265,2,74509.27,0
1744,929,533,2,2537.02,14
1745,929,181,2,1968.79,0
1746,930,483,-3,7184.2,0
1747,931,35,2,4656.67,0
1748,931,202,1,590.48,0
1749,931,288,3,3796.53,2
1750,931,499,5,2344.55,8
1751,932,381,1,1653.33,11
1752,932,396,3,4374.5,25
1753,933,99,3,38435.68,13
1754,933,162,4,10190.03,12
1755,934,439,5,6862.54,39
1756,934,539,5,3448.0,1
1757,935,480,5,1233.62,2
1758,935,244,2,642.85,34
1759,936,354,3,1444.23,0
1760,937,447,4,36195.48,9
1761,938,413,4,7280.99,0
1762,938,305,5,764.46,4
1763,938,367,5,52329.93,4
1764,939,481,4,280.63,34
1765,940,453,3,13388.63,7
1766,941,345,5,1246.73,10
1767,942,425,3,307.75,0
1768,942,60,5,6699.28,39
1769,943,150,4,3286.18,7
1770,944,360,4,23096.13,38
1771,944,175,2,6619.01,0
1772,944,67,4,958.68,0
1773,944,11,3,3110.05,0
1774,945,158,4,1162.12,40
1775,946,203,4,4428.41,0
1776,946,442,1,192.04,0
1777,946,100,4,3884.44,12
1778,947,573,-2,1650.85,23
1779,947,429,4,4606.88,31
1780,948,240,5,2307.67,39
1781,948,334,2,342.21,11
1782,949,90,5,744.15,25
1783,950,542,5,569.05,23
1784,951,413,5,7016.88,0
1785,952,154,2,460.53,34
1786,953,403,5,1910.77,0
1787,954,367,3,49726.6,0
1788,954,105,3,2083.78,0
1789,954,534,5,8847.2,5
1790,955,1,3,7114.24,0
1791,956,441,5,19692.42,0
1792,957,347,1,206.78,10
1793,958,360,5,25432.36,0
1794,959,46,1,2828.99,6
1795,959,221,2,1078.59,38
1796,960,103,2,6603.61,40
1797,961,347,4,232.74,0
1798,962,363,4,2146.56,15
1799,962,395,1,953.36,0
1800,962,411,3,3574.1,0
1801,963,228,5,6862.01,29
1802,963,505,1,2053.56,11
1803,963,152,5,2382.41,33
1804,964,375,1,5405.36,2
1805,964,158,5,1117.93,0
1806,964,591,3,7413.09,40
1807,964,43,1,10035.76,0
1808,965,508,3,3963.65,3
1809,965,554,1,1085.01,21
1810,965,135,1,3920.44,34
1811,965,380,1,408.27,0
1812,966,50,1,2036.83,0
1813,966,236,5,3896.65,0
1814,967,521,4,8705.95,29
1815,968,292,3,35176.38,32
1816,969,108,1,1354.37,11
1817,969,415,5,6037.27,0
1818,969,67,2,1359.08,0
1819,969,126,4,1398.01,33
1820,970,417,1,3336.49,12
1821,971,40,5,923.84,0
1822,972,361,1,19662.47,11
1823,972,514,1,3742.81,8
1824,973,571,2,7364.96,15
1825,974,265,2,57563.21,5
1826,975,298,5,7926.2,30
1827,975,184,3,2246.92,0
1828,976,400,5,8045.44,0
1829,977,293,4,549.92,7
1830,978,385,5,26534.34,3
1831,979,457,4,8911.43,20
1832,979,554,4,1425.93,5
1833,980,410,5,9168.53,13
1834,981,128,4,5245.75,8
1835,981,303,1,405.07,31
1836,982,152,3,1917.9,0
1837,983,400,-2,8492.65,9
1838,983,400,1,6521.56,14
1839,983,154,1,468.2,15
1840,984,193,1,55735.31,7
1841,984,236,3,2985.84,39
1842,984,127,1,72375.66,0
1843,985,232,1,2793.33,36
1844,986,32,5,2204.3,4
1845,987,202,4,577.52,0
1846,987,312,1,2631.94,29
1847,987,151,2,1191.91,37
1848,988,515,1,832.99,13
1849,988,155,3,1152.67,32
1850,989,446,2,3547.73,30
1851,989,356,2,5779.42,5
1852,989,546,2,2950.64,0
1853,990,191,2,867.38,18
1854,991,571,2,6508.98,4
1855,991,236,5,2911.92,0
1856,991,269,4,809.31,28
1857,991,546,2,3178.23,26
1858,992,458,1,1651.02,11
1859,992,74,2,2322.12,0
1860,992,381,2,1430.91,11
1861,993,85,3,3653.92,36
1862,994,397,1,1725.69,34
1863,995,314,3,3163.23,0
1864,995,491,1,198.87,0
1865,996,284,5,790.42,7
1866,997,47,2,3780.19,5
1867,998,556,3,2874.11,18
1868,998,537,5,68191.8,0
1869,999,134,1,19587.96,0
1870,999,468,4,44932.8,31
1871,1000,47,2,3546.46,23
1872,1000,330,3,3974.87,0
1873,1001,121,3,145.5,0
1874,1002,475,3,5034.55,0
1875,1003,413,4,9500.31,13
1876,1004,461,4,56505.69,33
1877,1005,186,5,7565.71,22
1878,1006,551,2,240.78,0
1879,1006,268,2,49126.4,25
1880,1007,442,5,202.61,15
1881,1008,34,3,12340.09,0
1882,1008,271,2,30713.72,12
1883,1008,576,1,9549.33,5
1884,1008,158,3,806.45,0
1885,1009,91,4,12488.64,38
1886,1009,231,4,283.26,2
1887,1010,594,3,4593.33,33
1888,1010,382,5,238.54,10
1889,1011,107,2,1598.01,15
1890,1011,591,4,8333.24,7
1891,1011,500,3,778.86,0
1892,1012,317,1,208.69,2
1893,1012,569,1,325.05,0
1894,1012,504,2,430.15,37
1895,1013,118,3,2479.75,0
1896,1013,109,3,2574.42,0
1897,1013,204,4,2711.38,0
1898,1014,14,-3,1184.45,19
1899,1014,394,3,3955.67,25
1900,1014,585,1,16938.34,4
1901,1014,28,4,341.15,7
1902,1015,186,1,7018.66,21
1903,1016,443,3,751.95,32
1904,1016,582,5,4703.68,5
1905,1017,373,3,64499.19,21
1906,1017,501,-1,12730.33,5
1907,1018,478,4,1201.69,0
1908,1018,435,5,40875.98,33
1909,1018,564,4,3915.13,13
1910,1019,206,3,9529.85,0
1911,1019,218,2,1117.69,0
1912,1020,154,4,401.32,40
1913,1021,271,3,32355.63,7
1914,1021,598,3,3711.99,27
1915,1022,245,3,387.32,14
1916,1022,133,-2,3154.88,8
1917,1022,6,5,4213.64,12
1918,1023,233,5,53055.12,30
1919,1024,568,1,1214.48,0
1920,1025,547,3,36677.86,3
1921,1026,389,3,4608.54,24
1922,1027,227,4,7448.54,0
1923,1028,396,2,4832.66,5
1924,1029,145,4,608.34,9
1925,1030,207,3,34714.45,0
1926,1031,404,4,5592.24,20
1927,1031,202,5,526.96,0
1928,1031,55,5,1896.69,0
1929,1031,501,4,13313.85,37
1930,1032,402,3,947.17,15
1931,1033,208,5,36471.11,14
1932,1033,270,3,6453.06,14
1933,1034,485,5,1321.28,1
1934,1034,188,4,4194.04,1
1935,1035,343,4,7294.43,36
1936,1035,555,1,852.31,4
1937,1036,224,5,3041.59,8
1938,1037,534,3,7982.79,22
1939,1037,255,4,9857.88,26
1940,1038,12,4,626.29,11
1941,1038,373,1,74389.12,5
1942,1039,541,2,2186.41,5
1943,1039,276,5,1073.27,4
1944,1039,360,4,27492.5,0
1945,1039,8,3,41583.31,8
1946,1040,194,1,6414.02,0
1947,1040,400,3,9120.98,31
1948,1041,515,3,842.49,15
1949,1042,324,5,330.33,0
1950,1042,381,-3,1929.15,3
1951,1043,128,3,6889.46,17
1952,1043,412,4,35309.77,21
1953,1043,367,4,56897.35,4
1954,1044,121,3,141.28,1
1955,1044,214,-1,606.1,11
1956,1045,335,-1,855.44,0
1957,1046,394,5,4254.88,32
1958,1047,34,5,12254.06,0
1959,1047,295,4,7954.35,40
1960,1047,458,2,1958.1,0
1961,1048,336,2,6726.64,14
1962,1048,498,2,500.85,9
1963,1049,135,5,3973.99,0
1964,1050,479,4,317.98,0
1965,1051,43,2,8922.63,29
1966,1051,337,3,636.11,7
1967,1051,347,1,255.24,0
1968,1052,334,1,284.16,5
1969,1052,298,1,6309.86,8
1970,1053,361,5,27111.18,27
1971,1054,80,1,479.88,11
1972,1054,338,3,4211.27,31
1973,1055,589,2,552.6,0
1974,1056,296,5,3221.7,10
1975,1057,64,3,8630.64,10
1976,1058,427,4,737.61,14
1977,1059,578,3,2037.21,0
1978,1060,227,3,7354.51,13
1979,1061,22,4,29131.74,40
1980,1062,495,4,4745.49,27
1981,1062,207,3,40892.89,0
1982,1063,374,3,1362.45,6
1983,1064,373,4,78072.05,33
1984,1065,209,3,11027.57,38
1985,1065,425,4,295.95,13
1986,1066,595,-2,1437.32,0
1987,1067,380,3,419.54,0
1988,1067,593,4,56899.08,28
1989,1068,249,1,214.61,34
1990,1068,531,5,1556.54,0
1991,1068,381,5,1419.3,27
1992,1069,166,4,2075.02,12
1993,1070,223,5,612.93,21
1994,1070,242,5,1250.67,36
1995,1071,546,5,2458.32,0
1996,1072,464,4,3039.51,20
1997,1072,557,2,1236.35,0
1998,1072,415,4,6010.59,12
1999,1073,264,4,1055.42,0
2000,1073,507,5,1636.59,35
2001,1073,336,5,8605.9,30
2002,1074,581,2,425.08,11
2003,1075,394,5,4086.07,10
2004,1075,95,3,3614.08,0
2005,1075,286,1,934.66,34
2006,1075,569,5,277.98,10
2007,1076,532,1,2721.75,21
2008,1076,591,2,9626.29,0
2009,1077,503,2,2764.63,0
2010,1078,277,1,71397.78,2
2011,1078,504,3,493.08,6
2012,1079,272,3,56941.83,13
2013,1080,409,3,3305.39,7
2014,1081,362,3,54443.99,15
2015,1082,435,3,47919.86,22
2016,1082,230,2,20720.04,24
2017,1083,258,3,6037.51,18
2018,1084,454,3,1165.39,0
2019,1084,334,1,278.37,9
2020,1085,349,4,1601.67,26
2021,1085,561,3,3109.67,22
2022,1086,577,5,427.97,29
2023,1086,210,2,1625.03,0
2024,1086,286,2,906.67,0
2025,1087,518,5,851.48,0
2026,1087,155,2,1210.26,30
2027,1087,303,5,336.49,0
2028,1087,136,-1,2039.73,0
2029,1088,297,2,962.98,0
2030,1089,7,4,248.41,0
2031,1089,42,4,9173.45,0
2032,1089,563,5,3615.44,22
2033,1089,113,3,5781.43,0
2034,1090,130,4,331.24,3
2035,1091,45,2,12304.81,29
2036,1092,23,4,3862.34,6
2037,1093,143,1,4027.11,31
2038,1094,322,-2,2197.9,37
2039,1095,43,4,8233.56,0
2040,1095,183,1,2662.79,30
2041,1096,185,2,533.66,23
2042,1096,237,1,353.79,25
2043,1097,84,4,2053.53,15
2044,1097,193,2,63603.86,0
2045,1098,272,4,66469.67,11
2046,1099,26,2,1106.13,14
2047,1100,313,5,7442.03,2
2048,1101,401,3,36108.89,22
2049,1102,494,3,7854.57,0
2050,1103,289,1,11904.15,30
2051,1103,34,2,10167.69,0
2052,1103,63,1,2033.88,0
2053,1104,230,2,22994.87,10
2054,1104,460,5,1756.75,8
2055,1104,384,1,4036.92,23
2056,1105,245,1,275.68,1
2057,1105,372,5,676.24,0
2058,1105,76,4,3519.76,7
2059,1106,264,3,1130.58,0
2060,1107,364,2,630.28,4
2061,1107,510,4,2278.0,0
2062,1107,13,4,966.72,7
2063,1107,187,4,1266.36,0
2064,1108,393,1,55621.97,16
2065,1109,226,4,1644.31,0
2066,1110,570,1,3002.27,22
2067,1110,512,4,760.87,6
2068,1111,477,4,281.34,2
2069,1111,476,2,827.3,0
2070,1112,411,3,4496.2,8
2071,1113,371,4,578.01,34
2072,1113,153,1,5791.75,19
2073,1113,378,4,33545.5,34
2074,1113,471,3,11328.43,10
2075,1114,366,1,7362.46,15
2076,1115,194,3,6406.27,12
2077,1115,509,3,1793.33,5
2078,1116,342,5,2491.32,6
2079,1117,128,2,6742.63,14
2080,1117,64,4,7237.54,0
2081,1118,115,5,2038.31,0
2082,1118,379,2,6580.02,23
2083,1118,490,5,4623.22,0
2084,1119,489,3,4868.18,6
2085,1119,176,1,7364.72,33
2086,1119,260,4,2738.44,9
2087,1120,202,3,493.86,34
2088,1120,131,2,1960.48,11
2089,1120,344,1,871.78,37
2090,1121,383,1,1342.45,12
2091,1121,495,5,3891.87,2
2092,1121,217,3,422.29,32
2093,1122,339,4,1586.83,0
2094,1123,528,1,6364.8,38
2095,1123,462,3,2077.7,0
2096,1124,417,5,3491.26,16
2097,1124,550,3,4518.14,0
2098,1125,280,3,2713.07,0
2099,1125,150,4,3580.03,0
2100,1125,286,5,1039.35,19
2101,1125,73,5,48890.48,35
2102,1126,117,2,3138.84,14
2103,1126,379,4,6901.37,25
2104,1127,80,1,480.73,0
2105,1127,379,4,6222.07,0
2106,1127,166,4,2890.73,0
2107,1128,4,2,10058.39,0
2108,1128,399,5,41584.82,11
2109,1128,5,4,6406.08,8
2110,1128,235,3,406.97,35
2111,1129,266,4,11390.36,0
2112,1129,256,5,1226.66,1
2113,1129,367,1,44790.71,2
2114,1130,182,1,880.13,11
2115,1130,409,1,2742.79,10
2116,1131,88,5,75621.38,0
2117,1131,202,4,635.49,1
2118,1132,69,3,10319.69,15
2119,1132,450,5,3521.08,0
2120,1132,61,3,7281.82,0
2121,1132,599,1,3617.65,5
2122,1133,277,5,56311.42,0
2123,1133,526,3,47292.75,0
2124,1133,124,3,47416.57,16
2125,1134,32,1,2563.09,3
2126,1134,519,3,2604.58,32
2127,1134,401,4,37294.37,2
2128,1135,128,2,5974.38,26
2129,1135,105,4,1678.16,0
2130,1136,321,2,9684.73,0
2131,1136,98,1,430.25,0
2132,1136,368,4,247.83,0
2133,1137,13,2,995.37,12
2134,1137,403,4,2320.5,0
2135,1138,253,3,5544.63,17
2136,1139,31,3,2538.72,12
2137,1139,549,4,2829.43,7
2138,1140,54,5,1234.26,31
2139,1140,77,1,5473.23,25
2140,1141,247,2,5251.57,0
2141,1142,505,2,1993.38,0
2142,1142,443,3,714.34,37
2143,1143,213,5,9012.29,40
2144,1143,240,5,2443.65,4
2145,1144,174,5,513.78,22
2146,1144,171,4,3151.33,31
2147,1144,41,3,233.85,30
2148,1145,534,5,9791.47,18
2149,1146,192,1,21483.89,5
2150,1146,59,-2,1090.19,11
2151,1147,572,5,15942.34,10
2152,1148,410,2,8557.86,29
2153,1148,425,2,258.64,16
2154,1149,368,1,276.16,24
2155,1149,285,2,1571.09,0
2156,1149,194,1,6560.31,0
2157,1150,363,1,2283.38,0
2158,1151,317,3,155.24,0
2159,1152,11,3,2881.05,8
2160,1152,146,2,41963.46,14
2161,1152,515,4,832.34,22
2162,1153,177,2,3216.63,0
2163,1153,65,5,442.21,0
2164,1153,315,4,1716.2,20
2165,1154,166,4,3008.95,23
2166,1155,223,1,639.06,23
2167,1155,108,1,1254.18,0
2168,1156,343,5,9464.11,0
2169,1157,98,5,383.43,7
2170,1157,382,1,321.19,3
2171,1157,312,1,2540.39,0
2172,1157,531,3,1213.29,11
2173,1158,197,2,9343.83,10
2174,1159,12,2,672.64,5
2175,1159,508,3,3720.94,0
2176,1159,422,3,2590.99,25
2177,1160,13,3,774.66,6
2178,1161,585,3,15860.01,13
2179,1161,131,2,2219.0,13
2180,1162,501,4,9860.09,9
2181,1162,573,5,1629.3,15
2182,1163,449,3,372.74,8
2183,1163,132,2,385.34,10
2184,1164,165,1,2580.01,1
2185,1164,259,3,1828.2,32
2186,1165,468,2,51389.76,0
2187,1166,593,4,69820.55,1
2188,1166,110,3,867.78,9
2189,1166,583,1,4978.8,6
2190,1166,144,1,3086.58,0
2191,1167,188,4,3894.76,16
2192,1168,322,4,1520.39,1
2193,1169,364,2,717.41,3
2194,1169,355,3,2738.24,0
2195,1170,290,1,8174.72,9
2196,1171,480,5,1169.27,34
2197,1172,139,1,1009.74,30
2198,1173,10,-3,1032.72,18
2199,1173,178,3,1051.64,6
2200,1174,287,1,684.3,12
2201,1174,419,4,3072.67,20
2202,1175,300,3,5508.84,0
2203,1176,482,1,3757.65,2
2204,1176,15,2,613.35,13
2205,1177,230,1,18680.62,14
2206,1177,543,5,848.28,11
2207,1178,62,2,213.56,13
2208,1178,104,4,2605.32,32
2209,1178,588,2,3360.69,3
2210,1179,541,1,2393.71,0
2211,1180,296,2,2985.87,5
2212,1181,100,5,2864.1,0
2213,1181,487,-2,1757.84,0
2214,1181,159,3,1573.26,0
2215,1182,339,2,1285.88,15
2216,1182,211,1,507.42,0
2217,1182,28,-1,288.93,4
2218,1183,55,1,1433.84,2
2219,1183,168,4,4738.17,39
2220,1184,574,3,3241.58,0
2221,1184,420,1,6258.47,13
2222,1184,319,3,2359.01,12
2223,1185,338,3,4102.62,15
2224,1185,158,4,1080.99,0
2225,1185,110,3,798.37,14
2226,1186,197,2,10464.38,23
2227,1187,212,3,186.41,9
2228,1187,508,3,4213.95,0
2229,1188,462,2,2649.67,25
2230,1188,367,2,51764.97,8
2231,1189,281,5,4454.21,4
2232,1190,55,1,1607.59,32
2233,1191,560,4,8721.01,27
2234,1192,509,4,1696.65,14
2235,1192,298,-1,5788.5,0
2236,1192,161,3,2743.29,12
2237,1193,445,1,8885.55,0
2238,1194,259,4,1873.79,7
2239,1194,107,4,1408.55,0
2240,1195,61,2,7737.84,0
2241,1196,521,5,6771.29,3
2242,1196,367,2,42979.78,2
2243,1197,425,3,323.45,38
2244,1198,363,4,2428.5,30
2245,1199,505,3,2318.24,13
2246,1199,110,5,881.75,0
2247,1200,219,5,1289.62,11
2248,1201,419,3,3514.82,0
2249,1202,345,3,1225.39,7
2250,1202,126,1,1479.47,12
2251,1202,166,1,2704.64,11
2252,1202,366,2,7858.44,12
2253,1203,431,4,926.17,0
2254,1203,272,2,53222.04,0
2255,1203,137,4,3134.5,40
2256,1203,192,1,21724.46,0
2257,1204,452,2,7845.51,0
2258,1205,535,4,2865.94,28
2259,1205,352,2,1084.92,15
2260,1205,115,1,1688.01,0
2261,1205,570,4,3905.32,0
2262,1206,239,4,7327.84,19
2263,1206,488,2,719.06,2
2264,1207,164,4,1977.0,36
2265,1208,539,2,3341.46,0
2266,1208,155,-3,1257.89,21
2267,1209,599,3,3863.11,11
2268,1210,39,2,686.8,35
2269,1211,529,4,17317.75,30
2270,1211,31,2,1951.97,15
2271,1211,59,4,1054.59,5
2272,1212,287,1,992.04,1
2273,1213,506,3,1299.5,6
2274,1213,347,1,237.95,2
2275,1214,449,2,401.83,10
2276,1215,183,5,2978.32,0
2277,1216,41,3,237.3,0
2278,1216,332,1,10474.27,0
2279,1217,396,3,4735.07,22
2280,1217,294,1,2438.83,40
2281,1218,35,4,6202.55,11
2282,1219,369,5,4428.84,0
2283,1219,405,4,9995.09,25
2284,1220,242,5,1334.27,6
2285,1220,54,1,971.29,4
2286,1221,535,2,2519.51,4
2287,1222,3,3,4601.14,4
2288,1223,458,3,2000.33,38
2289,1223,143,1,4643.73,37
2290,1223,163,4,4196.54,0
2291,1224,496,2,1331.52,0
2292,1225,469,5,52576.26,10
2293,1225,146,3,54572.01,0
2294,1225,553,1,352.09,0
2295,1226,48,2,6030.49,18
2296,1226,252,4,4430.01,10
2297,1227,549,3,2605.52,30
2298,1227,452,1,10018.36,0
2299,1228,387,1,5866.32,0
2300,1229,285,5,1900.38,25
2301,1230,397,5,2008.12,0
2302,1231,470,4,5128.86,31
2303,1231,309,1,748.01,6
2304,1231,125,5,3985.15,12
2305,1232,501,5,10606.03,0
2306,1233,516,5,1061.03,12
2307,1233,177,1,2700.15,12
2308,1234,537,2,59602.0,1
2309,1234,126,2,1077.03,0
2310,1235,524,3,619.7,0
2311,1236,273,1,3183.91,12
2312,1236,304,3,1307.55,0
2313,1236,102,4,8118.09,6
2314,1237,461,4,74392.36,12
2315,1237,258,4,5994.8,0
2316,1238,351,2,24004.26,26
2317,1238,73,4,42356.81,10
2318,1239,572,5,11774.4,25
2319,1239,146,-1,52828.95,9
2320,1240,175,5,6519.71,11
2321,1241,283,1,29865.01,3
2322,1242,208,5,35266.88,0
2323,1242,57,2,611.39,0
2324,1242,21,1,50509.92,0
2325,1242,22,4,26195.04,6
2326,1243,137,3,3634.62,0
2327,1244,469,3,60602.5,9
2328,1245,586,5,1989.29,12
2329,1245,337,3,751.41,15
2330,1245,254,2,4068.7,13
2331,1245,551,4,178.49,33
2332,1246,397,1,1962.59,34
2333,1247,443,2,838.83,10
2334,1247,432,2,44102.84,37
2335,1247,291,2,4393.57,14
2336,1248,196,4,5336.62,0
2337,1248,5,2,9011.08,31
2338,1249,60,5,8971.56,20
2339,1249,193,5,57679.66,0
2340,1250,375,1,4889.53,27
2341,1250,392,2,5329.86,12
2342,1250,188,2,3632.15,0
2343,1251,218,3,999.43,0
2344,1251,132,3,469.37,0
2345,1251,507,3,1941.72,32
2346,1252,281,2,4597.39,0
2347,1253,51,4,9259.2,0
2348,1253,253,2,6239.81,11
2349,1253,477,1,229.3,0
2350,1253,13,4,974.47,3
2351,1254,248,2,2270.83,0
2352,1254,447,3,32285.45,0
2353,1255,231,3,245.59,2
2354,1256,399,4,44842.59,11
2355,1257,591,2,7567.49,17
2356,1257,71,3,9506.31,24
2357,1257,228,2,6858.19,35
2358,1258,339,5,1270.79,0
2359,1258,579,1,2777.45,0
2360,1259,113,2,6058.8,4
2361,1259,372,3,830.24,0
2362,1259,92,4,9293.21,17
2363,1260,334,5,266.55,0
2364,1260,258,2,6707.18,21
2365,1261,429,5,3488.97,40
2366,1261,8,1,34125.13,15
2367,1262,327,2,2737.97,32
2368,1262,457,5,8019.34,35
2369,1263,382,2,224.96,1
2370,1264,144,3,3874.21,31
2371,1265,291,4,3707.16,8
2372,1265,317,4,156.0,5
2373,1265,226,2,1791.99,36
2374,1266,424,5,8870.15,0
2375,1266,421,2,937.02,8
2376,1266,70,5,2317.92,14
2377,1267,368,5,252.36,0
2378,1267,235,2,323.38,34
2379,1268,529,3,17099.03,0
2380,1268,131,3,2132.61,31
2381,1269,203,4,3777.57,0
2382,1269,72,3,3026.38,0
2383,1270,48,5,5798.16,3
2384,1270,147,-1,785.34,13
2385,1270,195,5,503.94,0
2386,1271,313,5,5712.18,5
2387,1271,443,5,760.49,1
2388,1271,218,3,1114.05,0
2389,1271,449,5,387.15,7
2390,1272,576,2,10168.42,37
2391,1273,216,5,2290.93,11
2392,1273,17,5,3095.12,6
2393,1274,189,4,9306.07,22
2394,1274,147,3,935.95,8
2395,1275,423,5,873.23,31
2396,1276,277,4,74212.27,0
2397,1276,258,4,6166.1,19
2398,1277,396,1,4817.93,14
2399,1278,563,4,4244.59,32
2400,1278,174,3,460.11,16
2401,1279,369,1,4734.1,12
2402,1279,89,2,3691.19,33
2403,1280,241,1,9995.37,2
2404,1281,481,4,374.22,11
2405,1282,254,5,3204.19,37
2406,1282,164,1,1460.85,9
2407,1283,157,2,29121.27,18
2408,1284,405,2,10644.88,1
2409,1285,497,1,747.96,10
2410,1286,116,2,493.57,0
2411,1287,498,3,589.56,0
2412,1287,6,1,4150.15,0
2413,1287,475,4,5256.11,22
2414,1288,302,3,1191.17,32
2415,1289,382,1,299.29,5
2416,1289,117,4,2338.89,12
2417,1290,495,2,3698.55,0
2418,1291,533,1,2230.41,0
2419,1291,582,1,4805.38,2
2420,1292,384,5,4268.8,0
2421,1293,359,2,719.51,6
2422,1294,168,1,4079.25,8
2423,1295,542,2,456.19,0
2424,1296,411,4,3205.05,30
2425,1296,550,4,5559.96,1
2426,1296,342,2,2822.87,13
2427,1297,17,2,3137.73,5
2428,1298,347,2,186.95,11
2429,1298,203,1,3864.23,2
2430,1298,29,4,6298.65,9
2431,1299,299,4,11804.36,4
2432,1300,504,1,422.12,23
2433,1301,403,3,2497.9,0
2434,1301,336,1,9276.06,8
2435,1302,454,2,1186.36,0
2436,1302,561,2,3516.95,0
2437,1303,262,1,2380.76,0
2438,1303,41,-2,165.97,0
2439,1303,481,3,330.2,0
2440,1304,403,3,2593.54,14
2441,1305,570,4,3854.76,21
2442,1305,261,1,3961.59,1
2443,1305,557,1,1164.46,0
2444,1306,128,1,7170.12,5
2445,1307,412,4,50695.88,0
2446,1307,579,4,2236.92,0
2447,1308,433,3,1493.59,30
2448,1309,157,2,27738.64,6
2449,1310,167,4,8621.13,22
2450,1310,61,5,6848.28,0
2451,1311,578,5,1712.92,12
2452,1312,176,5,8119.14,36
2453,1312,484,1,2158.97,0
2454,1312,516,4,963.27,10
2455,1312,394,3,3315.71,0
2456,1313,327,4,3139.04,12
2457,1313,567,5,1363.02,3
2458,1314,232,2,3551.15,0
2459,1315,421,4,862.77,0
2460,1315,137,1,3804.65,38
2461,1315,182,4,882.51,14
2462,1316,223,2,498.28,5
2463,1317,121,3,145.14,0
2464,1317,108,4,1447.3,25
2465,1317,341,4,2500.72,14
2466,1318,307,2,2582.62,7
2467,1318,376,1,584.41,0
2468,1319,178,3,895.23,35
2469,1319,453,2,13647.61,6
2470,1320,541,4,2157.39,13
2471,1320,3,1,4918.45,27
2472,1321,542,2,474.13,21
2473,1321,241,1,9685.36,0
2474,1322,202,-3,486.78,28
2475,1323,245,4,357.13,7
2476,1323,49,1,2130.01,1
2477,1323,399,1,45571.58,14
2478,1324,457,3,9306.83,3
2479,1325,38,4,758.51,0
2480,1325,86,3,1297.04,15
2481,1326,196,1,3917.3,0
2482,1327,493,2,3311.1,29
2483,1327,524,2,556.9,3
2484,1327,82,3,2576.14,5
2485,1328,405,4,13076.35,13
2486,1328,268,2,46088.2,0
2487,1328,277,2,53741.09,23
2488,1329,547,4,42355.19,0
2489,1330,330,5,3527.43,8
2490,1330,448,2,5125.45,12
2491,1331,236,1,3327.7,10
2492,1332,548,2,746.81,25
2493,1332,103,1,6326.33,5
2494,1333,5,3,6856.63,1
2495,1334,27,2,2170.24,11
2496,1334,393,4,65176.94,7
2497,1334,480,-2,1071.88,0
2498,1335,298,2,7204.9,25
2499,1336,107,-1,1892.72,0
2500,1337,240,3,2028.21,3
2501,1337,482,4,5490.52,17
2502,1338,428,3,3252.1,15
2503,1338,259,5,2045.72,39
2504,1339,78,2,4639.77,14
2505,1340,469,5,45916.21,31
2506,1341,162,4,11555.57,0
2507,1341,439,3,5793.28,10
2508,1341,599,5,3685.72,14
2509,1342,39,-3,748.63,2
2510,1343,132,3,474.13,31
2511,1344,557,3,1370.93,35
2512,1345,254,3,3655.38,0
2513,1346,172,1,62102.52,3
2514,1347,270,4,7025.08,8
2515,1348,534,2,11018.32,10
2516,1349,43,3,10488.78,0
2517,1349,394,1,3221.74,39
2518,1350,517,3,3247.82,0
2519,1351,441,1,19227.75,35
2520,1351,90,2,747.37,0
2521,1352,33,5,608.5,39
2522,1352,511,4,739.64,14
2523,1352,468,4,47544.32,35
2524,1353,517,1,4366.95,0
2525,1354,114,1,3005.28,10
2526,1354,381,2,1399.52,39
2527,1354,197,2,12065.82,2
2528,1355,72,3,3138.95,39
2529,1355,476,1,742.77,20
2530,1356,395,4,770.02,19
2531,1357,520,4,39343.41,29
2532,1358,251,3,2663.11,15
2533,1358,56,2,1941.52,26
2534,1359,354,2,1162.35,40
2535,1359,520,5,45966.13,2
2536,1359,186,5,8753.86,35
2537,1360,308,5,8300.35,11
2538,1360,597,1,549.1,26
2539,1361,301,3,283.04,23
2540,1362,265,1,54923.09,20
2541,1363,539,4,2910.02,31
2542,1363,71,5,9939.67,10
2543,1363,47,1,3778.08,17
2544,1364,234,4,2083.68,17
2545,1364,516,1,1180.78,11
2546,1365,34,4,11153.03,7
2547,1365,109,4,2311.17,1
2548,1365,131,1,2135.09,26
2549,1366,296,2,3885.6,22
2550,1366,576,4,10982.22,18
2551,1367,434,4,5546.43,27
2552,1367,113,3,6237.58,18
2553,1368,597,3,521.7,0
2554,1369,15,3,625.0,2
2555,1370,74,2,2267.9,0
2556,1370,381,1,1620.7,0
2557,1370,132,1,488.37,7
2558,1371,320,5,444.08,7
2559,1371,312,5,3456.66,9
2560,1372,203,1,4963.19,0
2561,1373,267,2,3059.33,21
2562,1373,577,1,368.74,0
2563,1374,11,1,2819.63,2
2564,1375,515,4,843.15,16
2565,1375,372,3,679.05,0
2566,1376,194,3,5540.1,12
2567,1377,297,2,814.57,0
2568,1378,9,1,1435.36,0
2569,1379,316,5,985.03,38
2570,1379,212,3,233.9,26
2571,1379,83,1,6033.68,16
2572,1380,554,1,1251.43,37
2573,1380,597,3,606.96,0
2574,1380,343,2,10506.49,18
2575,1381,168,5,4794.33,0
2576,1382,401,4,36178.12,39
2577,1382,312,4,2603.03,4
2578,1382,335,5,908.24,22
2579,1382,504,5,358.43,0
2580,1383,231,4,225.19,12
2581,1383,111,2,7075.6,20
2582,1383,459,3,1361.27,10
2583,1383,256,1,1027.8,9
2584,1384,408,3,2054.17,25
2585,1385,513,3,6322.86,9
2586,1385,174,1,366.42,2
2587,1386,424,3,7059.17,12
2588,1387,424,3,9121.31,20
2589,1388,397,1,2004.49,24
2590,1388,578,1,2265.52,10
2591,1388,270,5,6086.91,39
2592,1389,328,4,3358.58,0
2593,1389,244,5,624.18,0
2594,1390,35,5,6245.75,27
2595,1390,455,5,6648.15,10
2596,1391,374,5,1163.88,1
2597,1391,292,1,33864.35,0
2598,1392,236,4,3370.5,17
2599,1392,449,-1,341.03,23
2600,1392,220,5,3179.32,0
2601,1393,438,4,1043.48,0
2602,1393,18,2,2472.72,13
2603,1393,385,3,18266.54,11
2604,1394,356,4,4857.83,25
2605,1394,199,5,340.33,6
2606,1395,250,1,40171.2,34
2607,1395,350,3,12771.27,11
2608,1396,52,3,11126.05,0
2609,1396,165,3,2182.02,10
2610,1396,430,2,33360.04,32
2611,1396,34,5,8471.96,18
2612,1397,324,5,415.72,0
2613,1398,57,1,571.2,6
2614,1398,238,3,1902.06,28
2615,1398,238,5,1693.26,0
2616,1399,544,3,2735.55,0
2617,1400,14,3,1375.85,0
2618,1401,180,3,4789.15,15
2619,1401,202,3,665.51,0
2620,1401,592,3,541.67,10
2621,1402,38,2,669.29,33
2622,1402,429,4,3948.54,28
2623,1403,537,5,67347.27,18
2624,1403,318,1,2593.66,14
2625,1403,547,4,37939.74,0
2626,1404,202,4,626.13,0
2627,1405,459,1,1323.59,0
2628,1405,5,4,9019.87,9
2629,1406,229,1,2887.92,7
2630,1407,416,4,1666.27,12
2631,1407,139,1,1023.55,32
2632,1407,455,3,5122.07,6
2633,1408,244,1,515.59,8
2634,1408,114,5,3047.47,13
2635,1408,180,4,6262.35,0
2636,1409,591,4,7843.67,6
2637,1410,235,4,304.23,8
2638,1411,531,5,1679.97,3
2639,1411,588,1,3331.0,19
2640,1411,106,1,2151.8,23
2641,1412,353,1,3386.45,12
2642,1412,38,3,755.06,0
2643,1413,208,5,48808.83,0
2644,1413,445,3,6467.38,8
2645,1414,255,3,11432.43,7
2646,1415,554,5,1185.18,0
2647,1415,329,4,4394.1,26
2648,1415,544,2,2916.67,0
2649,1416,276,2,909.54,32
2650,1417,165,5,2477.17,30
2651,1418,428,2,4197.06,0
2652,1419,353,3,3846.19,0
2653,1419,540,1,792.84,19
2654,1420,586,3,2221.9,0
2655,1421,1,4,7743.4,24
2656,1421,98,5,400.22,18
2657,1422,326,5,3130.59,0
2658,1422,4,1,8340.7,0
2659,1423,518,2,681.63,25
2660,1423,10,3,1153.05,33
2661,1423,369,4,5516.36,34
2662,1424,95,2,4061.89,6
2663,1424,177,5,3205.58,25
2664,1425,449,4,450.45,0
2665,1426,175,3,5752.59,10
2666,1427,219,4,1290.96,16
2667,1428,43,1,9742.43,15
2668,1429,213,4,6159.62,25
2669,1430,289,5,8319.8,0
2670,1430,228,1,5896.6,0
2671,1431,385,4,25120.28,0
2672,1432,314,1,2740.13,11
2673,1432,388,2,7366.44,40
2674,1432,2,5,835.05,28
2675,1433,45,1,12242.1,1
2676,1433,19,1,24930.25,6
2677,1433,109,4,1851.71,0
2678,1434,399,4,43851.75,23
2679,1435,78,4,5722.39,0
2680,1436,538,5,3058.08,5
2681,1436,70,1,2291.6,10
2682,1436,173,2,2383.52,36
2683,1437,436,4,9772.77,23
2684,1438,125,4,3255.22,10
2685,1438,262,1,3165.51,14
2686,1439,593,2,72195.12,32
2687,1440,74,3,2119.03,34
2688,1440,363,2,2060.86,0
2689,1440,162,4,9501.55,26
2690,1441,234,2,2203.97,23
2691,1441,303,2,394.09,0
2692,1442,173,4,2821.15,3
2693,1443,289,3,11592.65,11
2694,1443,403,3,2290.84,0
2695,1444,365,-1,9724.18,9
2696,1444,99,3,37846.07,14
2697,1445,327,1,2751.7,24
2698,1446,508,1,3421.91,6
2699,1446,217,4,402.84,10
2700,1447,482,5,4787.31,12
2701,1448,258,-3,6607.89,7
2702,1448,517,3,3937.46,37
2703,1449,491,3,192.59,28
2704,1449,454,2,1320.07,0
2705,1449,482,3,3740.89,0
2706,1450,216,5,2499.8,20
2707,1451,600,-1,8350.11,0
2708,1451,19,2,26473.05,31
2709,1452,441,4,21168.24,0
2710,1453,438,2,1084.14,0
2711,1453,567,1,1246.45,0
2712,1454,528,2,6458.22,35
2713,1454,367,2,40926.44,0
2714,1454,551,3,224.38,30
2715,1455,31,1,2539.03,31
2716,1456,337,3,559.81,14
2717,1457,283,5,21754.05,7
2718,1457,318,3,2416.83,14
2719,1458,239,5,7198.86,0
2720,1458,257,1,1492.22,15
2721,1458,595,1,1312.17,0
2722,1458,113,4,5973.94,0
2723,1459,486,2,6758.96,37
2724,1460,465,1,498.81,15
2725,1460,397,3,1646.34,7
2726,1461,33,3,587.42,9
2727,1462,114,2,3945.62,12
2728,1462,69,5,10872.19,0
2729,1462,503,5,3836.04,27
2730,1462,169,3,965.75,35
2731,1463,543,3,795.41,33
2732,1464,198,4,3058.36,0
2733,1464,427,2,585.86,28
2734,1464,23,4,4179.25,0
2735,1465,98,3,342.21,39
2736,1465,38,4,639.76,40
2737,1466,433,3,1039.38,13
2738,1467,537,2,59570.12,26
2739,1467,313,2,5907.79,24
2740,1468,590,5,3593.67,36
2741,1468,492,2,44794.75,26
2742,1469,376,5,681.35,38
2743,1470,250,4,42889.59,14
2744,1470,147,3,861.29,13
2745,1471,124,5,53363.38,1
2746,1471,487,3,2117.4,17
2747,1472,387,1,4464.01,15
2748,1473,507,4,1686.81,0
2749,1474,459,5,1315.35,8
2750,1475,334,1,372.02,21
2751,1476,584,5,1403.05,4
2752,1476,104,4,2416.96,20
2753,1477,449,1,394.59,4
2754,1478,238,5,2091.36,24
2755,1478,130,3,334.36,30
2756,1478,525,2,30672.81,4
2757,1478,401,1,45382.89,6
2758,1479,67,2,1291.68,0
2759,1480,159,1,1520.64,7
2760,1480,331,3,2859.74,0
2761,1480,161,1,2221.96,0
2762,1481,171,5,3783.82,8
2763,1482,70,2,2094.82,0
2764,1483,388,4,7887.89,15
2765,1484,341,3,2435.52,2
2766,1485,357,3,5905.46,35
2767,1485,37,5,1421.79,0
2768,1485,130,2,316.31,10
2769,1485,445,2,6884.64,0
2770,1486,322,-2,2004.66,6
2771,1487,495,5,4138.98,18
2772,1488,534,3,8421.04,14
2773,1489,258,3,5915.8,35
2774,1490,164,1,1496.32,13
2775,1491,79,3,6540.88,29
2776,1491,255,2,8387.24,24
2777,1492,41,5,243.05,2
2778,1492,111,2,7678.49,10
2779,1492,45,5,15203.26,5
2780,1493,310,5,5340.8,39
2781,1493,123,2,920.07,40
2782,1493,256,1,1035.97,1
2783,1494,13,3,1062.02,9
2784,1494,275,1,210.42,14
2785,1494,35,5,4890.91,12
2786,1495,227,3,6320.62,14
2787,1495,39,2,919.27,2
2788,1495,425,5,233.72,0
2789,1495,298,4,7654.45,0
2790,1496,356,5,4574.14,0
2791,1497,274,5,9005.12,14
2792,1497,329,5,4595.14,0
2793,1497,251,2,3086.77,12
2794,1498,363,4,2425.0,13
2795,1498,503,5,2978.3,5
2796,1498,59,3,914.02,11
2797,1498,103,4,5816.0,20
2798,1499,578,3,2212.42,20
2799,1499,24,4,4598.68,39
2800,1500,501,4,13848.74,19
2801,1500,583,3,5749.55,0
2802,1501,122,5,8548.59,0
2803,1501,252,3,4120.56,0
2804,1502,286,2,880.29,9
2805,1502,523,1,6468.87,10
2806,1502,201,2,8318.24,20
2807,1503,168,2,4934.75,2
2808,1504,261,1,3891.27,38
2809,1505,348,4,257.78,0
2810,1506,138,-2,5887.97,11
2811,1506,578,3,2232.72,3
2812,1506,586,3,1767.87,0
2813,1506,98,3,448.0,0
2814,1507,127,5,66847.77,30
2815,1507,52,4,11053.76,12
2816,1507,140,1,4626.36,0
2817,1507,565,2,31132.17,0
2818,1508,87,5,1011.86,35
2819,1509,193,3,54631.53,23
2820,1509,133,2,3322.03,13
2821,1510,467,4,806.99,0
2822,1510,110,5,725.28,19
2823,1510,289,5,11921.77,4
2824,1511,597,4,515.31,32
2825,1511,181,1,2133.7,5
2826,1512,574,2,3503.33,10
2827,1512,487,1,2019.86,12
2828,1513,349,2,2011.51,3
2829,1514,430,4,25595.5,12
2830,1515,70,5,2136.57,0
2831,1515,425,1,331.69,35
2832,1516,336,5,9498.44,2
2833,1516,449,2,442.46,0
2834,1516,288,4,3414.1,7
2835,1517,598,4,3182.49,34
2836,1518,476,5,818.12,0
2837,1518,139,1,1351.15,16
2838,1518,100,3,3724.83,11
2839,1519,328,1,2778.14,0
2840,1520,44,5,1317.59,38
2841,1520,15,-3,597.23,6
2842,1521,280,2,3270.49,0
2843,1521,404,4,6616.3,25
2844,1521,204,1,2544.26,8
2845,1522,340,1,2771.72,0
2846,1523,336,2,7871.68,11
2847,1523,510,4,3295.7,13
2848,1523,343,5,8222.7,0
2849,1523,307,5,1951.84,31
2850,1524,187,-2,992.17,11
2851,1525,271,4,32991.09,35
2852,1525,280,4,3745.71,0
2853,1526,175,3,6257.7,7
2854,1527,52,2,12257.74,7
2855,1528,372,3,775.53,15
2856,1529,11,4,3530.32,12
2857,1530,230,5,21539.23,24
2858,1531,74,2,2028.83,10
2859,1532,415,2,6788.97,3
2860,1532,306,3,71355.75,1
2861,1533,345,4,1359.93,1
2862,1533,206,4,9336.05,13
2863,1534,266,1,10308.48,38
2864,1535,308,5,8786.33,27
2865,1536,201,4,8541.47,11
2866,1536,374,2,1283.5,40
2867,1536,325,5,9540.34,8
2868,1537,306,5,67541.93,0
2869,1538,394,5,4286.89,25
2870,1539,490,1,4237.49,22
2871,1540,218,2,1192.43,8
2872,1540,161,1,2540.69,0
2873,1540,369,4,5252.8,35
2874,1541,177,3,3274.07,29
2875,1541,485,4,1345.43,6
2876,1542,378,3,30833.72,6
2877,1543,448,-3,3805.37,33
2878,1544,229,2,2506.53,14
2879,1544,510,1,3284.99,6
2880,1545,161,4,2127.92,0
2881,1546,369,3,5235.75,0
2882,1547,126,5,1372.83,1
2883,1547,553,4,413.41,27
2884,1547,347,5,185.92,0
2885,1548,570,4,3651.18,5
2886,1548,82,5,2491.77,13
2887,1549,199,4,315.25,0
2888,1550,308,4,10935.69,0
2889,1551,152,2,2579.74,7
2890,1551,77,-1,5817.08,33
2891,1552,296,3,4246.7,0
2892,1552,328,1,2547.6,7
2893,1553,578,4,1590.57,6
2894,1553,242,4,1314.34,39
2895,1553,595,1,1090.38,13
2896,1554,399,4,50102.21,11
2897,1554,537,4,58271.42,10
2898,1555,371,4,476.59,11
2899,1555,269,3,904.9,0
2900,1555,446,2,3485.41,0
2901,1556,285,2,1429.96,3
2902,1556,528,4,6933.16,18
2903,1557,84,5,2064.39,8
2904,1557,551,2,188.77,10
2905,1557,30,1,16178.6,27
2906,1558,389,3,4169.61,6
2907,1559,284,3,836.37,37
2908,1559,481,1,292.01,23
2909,1560,417,3,2929.4,22
2910,1560,378,5,26513.3,15
2911,1560,21,5,67215.06,21
2912,1561,414,1,4375.06,13
2913,1562,566,2,1369.95,30
2914,1562,436,2,12720.26,8
2915,1563,254,4,3859.56,10
2916,1563,511,5,882.76,0
2917,1563,300,3,4951.8,0
2918,1564,28,-2,303.26,12
2919,1565,365,2,7030.38,0
2920,1566,312,1,3044.54,2
2921,1567,599,5,5088.0,0
2922,1568,324,5,432.34,13
2923,1568,36,5,6983.04,26
2924,1568,206,5,7545.75,12
2925,1569,146,4,56436.59,17
2926,1569,25,3,357.23,1
2927,1570,67,2,1108.08,9
2928,1571,188,4,3829.66,6
2929,1571,571,2,8316.68,0
2930,1571,87,2,925.24,1
2931,1572,542,3,388.72,9
2932,1572,514,2,4257.87,15
2933,1573,454,2,1329.07,6
2934,1574,487,4,2300.39,10
2935,1574,250,3,41425.06,39
2936,1574,453,4,10658.42,0
2937,1574,337,5,696.01,0
2938,1575,328,3,2572.33,6
2939,1575,369,4,3991.43,0
2940,1576,294,1,2362.92,12
2941,1577,416,-3,1361.64,37
2942,1578,376,4,578.35,0
2943,1579,365,1,9353.96,5
2944,1580,568,5,1285.01,28
2945,1581,39,4,923.16,10
2946,1581,357,5,8586.85,4
2947,1582,414,3,4906.0,5
2948,1582,523,1,8102.15,4
2949,1583,304,2,1336.74,14
2950,1583,417,4,3299.09,0
2951,1583,36,3,7854.46,0
2952,1584,564,5,4650.44,21
2953,1584,107,-3,1575.71,0
2954,1585,459,2,1358.47,32
2955,1585,408,4,2098.74,23
2956,1586,559,3,2927.39,0
2957,1587,391,3,3787.15,7
2958,1588,159,3,1181.88,8
2959,1589,177,2,3721.06,27
2960,1589,599,3,4067.08,9
2961,1590,463,1,811.32,18
2962,1590,508,1,3437.25,5
2963,1591,85,3,4471.89,18
2964,1591,341,1,2611.28,0
2965,1591,268,3,59960.19,9
2966,1591,425,5,345.14,5
2967,1592,118,2,3436.75,0
2968,1592,519,4,2282.94,22
2969,1592,197,4,9796.9,0
2970,1593,487,-2,1788.64,11
2971,1593,268,-1,54441.72,2
2972,1593,290,2,6512.62,0
2973,1594,441,2,15857.94,19
2974,1594,369,3,3918.15,0
2975,1594,136,3,2486.42,6
2976,1595,516,1,997.67,32
2977,1595,14,4,972.04,0
2978,1595,34,2,9133.21,19
2979,1596,417,4,2775.75,0
2980,1597,440,4,5070.15,32
2981,1598,595,3,1321.83,36
2982,1598,302,5,1570.31,5
2983,1598,199,1,341.79,0
2984,1599,413,4,8585.46,16
2985,1599,339,2,1345.58,8
2986,1599,192,1,22207.36,38
2987,1600,110,4,623.35,0
2988,1601,547,2,29875.78,37
2989,1602,525,1,36043.12,0
2990,1602,434,2,6343.92,0
2991,1603,375,2,4369.19,37
2992,1603,577,4,362.01,0
2993,1604,326,5,2191.43,7
2994,1605,188,2,3575.22,0
2995,1605,145,4,723.59,13
2996,1606,566,5,1441.89,6
2997,1606,564,2,5567.47,19
2998,1606,251,3,2622.56,2
2999,1606,34,1,10240.55,10
3000,1607,405,2,13400.94,2
3001,1607,490,3,5888.28,9
3002,1608,547,2,29749.76,33
3003,1609,168,1,4747.48,31
3004,1609,56,5,2319.38,24
3005,1610,200,-1,863.85,26
3006,1610,401,2,33110.34,0
3007,1611,292,4,38898.55,15
3008,1611,536,5,752.35,0
3009,1612,121,3,108.82,0
3010,1613,179,3,5307.2,37
3011,1613,255,5,11218.79,31
3012,1614,241,1,9435.05,5
3013,1615,54,1,1120.66,0
3014,1615,277,4,64342.06,0
3015,1616,369,3,4447.19,15
3016,1616,553,4,303.81,31
3017,1616,33,5,688.17,30
3018,1617,80,2,529.35,0
3019,1618,243,1,888.47,7
3020,1619,50,1,1426.87,15
3021,1620,214,3,602.47,21
3022,1620,393,1,50392.41,0
3023,1620,396,4,3599.66,0
3024,1620,54,5,933.59,1
3025,1621,124,5,45115.03,0
3026,1621,343,1,9334.92,6
3027,1622,12,1,625.97,29
3028,1622,239,3,6259.83,4
3029,1623,443,2,783.19,36
3030,1624,191,5,935.81,2
3031,1625,434,1,5707.92,27
3032,1626,295,1,8155.95,0
3033,1627,155,2,1370.59,35
3034,1628,357,2,6239.56,30
3035,1628,536,5,817.9,35
3036,1629,568,2,1453.63,0
3037,1630,270,1,7510.17,25
3038,1631,427,4,735.92,15
3039,1631,482,3,5390.12,1
3040,1631,329,3,4902.55,1
3041,1632,6,2,4549.5,18
3042,1632,413,1,7563.93,36
3043,1633,129,4,702.98,37
3044,1634,90,4,859.82,6
3045,1634,367,4,38914.34,10
3046,1635,325,3,11089.8,17
3047,1635,449,5,361.11,0
3048,1635,287,2,909.42,37
3049,1636,126,3,1245.44,15
3050,1636,447,2,36413.11,0
3051,1636,64,4,8599.61,0
3052,1637,524,3,586.29,35
3053,1638,347,5,210.6,12
3054,1639,508,3,3923.14,0
3055,1640,277,5,53626.57,1
3056,1641,106,1,1957.58,0
3057,1641,230,3,24003.41,13
3058,1641,13,4,1039.66,1
3059,1642,329,4,4344.14,9
3060,1643,281,1,3702.45,14
3061,1643,501,3,10637.27,0
3062,1643,481,2,347.33,1
3063,1643,515,3,830.48,0
3064,1644,496,3,1844.03,0
3065,1644,19,1,20188.39,6
3066,1644,587,4,1166.37,0
3067,1645,363,1,2096.84,10
3068,1646,458,2,1942.5,22
3069,1646,177,3,3715.77,2
3070,1647,37,4,1419.08,0
3071,1647,546,1,2995.44,0
3072,1647,121,4,117.89,0
3073,1648,165,2,2168.26,6
3074,1648,141,-3,6910.01,32
3075,1648,440,1,4730.59,19
3076,1649,195,3,482.58,0
3077,1650,504,2,472.23,3
3078,1651,155,1,1045.81,0
3079,1652,115,3,2067.88,10
3080,1652,147,3,950.85,0
3081,1653,338,2,4311.41,16
3082,1653,589,3,546.65,11
3083,1653,230,4,24361.1,8
3084,1653,357,4,7411.45,11
3085,1654,74,2,2025.82,0
3086,1654,76,2,2410.02,1
3087,1655,46,2,2954.68,24
3088,1656,296,1,3065.68,0
3089,1656,175,1,7359.81,9
3090,1656,486,1,6430.21,12
3091,1657,108,2,1494.67,33
3092,1657,532,2,2782.97,4
3093,1658,568,2,1296.42,9
3094,1658,215,4,3445.78,18
3095,1658,557,3,1190.19,40
3096,1658,554,1,1358.93,30
3097,1659,557,1,1279.23,8
3098,1659,589,3,442.6,6
3099,1659,451,4,8486.2,23
3100,1660,520,5,41156.25,33
3101,1661,524,1,740.96,36
3102,1661,530,3,39269.29,0
3103,1662,567,2,1397.16,0
3104,1662,72,3,2858.4,0
3105,1663,17,4,3217.26,8
3106,1664,412,2,39006.07,34
3107,1664,71,4,10791.85,10
3108,1665,251,4,2295.01,4
3109,1666,505,5,1997.08,13
3110,1667,217,1,537.96,20
3111,1667,15,3,625.15,3
3112,1668,401,2,39753.36,0
3113,1668,442,5,181.89,27
3114,1668,329,1,6230.11,14
3115,1669,344,2,989.77,8
3116,1669,133,1,4203.92,39
3117,1670,489,5,6206.26,1
3118,1670,329,1,5367.17,35
3119,1671,425,5,339.53,0
3120,1671,446,3,3675.54,38
3121,1671,82,4,2949.16,0
3122,1672,371,1,658.82,15
3123,1672,430,4,25492.62,0
3124,1672,404,4,6472.46,0
3125,1672,25,1,368.26,11
3126,1673,552,1,9777.87,18
3127,1674,279,4,10370.49,0
3128,1674,301,-3,246.72,0
3129,1674,474,4,3286.7,33
3130,1675,370,-3,1241.22,3
3131,1676,455,4,6693.5,9
3132,1677,82,1,2079.05,19
3133,1677,394,3,3888.15,1
3134,1678,338,-1,3131.1,30
3135,1679,73,4,48734.55,11
3136,1679,496,4,1742.09,14
3137,1679,235,2,296.4,8
3138,1679,167,3,9588.87,0
3139,1680,389,5,4317.62,11
3140,1681,258,3,7803.05,4
3141,1681,69,1,10696.71,14
3142,1681,279,3,12076.39,0
3143,1682,333,5,11338.11,25
3144,1682,590,-1,3230.56,5
3145,1683,558,3,10621.51,0
3146,1683,297,5,904.96,0
3147,1683,489,2,5571.75,11
3148,1684,586,4,1950.4,0
3149,1685,360,1,26791.57,8
3150,1685,552,5,9631.07,13
3151,1685,410,1,7253.12,0
3152,1686,390,3,1665.4,0
3153,1687,594,4,4775.71,9
3154,1688,327,5,3515.63,14
3155,1688,218,5,1309.41,0
3156,1688,311,3,4574.75,0
3157,1689,462,4,1953.17,0
3158,1690,378,3,26151.27,11
3159,1691,329,4,4510.57,0
3160,1691,265,3,64533.9,26
3161,1691,485,4,1360.39,0
3162,1692,279,-2,8341.95,26
3163,1692,11,4,3746.89,8
3164,1692,147,4,773.8,9
3165,1693,569,5,348.23,21
3166,1693,437,-2,10305.66,13
3167,1693,192,4,26639.03,0
3168,1693,293,2,377.55,35
3169,1694,443,3,863.45,13
3170,1694,263,2,1327.14,34
3171,1694,115,4,2257.38,0
3172,1695,483,2,6049.5,1
3173,1695,76,3,2910.31,1
3174,1695,146,2,52493.76,0
3175,1696,316,-1,1187.5,0
3176,1697,443,5,752.69,13
3177,1697,101,-3,3053.61,10
3178,1697,121,1,109.92,14
3179,1698,254,1,4068.36,30
3180,1699,270,4,7199.96,2
3181,1699,29,2,6958.87,39
3182,1699,377,5,4445.68,11
3183,1700,223,5,561.52,4
3184,1701,366,3,6780.58,0
3185,1701,491,2,188.96,0
3186,1702,184,4,1795.06,18
3187,1703,77,4,4790.94,14
3188,1703,162,4,11431.82,5
3189,1704,524,2,565.01,9
3190,1704,500,5,901.89,15
3191,1705,82,2,2921.08,8
3192,1705,492,3,47222.67,0
3193,1705,302,1,1427.47,14
3194,1706,391,3,3556.7,2
3195,1706,226,1,1302.79,0
3196,1706,80,1,372.02,2
3197,1707,256,2,1227.94,3
3198,1707,542,1,457.98,13
3199,1707,81,5,1457.71,0
3200,1708,332,5,9332.45,23
3201,1708,94,2,5374.6,38
3202,1708,473,3,2422.39,8
3203,1709,512,-1,814.53,0
3204,1710,493,1,3398.59,1
3205,1711,580,2,1599.64,13
3206,1711,162,2,11742.99,16
3207,1711,426,1,4936.77,5
3208,1711,413,1,8398.53,18
3209,1712,350,5,12507.72,0
3210,1713,32,1,2074.36,26
3211,1713,72,1,2899.74,15
3212,1713,155,4,1330.73,38
3213,1714,507,4,1643.85,0
3214,1714,515,3,651.97,16
3215,1714,174,2,506.2,13
3216,1715,513,4,6455.51,13
3217,1715,265,1,54656.94,0
3218,1715,119,3,3505.45,0
3219,1716,22,1,27968.72,14
3220,1716,502,1,2028.03,12
3221,1716,334,1,363.69,25
3222,1716,286,2,1040.61,20
3223,1717,20,5,522.53,0
3224,1717,127,2,63052.71,40
3225,1718,259,5,1786.5,0
3226,1719,577,5,371.63,15
3227,1720,552,1,7931.19,0
3228,1721,437,3,7589.44,15
3229,1722,479,4,240.45,0
3230,1722,471,1,8262.09,0
3231,1723,469,3,47248.09,33
3232,1723,6,4,4016.06,0
3233,1724,468,4,53142.48,15
3234,1725,439,4,5487.27,21
3235,1726,239,3,5483.24,16
3236,1727,155,1,1173.76,3
3237,1727,497,5,853.91,30
3238,1728,56,5,1987.44,0
3239,1729,275,3,242.26,13
3240,1729,547,-1,37968.9,26
3241,1730,63,5,1821.05,1
3242,1730,153,3,5467.25,18
3243,1730,173,1,2822.07,0
3244,1731,346,5,8492.63,0
3245,1731,449,4,409.35,20
3246,1731,416,3,1540.09,0
3247,1732,56,2,2120.94,14
3248,1732,193,2,61548.94,26
3249,1732,369,1,5839.84,15
3250,1733,450,5,3654.43,36
3251,1734,100,5,3485.5,19
3252,1734,53,1,980.83,0
3253,1735,247,5,3693.58,1
3254,1735,231,3,260.68,1
3255,1735,509,1,1562.67,0
3256,1735,382,5,251.5,35
3257,1736,323,5,3617.19,0
3258,1736,543,-2,715.67,19
3259,1737,49,3,2262.07,19
3260,1738,336,4,7932.08,15
3261,1738,1,5,8586.85,0
3262,1739,334,1,311.86,0
3263,1740,550,3,5351.21,0
3264,1740,338,2,3089.18,13
3265,1741,354,1,1143.18,35
3266,1741,124,5,41039.92,27
3267,1742,105,-3,2167.78,0
3268,1742,43,3,8426.96,6
3269,1742,218,2,998.67,7
3270,1743,392,5,5522.69,0
3271,1743,477,5,259.36,3
3272,1743,209,5,11219.54,0
3273,1744,450,1,4197.98,0
3274,1744,211,5,568.03,3
3275,1744,72,5,3027.14,25
3276,1745,213,4,8096.22,2
3277,1746,323,5,4007.9,33
3278,1746,377,1,3849.41,2
3279,1747,111,5,8017.54,29
3280,1748,48,2,4740.63,0
3281,1749,531,5,1317.19,11
3282,1750,333,1,10761.18,0
3283,1750,6,1,3530.98,33
3284,1750,389,4,4503.48,13
3285,1751,165,4,2847.89,29
3286,1752,516,1,1303.53,8
3287,1753,539,2,3546.59,1
3288,1753,96,5,274.75,3
3289,1753,52,4,11219.52,0
3290,1754,520,4,44877.1,0
3291,1755,70,4,2140.29,1
3292,1755,409,5,3390.3,15
3293,1756,168,3,5193.47,7
3294,1757,560,1,8260.0,0
3295,1758,468,5,44879.22,0
3296,1758,218,3,929.3,27
3297,1759,544,4,2351.97,24
3298,1760,198,3,4147.49,28
3299,1760,469,2,48857.79,4
3300,1761,31,4,2663.39,0
3301,1761,592,4,572.03,11
3302,1762,9,2,1136.46,11
3303,1762,247,4,4405.84,15
3304,1763,83,3,5202.87,0
3305,1764,451,2,9616.64,19
3306,1764,347,4,209.77,0
3307,1765,253,2,5456.95,9
3308,1765,40,3,1063.44,0
3309,1766,15,4,715.83,24
3310,1766,118,3,2798.26,0
3311,1767,498,5,650.73,0
3312,1767,352,3,1224.35,13
3313,1768,183,5,3812.13,20
3314,1769,278,1,186.06,0
3315,1770,168,4,5690.73,9
3316,1771,243,5,824.17,37
3317,1771,538,4,3182.33,15
3318,1772,432,2,53318.46,0
3319,1772,412,3,46141.93,33
3320,1773,82,3,2539.25,7
3321,1774,5,4,8393.64,3
3322,1774,293,4,375.74,0
3323,1775,38,5,651.79,0
3324,1775,402,3,1085.54,6
3325,1776,255,1,9755.47,24
3326,1777,503,3,3570.62,16
3327,1778,134,3,19279.18,9
3328,1779,58,4,2278.41,29
3329,1779,383,4,953.38,0
3330,1779,545,4,2535.23,0
3331,1780,259,1,1723.17,0
3332,1780,152,4,2559.32,5
3333,1781,314,4,3992.01,37
3334,1781,63,3,1984.74,15
3335,1782,84,-3,1730.17,0
3336,1783,563,5,3621.94,36
3337,1783,506,3,1279.59,24
3338,1783,353,3,3890.74,39
3339,1784,234,1,1585.34,24
3340,1784,21,2,71656.83,10
3341,1784,286,3,813.91,40
3342,1785,317,3,175.76,15
3343,1786,56,3,2739.77,0
3344,1786,403,3,2189.1,39
3345,1787,303,1,281.08,36
3346,1788,77,1,6021.63,0
3347,1788,178,5,1008.94,4
3348,1789,125,2,3499.13,27
3349,1790,52,2,11524.06,1
3350,1790,481,5,278.69,32
3351,1791,360,4,19865.87,0
3352,1792,272,3,68500.08,12
3353,1793,222,1,3420.87,6
3354,1794,461,5,70150.32,5
3355,1795,215,1,3538.73,19
3356,1795,187,4,1023.97,0
3357,1796,508,5,3742.0,36
3358,1797,60,3,8060.16,27
3359,1798,412,2,38733.29,0
3360,1798,262,2,2531.78,16
3361,1799,538,1,3361.73,8
3362,1799,248,4,2296.51,8
3363,1800,196,5,4764.72,14
3364,1800,112,5,944.98,37
3365,1801,230,5,21461.54,0
3366,1801,170,4,385.51,1
3367,1802,108,3,1290.96,31
3368,1802,458,5,2321.32,2
3369,1802,230,2,18121.18,11
3370,1803,73,2,52166.19,28
3371,1803,434,1,5261.97,0
3372,1803,21,1,51932.68,9
3373,1804,577,3,487.76,40
3374,1804,476,1,775.98,20
3375,1805,55,4,1760.86,26
3376,1806,393,5,62336.37,8
3377,1806,172,4,70298.92,0
3378,1806,405,5,11502.75,0
3379,1807,168,3,4288.54,20
3380,1807,27,4,2040.92,12
3381,1807,307,3,2115.57,13
3382,1808,277,3,68707.81,13
3383,1808,181,3,1948.28,34
3384,1809,145,4,726.81,14
3385,1809,235,4,280.18,8
3386,1810,555,2,867.58,16
3387,1811,545,4,3678.43,8
3388,1812,383,4,1318.18,29
3389,1813,386,1,8257.43,0
3390,1813,279,1,8237.49,3
3391,1814,388,3,6921.06,40
3392,1815,469,2,57926.34,31
3393,1816,61,-3,6038.57,40
3394,1817,250,1,33851.24,29
3395,1818,319,4,2799.64,19
3396,1819,343,2,10257.21,4
3397,1819,304,2,1010.08,8
3398,1819,428,2,2887.61,10
3399,1819,361,1,27942.3,1
3400,1820,56,2,2713.31,1
3401,1821,123,4,941.57,14
3402,1822,208,1,48584.8,0
3403,1822,397,1,1714.36,18
3404,1823,524,-3,725.1,9
3405,1824,577,5,432.97,0
3406,1824,357,5,7442.2,7
3407,1825,458,3,1696.0,0
3408,1825,37,5,1177.72,6
3409,1825,341,5,2326.74,22
3410,1825,222,4,3286.51,0
3411,1826,457,5,7355.86,21
3412,1827,301,4,266.85,14
3413,1828,431,3,928.47,11
3414,1829,109,3,2089.64,31
3415,1829,88,2,69022.87,10
3416,1829,525,1,35718.99,0
3417,1830,50,3,1619.56,0
3418,1830,356,5,4382.2,13
3419,1830,160,4,3575.01,14
3420,1831,165,4,2640.8,1
3421,1832,437,1,9959.48,18
3422,1832,299,3,11719.05,29
3423,1832,399,1,52886.06,20
3424,1833,3,4,4321.96,9
3425,1834,353,5,4183.06,1
3426,1834,492,4,48172.09,26
3427,1835,7,1,188.42,18
3428,1836,424,1,8138.38,0
3429,1836,156,3,54769.06,0
3430,1837,277,5,62611.35,0
3431,1837,372,1,579.42,20
3432,1837,414,2,5010.99,20
3433,1837,454,4,1372.81,9
3434,1838,170,4,314.15,11
3435,1838,380,3,373.49,0
3436,1838,536,1,665.3,14
3437,1839,103,3,5996.21,33
3438,1839,372,3,639.27,15
3439,1840,221,5,802.72,21
3440,1841,226,2,1430.47,19
3441,1842,495,5,3934.56,7
3442,1842,503,2,3197.46,29
3443,1843,334,3,271.93,25
3444,1843,175,5,5394.75,14
3445,1843,532,4,3508.02,30
3446,1844,463,1,1045.86,3
3447,1844,519,4,2545.43,9
3448,1845,140,4,4858.54,0
3449,1845,419,4,2566.56,0
3450,1846,461,1,58507.26,0
3451,1847,293,4,431.29,7
3452,1847,432,2,38508.57,8
3453,1847,484,1,2129.64,0
3454,1848,598,5,2806.74,0
3455,1849,229,5,3306.2,38
3456,1849,200,4,1018.51,13
3457,1849,163,3,3050.79,0
3458,1850,211,3,614.82,24
3459,1850,135,5,3674.4,2
3460,1850,459,1,1386.24,17
3461,1850,443,5,917.58,0
3462,1851,394,5,3979.67,0
3463,1852,597,5,483.48,0
3464,1853,508,1,3789.35,11
3465,1853,369,4,5171.18,11
3466,1854,36,5,6970.69,3
3467,1855,560,5,8886.04,37
3468,1855,562,5,1105.72,0
3469,1856,4,4,9224.41,22
3470,1857,424,-3,7334.49,9
3471,1858,279,2,10242.16,19
3472,1859,507,4,1504.62,23
3473,1860,78,5,4586.97,9
3474,1861,481,5,310.83,13
3475,1862,181,1,1950.78,18
3476,1862,484,3,1933.67,38
3477,1862,108,1,1195.37,10
3478,1863,223,1,542.5,3
3479,1864,18,3,2496.03,31
3480,1865,565,1,35097.13,0
3481,1865,224,1,2942.52,20
3482,1866,406,1,2375.6,1
3483,1867,44,1,1522.5,8
3484,1868,332,1,11170.27,0
3485,1869,77,2,6917.48,16
3486,1869,574,1,3235.66,0
3487,1870,85,2,3286.69,0
3488,1870,503,2,3694.78,6
3489,1871,565,1,39384.4,4
3490,1871,360,2,20708.87,19
3491,1872,432,2,38112.11,0
3492,1872,123,4,1052.9,0
3493,1873,347,1,245.57,1
3494,1873,208,1,47858.55,0
3495,1874,317,1,153.23,10
3496,1875,245,2,296.08,7
3497,1876,371,4,500.96,2
3498,1876,517,1,3155.72,0
3499,1877,387,4,4404.24,5
3500,1878,275,4,273.33,0
3501,1878,262,3,2560.03,37
3502,1879,398,3,1734.43,19
3503,1879,22,2,20964.16,0
3504,1879,535,5,2238.73,16
3505,1879,115,4,1711.63,19
3506,1880,166,4,2512.38,27
3507,1880,288,4,3282.38,0
3508,1881,528,3,7950.9,11
3509,1881,551,5,227.74,0
3510,1882,264,5,1000.68,1
3511,1882,348,2,217.16,0
3512,1882,147,4,966.63,30
3513,1883,66,3,4909.33,33
3514,1884,19,4,22426.32,22
3515,1885,261,2,4002.81,0
3516,1886,39,-3,973.05,0
3517,1886,535,1,2711.29,0
3518,1887,429,1,3432.09,0
3519,1887,178,3,908.81,15
3520,1887,83,2,4694.42,21
3521,1888,590,3,2596.64,6
3522,1888,99,4,42441.82,10
3523,1889,568,2,1196.65,0
3524,1889,416,5,1351.65,40
3525,1890,600,4,9627.24,0
3526,1890,63,4,1978.95,7
3527,1891,365,4,9442.81,24
3528,1891,60,1,9889.86,23
3529,1892,588,5,2786.72,16
3530,1892,593,2,54256.11,3
3531,1892,343,1,8952.13,14
3532,1893,12,2,664.21,14
3533,1894,578,1,2271.29,34
3534,1895,358,2,1400.76,40
3535,1895,44,3,1600.72,23
3536,1896,555,2,730.11,0
3537,1896,108,4,1234.17,0
3538,1897,67,5,1015.06,0
3539,1897,502,1,1718.54,0
3540,1898,314,3,3115.97,14
3541,1898,120,3,4595.17,0
3542,1898,313,2,7208.43,26
3543,1899,508,4,4386.74,0
3544,1900,419,2,3145.63,24
3545,1901,44,2,1419.64,2
3546,1901,42,3,9772.39,19
3547,1902,240,3,2618.8,7
3548,1903,592,5,697.91,9
3549,1904,35,3,6083.27,10
3550,1904,8,2,34693.91,29
3551,1905,221,4,775.37,4
3552,1906,295,1,9039.56,0
3553,1907,576,2,7823.93,12
3554,1908,175,1,5959.34,31
3555,1908,235,3,318.6,27
3556,1908,428,3,4112.47,4
3557,1908,406,5,2399.69,0
3558,1909,20,1,512.3,0
3559,1909,562,2,1008.81,11
3560,1910,107,4,1613.56,32
3561,1910,271,1,31929.21,0
3562,1911,412,2,48593.18,7
3563,1912,387,1,5917.57,22
3564,1913,207,1,30885.57,0
3565,1914,137,2,3113.95,12
3566,1914,7,-3,216.49,0
3567,1915,83,4,5410.05,21
3568,1916,417,5,2721.42,4
3569,1917,166,4,2838.45,0
3570,1918,213,5,8081.29,0
3571,1919,205,4,513.96,0
3572,1920,485,5,931.76,9
3573,1921,484,2,2002.53,5
3574,1921,4,3,7988.99,2
3575,1921,77,2,6248.46,8
3576,1921,554,3,1322.55,17
3577,1922,189,4,8514.81,5
3578,1922,256,5,1161.85,7
3579,1922,153,2,5710.16,0
3580,1923,524,4,706.16,29
3581,1924,164,2,1858.23,7
3582,1924,67,5,1191.1,24
3583,1925,155,5,957.62,0
3584,1926,163,1,3117.14,0
3585,1926,458,3,1862.93,4
3586,1926,570,4,3633.34,20
3587,1926,471,-2,12109.3,35
3588,1927,68,2,7975.33,10
3589,1927,486,3,5627.84,9
3590,1928,426,4,4651.53,31
3591,1928,381,4,1984.7,9
3592,1928,351,4,28196.96,15
3593,1928,142,5,1982.33,0
3594,1929,526,2,45621.13,34
3595,1929,195,5,459.49,0
3596,1929,333,1,11232.66,7
3597,1929,160,1,3482.6,3
3598,1930,569,5,357.01,19
3599,1930,240,4,1999.16,0
3600,1930,229,5,3187.64,0
3601,1930,262,1,2642.75,33
3602,1931,385,3,19354.35,29
3603,1931,105,5,1817.99,31
3604,1932,212,5,229.94,4
3605,1932,34,2,11538.23,0
3606,1933,68,4,7340.26,6
3607,1933,388,2,7310.1,37
3608,1933,508,1,4040.5,26
3609,1934,536,3,739.76,0
3610,1934,442,4,176.74,37
3611,1935,199,1,330.38,0
3612,1935,299,3,11883.69,10
3613,1936,236,4,3961.84,6
3614,1937,270,4,6628.39,24
3615,1937,185,-1,426.71,0
3616,1937,318,5,2986.55,10
3617,1938,119,5,2876.7,0
3618,1939,21,2,53164.96,5
3619,1940,142,4,2172.63,4
3620,1941,162,5,8868.96,0
3621,1941,221,1,790.34,24
3622,1941,332,3,10154.38,16
3623,1942,351,4,29624.94,13
3624,1942,256,1,907.99,7
3625,1943,203,4,4484.85,19
3626,1943,54,3,1022.52,31
3627,1944,370,5,1271.42,20
3628,1944,136,3,2067.22,0
3629,1944,432,4,51218.19,19
3630,1944,31,5,2194.51,1
3631,1945,285,3,1938.87,9
3632,1945,458,4,2291.9,4
3633,1946,560,5,7971.89,10
3634,1946,9,5,1317.02,34
3635,1947,305,1,676.13,17
3636,1947,293,5,420.96,5
3637,1947,191,4,841.82,5
3638,1947,155,4,987.71,0
3639,1948,168,5,5646.05,26
3640,1948,252,5,4558.52,0
3641,1948,560,2,9353.72,1
3642,1949,118,1,3228.1,9
3643,1949,1,4,7279.14,10
3644,1950,178,3,1153.56,35
3645,1951,490,3,5597.24,0
3646,1951,491,4,178.1,29
3647,1951,541,4,2366.91,23
3648,1951,402,2,887.3,0
3649,1952,133,3,3680.8,0
3650,1952,259,4,2053.22,5
3651,1952,32,3,2037.09,23
3652,1953,345,3,1194.55,0
3653,1953,554,1,1391.22,14
3654,1953,261,5,2991.99,1
3655,1953,20,3,461.63,1
3656,1954,437,5,7185.22,15
3657,1955,193,1,54434.92,0
3658,1955,279,1,10856.74,6
3659,1955,149,4,50455.45,14
3660,1956,460,5,1526.26,0
3661,1957,319,-3,2216.94,13
3662,1958,86,4,1676.4,34
3663,1958,373,1,60208.2,0
3664,1958,315,1,1768.11,8
3665,1958,418,3,5190.2,11
3666,1959,371,3,465.39,37
3667,1959,226,5,1892.89,0
3668,1959,267,3,2209.19,10
3669,1960,523,5,7383.41,26
3670,1961,269,2,902.35,0
3671,1962,433,1,1523.01,0
3672,1962,519,3,2624.66,0
3673,1962,264,1,1093.46,32
3674,1962,325,1,11471.76,15
3675,1963,355,3,2819.2,0
3676,1964,24,4,4031.79,13
3677,1965,224,4,3112.21,0
3678,1965,548,3,683.42,35
3679,1966,131,-2,2121.89,1
3680,1967,216,1,3113.71,1
3681,1968,351,2,29595.72,0
3682,1969,215,2,3531.41,0
3683,1969,339,3,1315.03,39
3684,1970,518,3,737.85,27
3685,1970,454,5,1573.07,13
3686,1970,595,3,1057.22,0
3687,1971,521,3,7605.99,21
3688,1971,543,1,757.1,21
3689,1972,249,5,194.96,11
3690,1972,576,4,9967.19,10
3691,1972,300,4,4902.09,16
3692,1973,350,4,10234.53,12
3693,1973,4,2,8697.31,9
3694,1973,366,5,6240.01,13
3695,1974,136,1,2503.59,0
3696,1975,600,1,9644.29,0
3697,1976,266,5,12541.09,0
3698,1977,262,-2,2424.23,2
3699,1978,1,1,7111.92,4
3700,1978,185,5,505.64,12
3701,1978,259,2,1522.14,40
3702,1979,431,3,1218.79,8
3703,1980,454,3,1185.05,0
3704,1981,198,1,3078.42,7
3705,1982,183,1,3806.01,0
3706,1982,505,3,2217.17,28
3707,1983,39,5,927.53,33
3708,1984,408,4,1536.15,28
3709,1985,288,4,3267.73,0
3710,1986,243,4,945.94,0
3711,1986,262,1,2211.5,21
3712,1987,264,4,1416.13,0
3713,1988,98,4,400.76,7
3714,1989,439,3,6216.4,13
3715,1989,22,2,23296.26,30
3716,1989,328,5,3493.17,31
3717,1990,22,5,28439.53,0
3718,1990,495,5,4594.87,0
3719,1990,45,-2,14547.33,24
3720,1990,26,3,1221.32,30
3721,1991,158,4,981.14,6
3722,1992,445,3,6205.66,7
3723,1993,107,4,1419.62,0
3724,1994,358,5,1571.98,28
3725,1994,255,1,11459.77,39
3726,1994,567,1,1494.88,29
3727,1995,171,3,2990.42,0
3728,1996,476,4,693.1,19
3729,1996,529,-3,23745.39,37
3730,1996,426,4,6038.85,3
3731,1996,429,4,4311.27,0
3732,1997,405,5,12288.19,29
3733,1997,315,1,1737.12,35
3734,1997,438,5,941.57,25
3735,1998,326,4,2579.9,10
3736,1999,494,2,9211.82,2
3737,1999,396,1,3493.57,0
3738,2000,31,1,2640.9,15
3739,2000,64,4,8386.01,36
3740,2001,390,2,1330.04,31
3741,2002,429,1,3836.74,35
3742,2003,236,2,3335.97,5
3743,2004,594,1,4273.63,0
3744,2004,419,4,3593.46,0
3745,2004,590,5,3691.37,0
3746,2004,205,3,470.58,4
3747,2005,535,4,2932.59,0
3748,2006,267,1,2621.68,19
3749,2007,298,-2,6184.38,5
3750,2007,206,2,7136.29,5
3751,2008,177,5,2659.57,11
3752,2008,42,5,8005.18,13
3753,2009,211,2,635.13,0
3754,2010,574,4,3362.6,0
3755,2010,107,5,1901.03,24
3756,2011,350,2,9394.7,7
3757,2011,340,1,2722.76,0
3758,2012,381,2,1568.72,5
3759,2013,335,1,915.3,0
3760,2013,341,5,2867.74,7
3761,2014,118,2,2743.89,3
3762,2014,508,5,3706.73,10
3763,2015,131,3,2152.73,13
3764,2015,122,4,8470.76,27
3765,2016,499,4,2740.86,19
3766,2017,593,1,53744.5,11
3767,2018,82,2,2467.21,23
3768,2019,257,3,1958.75,0
3769,2020,76,2,3501.69,19
3770,2020,395,5,802.38,0
3771,2021,462,3,2442.1,16
3772,2021,3,-3,4543.08,3
3773,2022,413,3,8254.96,13
3774,2023,34,2,9270.35,7
3775,2023,426,3,6149.37,16
3776,2024,395,3,1093.43,1
3777,2025,557,1,971.05,9
3778,2026,254,-1,3930.21,33
3779,2027,491,2,196.8,0
3780,2027,196,1,4034.27,0
3781,2027,435,5,47901.92,4
3782,2028,401,2,36836.88,0
3783,2029,575,1,5197.7,11
3784,2029,138,5,6677.13,12
3785,2030,159,5,1307.54,13
3786,2030,172,4,63870.89,36
3787,2030,500,3,775.65,2
3788,2031,236,2,3794.13,9
3789,2031,153,5,4653.52,11
3790,2031,100,4,3437.72,26
3791,2032,375,-3,3990.44,0
3792,2032,600,5,6655.52,37
3793,2033,305,1,774.85,0
3794,2033,44,2,1498.33,9
3795,2033,99,3,32257.57,18
3796,2033,576,5,9368.83,0
3797,2034,309,5,753.14,17
3798,2034,591,2,8864.12,32
3799,2034,355,5,3474.98,0
3800,2035,58,5,2096.22,0
3801,2036,293,2,490.36,6
3802,2036,151,5,1121.01,38
3803,2036,432,-3,46938.92,35
3804,2037,348,5,254.06,0
3805,2038,293,4,369.89,0
3806,2039,403,4,2036.83,5
3807,2039,369,4,5651.37,14
3808,2040,470,4,7147.94,1
3809,2040,342,4,2490.88,0
3810,2041,59,1,1033.96,4
3811,2041,315,1,1697.16,0
3812,2041,158,2,920.5,14
3813,2042,256,2,1161.27,9
3814,2043,514,4,5192.82,6
3815,2044,522,4,59649.47,15
3816,2045,437,4,10455.81,0
3817,2045,411,3,3807.56,0
3818,2046,352,3,1385.38,0
3819,2047,522,3,45953.31,0
3820,2048,294,1,1958.11,1
3821,2048,395,2,907.58,35
3822,2049,68,5,7431.71,2
3823,2049,452,3,8398.22,0
3824,2050,106,2,2592.52,0
3825,2050,472,4,7229.24,19
3826,2051,472,3,7620.74,1
3827,2052,533,3,2136.8,5
3828,2052,588,3,3546.78,4
3829,2052,492,4,46820.93,22
3830,2052,428,1,3832.54,12
3831,2053,393,3,52888.49,11
3832,2053,194,1,6062.89,21
3833,2053,458,5,2047.07,0
3834,2054,430,1,30146.07,0
3835,2055,545,3,3216.92,40
3836,2055,453,4,11876.36,14
3837,2055,426,5,4218.36,9
3838,2056,533,2,2557.65,21
3839,2057,268,3,48564.55,3
3840,2057,58,2,2403.78,18
3841,2057,393,2,56286.84,13
3842,2058,290,5,7848.05,4
3843,2058,57,2,558.87,0
3844,2058,77,1,4688.63,11
3845,2059,281,2,4271.53,1
3846,2059,385,2,21604.78,18
3847,2059,184,5,2238.09,17
3848,2060,97,3,29264.33,5
3849,2061,360,1,24864.25,28
3850,2061,375,1,5094.71,11
3851,2062,53,2,1263.39,6
3852,2063,173,3,2729.51,27
3853,2064,47,4,4861.53,0
3854,2064,273,3,3762.75,3
3855,2064,170,2,352.36,1
3856,2065,231,2,283.29,7
3857,2065,569,1,263.95,5
3858,2066,305,5,778.94,17
3859,2066,369,4,4307.46,22
3860,2066,4,4,9716.75,3
3861,2067,296,1,3519.23,0
3862,2068,323,1,4710.11,27
3863,2068,529,5,21566.12,12
3864,2069,407,5,23932.89,0
3865,2070,297,2,723.9,0
3866,2071,108,1,1428.85,19
3867,2072,248,3,2519.73,18
3868,2073,151,1,1030.2,0
3869,2073,148,2,60918.22,0
3870,2073,3,2,5129.18,0
3871,2073,160,2,2504.64,0
3872,2074,16,1,1540.61,0
3873,2074,165,3,2430.37,34
3874,2075,239,3,5598.43,0
3875,2075,497,4,803.82,12
3876,2076,500,4,956.59,40
3877,2077,466,4,7397.6,18
3878,2077,4,5,9388.22,0
3879,2077,252,2,4308.21,19
3880,2078,482,2,4641.68,0
3881,2079,150,3,3587.22,9
3882,2080,466,2,8582.09,0
3883,2080,515,2,684.43,0
3884,2081,543,2,802.8,2
3885,2081,334,2,294.97,10
3886,2081,497,1,1008.63,17
3887,2081,99,3,30953.6,0
3888,2082,258,3,7835.48,37
3889,2082,581,2,374.65,14
3890,2082,36,3,6534.84,0
3891,2082,471,3,11901.32,14
3892,2083,240,2,2215.04,11
3893,2083,82,-1,2719.21,36
3894,2083,349,5,1959.23,1
3895,2084,489,2,5728.44,0
3896,2085,573,4,1242.11,35
3897,2085,516,3,1077.75,8
3898,2086,101,3,3516.41,28
3899,2087,391,5,3671.88,0
3900,2088,134,3,19923.48,24
3901,2089,114,1,4036.96,6
3902,2090,74,2,2339.73,7
3903,2090,584,3,1429.89,10
3904,2091,206,4,6926.53,5
3905,2092,160,1,2812.14,0
3906,2093,69,3,8795.56,1
3907,2093,213,4,6460.99,0
3908,2093,123,1,854.16,14
3909,2093,31,5,2653.17,39
3910,2094,191,2,851.96,14
3911,2095,289,4,8206.1,8
3912,2095,391,3,3242.24,0
3913,2096,31,4,2650.64,18
3914,2096,112,2,1178.29,32
3915,2096,381,4,1568.88,0
3916,2096,522,4,52462.55,0
3917,2097,56,1,2551.24,18
3918,2097,301,5,207.7,0
3919,2098,425,3,261.79,0
3920,2098,42,3,7800.64,1
3921,2099,91,3,15547.97,0
3922,2100,441,4,16934.63,0
3923,2101,354,1,1088.73,0
3924,2101,135,4,3609.22,26
3925,2102,118,1,2588.31,2
3926,2102,483,1,7649.43,0
3927,2103,108,4,1007.01,38
3928,2104,326,3,3088.9,0
3929,2105,192,-1,21513.16,1
3930,2105,314,3,3759.41,5
3931,2105,448,1,4295.6,10
3932,2106,241,4,10497.01,34
3933,2106,589,2,543.73,19
3934,2106,276,-3,998.91,0
3935,2106,463,1,940.64,38
3936,2107,529,5,23734.3,12
3937,2107,264,5,1133.26,0
3938,2108,46,2,2777.27,0
3939,2109,444,5,3781.47,15
3940,2109,86,1,1821.32,3
3941,2109,139,4,1128.95,1
3942,2109,483,4,6209.78,7
3943,2110,506,1,1350.61,5
3944,2111,368,1,279.88,22
3945,2111,100,3,2880.45,9
3946,2111,443,4,937.75,0
3947,2112,155,5,1112.94,0
3948,2113,411,1,3886.59,29
3949,2113,434,1,6304.42,0
3950,2114,28,5,308.25,28
3951,2114,222,-3,3692.91,0
3952,2115,355,1,3151.0,11
3953,2115,349,-3,1544.67,26
3954,2116,55,5,1627.5,10
3955,2117,518,1,925.97,29
3956,2117,320,1,452.15,18
3957,2118,428,1,3320.79,12
3958,2119,599,5,4198.45,0
3959,2119,517,1,4513.55,0
3960,2119,506,5,941.13,3
3961,2120,96,1,259.27,0
3962,2121,42,3,8814.23,22
3963,2121,108,3,1179.32,20
3964,2122,54,5,1090.73,22
3965,2122,61,2,5952.09,30
3966,2123,484,3,2062.88,18
3967,2123,255,3,11751.88,0
3968,2123,140,-1,4787.78,0
3969,2124,27,2,1638.17,0
3970,2124,147,1,946.74,19
3971,2124,415,1,6898.22,10
3972,2125,548,3,736.38,0
3973,2125,406,3,2680.48,0
3974,2126,409,1,3555.91,0
3975,2126,478,4,900.57,24
3976,2127,39,2,668.24,14
3977,2127,310,4,4267.59,18
3978,2127,325,4,11198.08,24
3979,2128,223,2,600.68,0
3980,2128,65,5,372.14,5
3981,2129,312,3,3429.37,14
3982,2130,238,4,2204.39,10
3983,2130,449,3,460.21,10
3984,2130,222,1,3387.99,21
3985,2131,163,3,3066.72,33
3986,2132,208,3,48124.08,0
3987,2133,164,1,1600.3,0
3988,2133,536,5,600.67,29
3989,2133,518,5,833.12,0
3990,2133,379,4,6335.92,10
3991,2134,43,3,9322.75,0
3992,2135,409,2,3902.94,12
3993,2135,400,5,7806.0,5
3994,2136,45,2,12318.75,0
3995,2137,229,1,3432.39,0
3996,2137,107,5,1519.35,9
3997,2138,24,1,3864.91,36
3998,2139,245,3,275.84,0
3999,2139,258,3,6112.23,22
4000,2139,574,5,3709.97,13
4001,2140,25,4,376.58,0
4002,2140,205,5,570.57,38
4003,2140,454,5,1357.81,0
4004,2141,195,3,562.01,36
4005,2141,393,1,54625.36,0
4006,2141,399,1,56965.87,0
4007,2142,96,4,228.87,6
4008,2143,282,5,253.33,21
4009,2144,248,4,2136.77,0
4010,2145,371,4,464.63,0
4011,2146,31,1,2185.73,2
4012,2146,27,1,2139.59,3
4013,2146,524,2,705.57,15
4014,2147,130,4,310.66,9
4015,2148,267,1,2444.93,0
4016,2149,198,4,4269.36,13
4017,2150,429,3,4297.32,0
4018,2150,229,4,2792.73,27
4019,2150,350,-2,11402.83,40
4020,2151,460,3,1617.86,0
4021,2151,174,2,504.63,0
4022,2152,267,4,2509.19,15
4023,2153,12,1,619.49,28
4024,2153,169,4,1032.16,9
4025,2154,532,4,3689.33,13
4026,2154,278,3,195.99,10
4027,2155,246,5,4046.59,21
4028,2155,63,2,2602.47,33
4029,2156,435,5,44040.96,15
4030,2157,48,5,4988.71,24
4031,2157,179,4,6129.02,0
4032,2157,457,5,8012.94,9
4033,2157,417,1,2968.67,2
4034,2158,486,1,5895.26,0
4035,2159,221,1,1077.97,7
4036,2160,124,4,53992.74,11
4037,2160,559,5,3669.4,31
4038,2160,403,2,1831.88,3
4039,2161,186,2,7049.19,15
4040,2161,44,4,1531.39,0
4041,2162,368,4,228.31,9
4042,2162,197,3,10638.41,16
4043,2163,72,2,2789.13,0
4044,2164,99,1,32990.58,21
4045,2165,580,3,1611.45,10
4046,2165,27,4,2080.58,0
4047,2166,215,1,3911.1,14
4048,2166,567,2,1605.04,3
4049,2166,9,2,1174.04,39
4050,2167,91,1,14457.66,5
4051,2167,336,5,8242.46,11
4052,2167,585,4,13013.7,0
4053,2167,439,5,5575.41,0
4054,2168,273,2,3062.78,22
4055,2169,523,5,9576.53,4
4056,2169,241,4,11126.5,25
4057,2169,594,5,3406.03,22
4058,2170,460,2,1829.38,38
4059,2170,282,2,233.92,3
4060,2170,144,1,3832.28,0
4061,2171,350,1,11753.88,0
4062,2172,213,5,8641.84,20
4063,2172,221,5,982.65,9
4064,2173,42,1,7078.29,11
4065,2173,377,5,3423.91,7
4066,2173,63,4,2563.0,25
4067,2174,7,3,231.27,14
4068,2174,82,2,2824.27,22
4069,2174,427,1,629.46,0
4070,2175,123,3,853.14,11
4071,2175,134,5,20288.33,39
4072,2175,389,5,3736.67,0
4073,2176,502,4,2279.58,16
4074,2177,588,3,2606.71,16
4075,2177,28,1,292.54,0
4076,2177,222,-2,3501.3,10
4077,2178,201,3,7112.85,0
4078,2178,598,4,2862.57,0
4079,2178,30,3,22466.52,29
4080,2179,575,5,4690.88,0
4081,2179,308,5,9026.46,33
4082,2179,339,3,1661.09,11
4083,2179,216,2,2155.96,6
4084,2180,297,1,853.14,0
4085,2180,101,1,3393.21,10
4086,2181,410,4,7061.28,37
4087,2181,159,1,1633.7,6
4088,2181,388,5,5844.21,12
4089,2182,15,1,663.04,11
4090,2183,553,3,421.06,38
4091,2184,197,-2,10121.73,0
4092,2184,378,5,27610.44,11
4093,2185,64,4,7335.9,18
4094,2186,23,5,4554.45,0
4095,2187,74,5,2633.4,0
4096,2188,3,1,4402.34,25
4097,2188,112,2,1106.13,0
4098,2188,597,3,440.32,6
4099,2189,331,3,2794.83,2
4100,2190,578,5,1580.33,14
4101,2190,133,1,3643.98,31
4102,2191,99,3,31843.13,40
4103,2192,352,2,1264.86,0
4104,2192,423,5,699.74,0
4105,2193,169,2,973.78,2
4106,2194,346,3,7041.25,0
4107,2194,562,2,1012.86,5
4108,2194,403,2,2210.7,0
4109,2195,58,3,2604.01,14
4110,2195,14,3,1110.63,40
4111,2196,277,2,55204.73,9
4112,2196,340,4,2607.5,12
4113,2197,126,1,1194.91,27
4114,2197,587,5,1589.33,2
4115,2198,320,5,489.3,6
4116,2199,326,2,2692.73,3
4117,2200,538,4,3603.17,0
4118,2201,159,5,1642.28,3
4119,2202,250,3,34078.25,6
4120,2203,251,1,3212.02,0
4121,2204,63,2,1857.94,0
4122,2205,116,2,459.44,0
4123,2206,477,4,290.43,1
4124,2207,142,2,2513.32,0
4125,2207,55,3,1616.32,15
4126,2207,598,5,3646.05,6
4127,2208,314,1,3212.18,14
4128,2209,390,4,1581.62,0
4129,2209,421,-1,928.41,15
4130,2209,290,4,7393.42,13
4131,2210,98,1,485.96,31
4132,2211,289,2,10745.27,34
4133,2211,242,2,1304.0,0
4134,2211,115,4,2484.47,28
4135,2211,483,3,8093.73,7
4136,2212,115,5,2364.12,26
4137,2212,113,1,6571.35,0
4138,2213,202,4,616.03,15
4139,2214,309,2,952.05,12
4140,2215,293,4,525.98,18
4141,2215,473,5,3316.24,0
4142,2216,471,1,12112.05,14
4143,2216,315,3,1297.65,24
4144,2217,175,3,5895.19,10
4145,2217,439,1,6657.96,7
4146,2218,537,1,58739.2,31
4147,2219,303,4,361.9,32
4148,2219,384,2,4308.05,4
4149,2220,529,5,19777.52,0
4150,2221,344,3,975.95,6
4151,2222,31,4,2635.75,8
4152,2222,317,3,153.85,1
4153,2223,269,1,721.88,0
4154,2224,589,5,469.77,0
4155,2224,375,3,5411.53,26
4156,2225,481,3,314.27,20
4157,2226,160,3,2858.15,0
4158,2227,190,2,1155.78,25
4159,2228,469,2,48266.58,0
4160,2229,473,4,2791.63,0
4161,2230,588,2,3517.71,12
4162,2231,200,2,1164.98,7
4163,2231,407,5,22553.46,39
4164,2232,554,5,1375.16,3
4165,2233,271,1,33414.04,17
4166,2233,175,1,6276.31,0
4167,2234,422,2,2770.29,0
4168,2235,478,3,1016.81,21
4169,2235,418,1,5702.81,18
4170,2235,217,3,417.14,17
4171,2235,223,1,501.49,0
4172,2236,478,3,1262.0,26
4173,2237,410,4,7541.55,0
4174,2237,498,4,616.04,37
4175,2238,219,5,1355.22,0
4176,2238,212,1,186.47,0
4177,2239,228,3,6091.88,4
4178,2240,294,5,2031.1,0
4179,2241,409,5,2733.44,19
4180,2242,429,1,4457.69,6
4181,2242,479,5,303.73,0
4182,2243,305,4,720.27,39
4183,2244,390,1,1916.35,14
4184,2245,376,3,716.11,40
4185,2245,204,4,2205.57,10
4186,2246,34,-2,9965.9,0
4187,2246,462,2,2161.11,24
4188,2246,407,1,23683.26,27
4189,2246,88,5,75727.09,6
4190,2247,191,4,815.67,18
4191,2248,117,2,3080.63,0
4192,2248,596,1,400.6,0
4193,2249,146,3,44380.61,9
4194,2249,490,4,4791.1,0
4195,2249,265,3,73356.59,9
4196,2250,600,5,9696.73,5
4197,2251,200,4,1019.98,11
4198,2251,591,2,8384.98,7
4199,2252,23,4,4148.14,0
4200,2253,147,4,669.56,4
4201,2254,288,4,3594.42,0
4202,2254,228,4,6374.65,0
4203,2254,484,3,1619.74,0
4204,2255,148,4,68301.35,24
4205,2256,162,4,12024.41,0
4206,2257,253,4,6277.37,0
4207,2257,317,1,151.3,0
4208,2258,354,5,1417.13,29
4209,2258,514,1,4400.29,13
4210,2258,575,1,4806.88,28
4211,2258,449,2,466.86,0
4212,2259,266,2,9346.62,38
4213,2260,184,2,1765.88,0
4214,2260,328,1,2860.63,0
4215,2261,581,4,352.76,12
4216,2261,71,-2,7821.53,34
4217,2261,109,2,2104.32,0
4218,2262,350,4,9482.44,10
4219,2262,313,4,7177.29,0
4220,2263,4,4,9725.38,34
4221,2263,551,3,201.04,17
4222,2263,223,4,653.3,26
4223,2264,388,4,8210.89,11
4224,2264,595,1,1352.83,14
4225,2264,416,1,1373.87,24
4226,2265,588,3,3367.87,4
4227,2265,276,2,861.49,3
4228,2266,160,4,3093.02,0
4229,2266,280,2,2763.53,3
4230,2266,111,5,6889.71,9
4231,2267,591,1,7838.84,4
4232,2267,104,1,2601.42,0
4233,2267,573,-3,1323.57,0
4234,2268,213,3,6666.1,29
4235,2269,302,2,1287.38,2
4236,2269,67,4,1341.81,0
4237,2269,88,3,74529.0,23
4238,2269,519,2,2253.76,13
4239,2270,151,1,1214.54,10
4240,2270,261,3,4002.55,32
4241,2270,355,4,2981.27,37
4242,2270,578,5,1859.63,27
4243,2271,201,1,6625.92,12
4244,2271,206,2,9466.15,2
4245,2272,396,1,3927.23,0
4246,2272,232,4,3047.17,38
4247,2273,81,2,1491.12,1
4248,2274,384,2,4190.51,32
4249,2274,310,1,4371.54,0
4250,2274,437,4,10055.24,5
4251,2275,201,1,8496.19,28
4252,2276,464,3,3247.78,0
4253,2276,265,1,72986.38,10
4254,2277,124,4,45726.38,1
4255,2278,115,3,2140.44,0
4256,2279,478,2,1059.8,5
4257,2279,59,5,825.11,37
4258,2280,402,2,1143.47,4
4259,2280,330,2,3423.26,19
4260,2281,438,4,1243.45,0
4261,2282,374,5,1402.07,8
4262,2283,371,5,609.74,0
4263,2284,277,2,64232.5,0
4264,2285,79,4,7183.26,27
4265,2285,351,5,24380.76,0
4266,2286,49,4,2040.56,32
4267,2287,270,5,7732.77,1
4268,2288,155,5,1289.58,5
4269,2288,210,5,1349.93,34
4270,2289,73,3,50405.79,14
4271,2290,399,2,41067.09,0
4272,2290,317,1,164.96,12
4273,2291,477,1,227.45,8
4274,2291,238,1,2323.86,11
4275,2292,329,1,4231.91,28
4276,2292,363,1,1927.82,21
4277,2293,288,4,3742.1,19
4278,2293,65,4,358.75,0
4279,2293,147,3,897.83,0
4280,2293,600,3,9004.25,2
4281,2294,457,2,6638.02,6
4282,2294,247,4,4908.61,1
4283,2294,507,3,1883.82,28
4284,2295,140,4,4875.91,40
4285,2296,558,3,13624.95,6
4286,2296,44,2,1380.17,13
4287,2297,214,1,590.93,37
4288,2298,270,5,6577.34,0
4289,2299,122,4,8712.25,0
4290,2299,240,1,2447.48,0
4291,2299,156,1,52640.61,2
4292,2299,445,2,8796.27,32
4293,2300,534,1,10105.11,14
4294,2300,63,2,1942.25,0
4295,2301,592,4,687.91,37
4296,2302,325,2,9662.03,0
4297,2303,194,3,6982.06,12
4298,2304,580,4,2162.32,0
4299,2305,148,1,62528.29,0
4300,2305,329,1,5503.4,0
4301,2306,491,2,176.1,4
4302,2306,591,-3,8614.8,22
4303,2307,394,3,4312.62,5
4304,2308,308,5,10048.41,0
4305,2308,571,3,7607.54,0
4306,2308,2,1,928.77,38
4307,2309,318,3,2579.89,5
4308,2309,5,4,7276.51,39
4309,2310,478,1,1146.13,19
4310,2310,463,4,949.75,27
4311,2311,543,2,597.82,0
4312,2311,281,1,3553.95,8
4313,2312,154,5,417.84,14
4314,2313,118,2,3004.39,11
4315,2314,217,2,535.28,0
4316,2314,397,4,1911.67,0
4317,2315,293,4,526.46,4
4318,2316,356,5,5477.25,28
4319,2316,408,2,2129.99,10
4320,2316,34,5,10598.76,0
4321,2317,374,2,1185.35,4
4322,2318,180,3,6682.49,13
4323,2318,439,3,6391.08,27
4324,2319,509,4,1414.23,29
4325,2320,54,4,1163.51,29
4326,2320,346,1,7617.76,1
4327,2320,340,4,2503.73,14
4328,2320,387,5,4961.13,14
4329,2321,307,4,1872.14,0
4330,2321,188,5,4126.43,0
4331,2321,476,-3,871.1,1
4332,2322,179,1,6973.84,0
4333,2323,289,3,9481.81,20
4334,2323,388,2,7778.41,15
4335,2324,483,1,5831.57,35
4336,2325,574,5,4177.78,23
4337,2326,233,3,49058.34,10
4338,2326,69,4,8506.51,6
4339,2326,348,2,248.13,11
4340,2326,133,1,2877.34,9
4341,2327,589,4,395.97,25
4342,2328,215,4,4194.61,0
4343,2329,323,1,5265.4,35
4344,2329,105,5,2140.87,0
4345,2329,371,5,626.19,24
4346,2330,367,5,41546.97,0
4347,2330,18,5,3128.95,0
4348,2330,417,3,2514.64,8
4349,2330,333,3,9411.16,26
4350,2331,50,5,1664.8,8
4351,2332,454,5,1474.87,1
4352,2333,434,5,4890.0,0
4353,2333,555,3,838.17,7
4354,2333,369,5,4950.31,3
4355,2334,420,5,5767.93,3
4356,2335,384,4,5149.07,0
4357,2335,22,5,26148.58,0
4358,2336,363,1,1711.8,40
4359,2336,375,5,4425.12,26
4360,2337,268,5,49061.82,6
4361,2337,206,2,8192.04,38
4362,2338,88,2,71150.77,15
4363,2338,3,1,3656.33,13
4364,2339,90,1,653.8,8
4365,2339,164,2,1494.41,0
4366,2340,13,4,1008.34,3
4367,2340,427,2,633.58,13
4368,2340,525,1,44213.74,0
4369,2341,146,2,45324.16,9
4370,2341,245,3,331.85,13
4371,2342,262,5,2289.63,17
4372,2343,349,5,1535.79,0
4373,2343,302,2,1459.08,17
4374,2343,553,2,420.23,4
4375,2343,283,2,23719.67,17
4376,2344,485,5,1252.87,11
4377,2344,229,2,2947.14,4
4378,2345,49,1,1889.46,35
4379,2345,499,5,2758.53,0
4380,2345,95,4,2978.7,0
4381,2346,109,2,2131.94,13
4382,2346,292,3,30469.34,0
4383,2347,252,3,5775.04,0
4384,2347,387,5,6269.67,15
4385,2347,136,5,2450.84,32
4386,2348,263,3,1834.56,24
4387,2348,450,2,3659.04,37
4388,2348,57,3,631.93,5
4389,2348,459,3,1235.53,16
4390,2349,334,1,306.09,5
4391,2349,372,4,588.04,5
4392,2349,325,2,10015.06,9
4393,2350,389,3,5265.49,23
4394,2351,85,4,3703.03,23
4395,2352,448,5,4420.72,0
4396,2353,497,4,751.59,30
4397,2354,258,2,6196.06,40
4398,2354,2,2,921.21,0
4399,2354,295,4,7048.27,30
4400,2354,45,4,10599.42,0
4401,2355,54,4,952.54,15
4402,2355,569,4,270.8,0
4403,2356,350,5,11649.99,6
4404,2357,184,4,1813.94,2
4405,2357,379,1,7602.56,6
4406,2358,593,5,68287.39,19
4407,2358,277,2,66632.38,15
4408,2359,3,4,3852.23,34
4409,2360,327,3,3088.07,4
4410,2360,465,1,503.02,0
4411,2360,579,2,2292.28,22
4412,2361,33,1,524.25,12
4413,2361,115,4,1797.06,0
4414,2361,529,4,17773.99,5
4415,2361,587,1,1224.74,18
4416,2362,508,5,4965.52,35
4417,2363,311,1,4622.12,0
4418,2364,288,3,3239.15,1
4419,2364,597,1,572.63,0
4420,2364,580,4,1984.4,2
4421,2365,58,1,2122.97,0
4422,2365,22,2,25023.22,37
4423,2365,228,1,6584.73,0
4424,2366,20,2,466.6,9
4425,2366,320,2,482.17,0
4426,2366,277,4,75175.23,2
4427,2366,276,3,1096.32,17
4428,2367,80,5,425.95,31
4429,2368,116,1,504.83,17
4430,2369,89,1,3496.02,8
4431,2370,466,3,9181.43,0
4432,2371,590,2,3574.93,13
4433,2371,286,4,1000.54,0
4434,2371,380,3,483.97,1
4435,2371,231,3,280.93,0
4436,2372,452,2,8066.99,30
4437,2372,129,2,853.69,7
4438,2372,451,-2,12612.05,21
4439,2372,302,2,1245.44,0
4440,2373,376,3,700.99,0
4441,2373,86,5,1826.03,0
4442,2373,194,3,7040.64,31
4443,2373,228,1,5759.73,28
4444,2374,580,5,2254.54,40
4445,2375,326,3,2444.65,0
4446,2375,268,2,55111.93,17
4447,2376,562,1,1102.53,32
4448,2377,361,5,28831.51,7
4449,2378,460,3,1701.02,40
4450,2378,495,3,4624.34,15
4451,2379,60,3,8344.61,13
4452,2379,528,3,7256.79,11
4453,2380,464,5,3179.19,31
4454,2380,326,2,2722.73,0
4455,2380,414,4,4746.9,0
4456,2381,228,2,6790.82,36
4457,2382,159,4,1242.63,0
4458,2382,9,2,1371.66,27
4459,2383,196,3,5413.9,14
4460,2383,57,3,494.58,0
4461,2384,21,1,67130.06,5
4462,2385,578,3,1576.25,7
4463,2385,15,4,717.15,38
4464,2386,537,5,48153.55,0
4465,2386,195,1,570.09,8
4466,2386,104,5,2844.99,10
4467,2387,240,4,2387.21,34
4468,2387,459,3,1197.69,0
4469,2388,410,5,9808.14,0
4470,2389,474,1,3293.17,6
4471,2389,408,4,1493.36,0
4472,2390,347,2,188.6,17
4473,2390,103,1,7843.09,0
4474,2391,574,2,4120.5,0
4475,2391,37,1,1615.44,33
4476,2392,580,2,2099.95,16
4477,2392,475,4,5363.53,0
4478,2393,289,5,8285.0,40
4479,2393,235,2,383.3,6
4480,2393,264,2,1403.18,15
4481,2393,396,1,3468.94,0
4482,2394,335,3,1083.33,10
4483,2394,37,2,1667.53,0
4484,2394,531,2,1666.89,5
4485,2395,478,3,1271.24,0
4486,2396,142,4,2512.54,0
4487,2396,475,3,4516.08,37
4488,2396,158,1,954.12,12
4489,2396,134,1,21004.71,7
4490,2397,474,3,4287.63,32
4491,2397,568,1,1074.17,17
4492,2398,443,2,892.13,7
4493,2398,460,4,1651.97,21
4494,2398,445,3,7717.03,0
4495,2399,505,1,1860.48,26
4496,2399,329,5,5781.38,15
4497,2399,473,1,3259.4,0
4498,2400,172,4,63855.74,11
4499,2401,221,2,1052.72,30
4500,2401,437,3,9631.01,0
4501,2401,313,5,6131.42,7
4502,2402,61,2,5273.86,1
4503,2402,308,2,9272.09,0
4504,2403,207,5,30562.73,20
4505,2403,313,3,5940.55,7
4506,2403,166,2,2576.04,12
4507,2404,496,3,1793.43,0
4508,2405,227,5,5303.65,4
4509,2405,407,1,17830.79,6
4510,2405,9,1,1504.48,2
4511,2406,111,4,6952.79,6
4512,2406,165,5,2456.7,39
4513,2406,346,1,6080.91,4
4514,2407,24,3,4332.97,40
4515,2407,141,1,6048.18,36
4516,2408,95,1,3823.3,0
4517,2408,37,2,1269.25,13
4518,2409,580,3,2035.99,11
4519,2410,539,2,2703.58,28
4520,2410,428,2,2940.88,0
4521,2410,63,4,2484.39,31
4522,2411,273,2,3740.05,0
4523,2412,264,4,1097.34,32
4524,2412,519,1,2459.82,12
4525,2412,321,3,8389.94,5
4526,2413,598,3,3159.45,32
4527,2414,166,3,2661.03,15
4528,2414,557,2,1281.35,6
4529,2415,287,2,679.71,5
4530,2416,113,4,5994.48,0
4531,2417,33,3,660.01,28
4532,2417,442,5,204.41,4
4533,2418,9,1,1374.87,3
4534,2419,201,5,7586.1,14
4535,2420,466,4,6944.57,0
4536,2420,371,5,561.45,0
4537,2421,120,1,3972.38,0
4538,2422,422,2,3588.52,0
4539,2422,89,3,3749.57,4
4540,2423,72,4,2778.92,0
4541,2423,526,5,40576.71,6
4542,2424,179,3,6838.59,8
4543,2424,288,2,3022.49,0
4544,2424,158,1,1039.87,15
4545,2425,488,5,842.79,8
4546,2425,323,2,4288.8,3
4547,2426,363,1,2005.98,10
4548,2427,560,3,8709.93,9
4549,2427,282,3,207.19,0
4550,2428,86,1,1700.76,12
4551,2428,30,2,22857.61,0
4552,2428,11,2,3081.94,3
4553,2429,564,3,4126.15,11
4554,2429,363,4,2275.99,30
4555,2430,528,4,7767.04,9
4556,2431,316,-2,1066.12,26
4557,2431,462,4,2177.06,25
4558,2431,355,1,2445.38,22
4559,2431,376,2,817.03,4
4560,2432,468,3,50723.65,28
4561,2433,60,2,9453.29,30
4562,2433,391,4,3798.61,10
4563,2434,370,2,1418.0,7
4564,2435,215,2,4870.79,24
4565,2436,266,1,9511.79,40
4566,2436,201,5,6515.47,14
4567,2437,398,-1,2150.23,0
4568,2437,526,4,51937.79,0
4569,2437,221,5,813.21,0
4570,2438,226,5,1338.12,10
4571,2438,132,1,370.31,32
4572,2439,371,4,452.85,17
4573,2439,442,4,170.24,3
4574,2440,89,3,4089.46,4
4575,2441,414,4,4698.6,0
4576,2441,212,1,237.61,8
4577,2441,119,2,3363.93,13
4578,2442,187,3,1069.1,8
4579,2442,65,1,479.59,29
4580,2442,435,3,36086.86,0
4581,2442,98,3,460.3,7
4582,2443,200,3,1187.04,0
4583,2443,412,1,40372.76,29
4584,2443,518,4,716.09,12
4585,2444,260,5,3258.66,0
4586,2445,182,1,1176.35,15
4587,2445,502,4,1722.74,0
4588,2445,67,3,1104.63,11
4589,2445,559,4,3357.13,10
4590,2446,503,3,3885.5,2
4591,2447,245,5,389.32,0
4592,2448,90,1,812.7,14
4593,2448,457,4,7645.51,21
4594,2448,44,4,1418.06,23
4595,2449,385,4,22703.46,25
4596,2450,573,3,1481.58,39
4597,2451,191,1,873.38,0
4598,2452,344,5,928.93,0
4599,2452,139,1,1324.41,7
4600,2453,369,1,4879.05,5
4601,2453,521,4,7891.33,8
4602,2453,312,3,3296.06,12
4603,2454,477,5,212.04,0
4604,2454,301,4,293.28,1
4605,2454,182,2,1044.99,0
4606,2455,210,2,1624.41,7
4607,2455,436,5,12939.56,10
4608,2455,19,1,28075.38,0
4609,2456,51,3,10394.7,24
4610,2457,454,4,1162.85,0
4611,2458,577,3,428.07,23
4612,2459,584,4,1080.99,0
4613,2459,581,2,435.87,25
4614,2460,435,5,33729.88,12
4615,2461,386,2,8004.72,14
4616,2462,414,1,4650.4,14
4617,2462,203,5,4546.86,33
4618,2463,372,2,587.52,0
4619,2463,340,5,2890.07,16
4620,2464,462,1,2581.28,23
4621,2465,223,1,690.78,0
4622,2465,451,1,10832.09,0
4623,2466,492,4,54453.56,39
4624,2467,145,5,555.05,0
4625,2468,555,2,767.37,31
4626,2468,21,4,57918.68,0
4627,2468,62,3,292.4,10
4628,2469,327,1,3199.72,0
4629,2469,496,1,1431.72,33
4630,2469,444,5,3776.2,15
4631,2469,381,4,1827.56,0
4632,2470,585,2,15480.99,10
4633,2470,490,1,5482.1,0
4634,2471,450,5,4117.02,12
4635,2472,518,3,622.3,1
4636,2473,41,4,241.22,26
4637,2473,315,5,1662.75,9
4638,2474,312,5,3121.38,35
4639,2474,183,1,3286.69,3
4640,2475,514,-3,3875.05,27
4641,2475,503,5,3850.52,31
4642,2475,396,3,4170.76,39
4643,2475,295,-3,6675.37,0
4644,2476,380,1,350.52,7
4645,2476,245,3,266.86,5
4646,2476,455,2,6251.0,37
4647,2476,433,2,1353.86,8
4648,2477,569,2,363.58,31
4649,2478,148,3,70048.36,12
4650,2479,116,4,424.38,10
4651,2480,230,5,19653.48,0
4652,2480,457,4,7140.15,12
4653,2481,154,3,476.47,33
4654,2481,445,5,8904.04,21
4655,2481,256,3,1153.93,35
4656,2482,242,4,1272.61,12
4657,2482,117,5,2300.81,24
4658,2483,32,2,2597.79,35
4659,2483,360,1,23119.54,12
4660,2484,190,5,1146.71,7
4661,2484,455,5,6683.66,0
4662,2485,78,5,5938.25,1
4663,2485,449,3,420.41,34
4664,2486,34,3,10264.66,1
4665,2487,144,4,3669.32,0
4666,2487,570,4,3501.3,2
4667,2487,114,5,3383.31,0
4668,2487,595,-1,1533.84,0
4669,2488,209,5,9325.13,3
4670,2489,36,1,7736.44,0
4671,2489,233,5,49681.59,40
4672,2490,593,5,74556.98,29
4673,2491,583,2,5834.81,11
4674,2491,335,1,1017.11,32
4675,2491,229,3,2908.81,23
4676,2491,330,2,3854.78,10
4677,2492,500,4,849.13,11
4678,2492,154,2,391.09,28
4679,2493,332,2,7924.11,0
4680,2494,373,1,65352.23,7
4681,2494,448,5,4488.42,0
4682,2495,568,4,1310.11,2
4683,2496,159,1,1610.43,1
4684,2496,83,3,6469.0,0
4685,2496,600,2,9274.67,5
4686,2497,188,2,3184.31,33
4687,2498,86,2,1711.15,10
4688,2499,412,5,38581.26,1
4689,2499,325,4,10316.67,0
4690,2499,446,5,3102.38,29
4691,2500,115,1,2121.4,0
4692,8809,515,1,656.61,2
4693,10278,465,1,480.09,0
4694,8234,385,3,21300.72,7
4695,4690,544,1,2684.21,8
4696,4584,322,3,1766.34,14
4697,8275,532,3,2993.19,18
4698,6748,579,1,2489.69,16
4699,11378,591,1,8102.61,0
4700,2264,192,2,21619.02,104
4701,592,370,1,1122.13,133
4702,194,368,2,228.24,125
4703,2293,54,1,994.56,148
4704,2339,110,1,721.9,110
4705,219,419,2,2964.54,145
4706,1450,560,0,7422.0,16
4707,1725,581,0,392.59,10
4708,2260,270,0,6486.14,2
4709,1114,562,0,1024.23,8
4710,2434,16,0,1688.15,7
