order_id,customer_id,order_date,status,region_code
1,241,2025-07-16 07:01:46,SHIPPED,SOUTH
2,365,2024-11-11 17:39:54,SHIPPED,NORTH
3,505,2024-08-03 15:41:00,CANCELLED,EAST
4,505,2025-07-30 18:47:23,DELIVERED,CENTRAL
5,228,2024-12-15 05:21:20,PLACED,WEST
6,,2025-11-20 11:52:15,DELIVERED,SOUTH
7,124,14-05-2026,DELIVERED,NORTH
8,216,2024-11-02 12:09:04,DELIVERED,CENTRAL
9,192,2025-06-02 09:11:18,DELIVERED,CENTRAL
10,189,2025-04-22 01:13:11,DELIVERED,EAST
11,411,2025-03-05 10:45:23,DELIVERED,CENTRAL
12,103,2025-05-31 07:27:14,DELIVERED,WEST
13,154,2024-06-14 03:13:08,SHIPPED,WEST
14,530,2025-10-02 11:09:53,DELIVERED,EAST
15,,2024-10-30 18:02:52,DELIVERED,NORTH
16,261,2024-10-26 14:23:40,DELIVERED,EAST
17,369,2025-07-04 08:18:18,DELIVERED,WEST
18,204,2025-02-25 03:16:45,RETURNED,EAST
19,523,2026-04-24 06:45:44,CANCELLED,WEST
20,475,2025-01-10 00:20:14,CANCELLED,EAST
21,586,2024-09-17 19:54:00,PLACED,EAST
22,325,2025-07-19 12:05:36,DELIVERED,WEST
23,456,2025-12-15 03:45:59,DELIVERED,CENTRAL
24,424,2024-07-04 21:16:16,SHIPPED,SOUTH
25,82,2026-02-05 18:55:56,SHIPPED,NORTH
26,485,2024-07-09 22:57:18,DELIVERED,CENTRAL
27,86,2025-01-26 05:02:52,PLACED,WEST
28,254,2026-04-18 10:13:05,DELIVERED,SOUTH
29,,2025-12-05 08:00:20,CANCELLED,EAST
30,479,2025-07-27 04:20:45,DELIVERED,SOUTH
31,553,2026-05-09 05:10:20,DELIVERED,CENTRAL
32,547,2025-11-20 07:22:20,DELIVERED,SOUTH
33,453,01-03-2026,DELIVERED,EAST
34,536,2024-12-27 17:38:57,DELIVERED,WEST
35,504,2026-06-10 02:20:58,DELIVERED,WEST
36,237,2025-12-31 10:27:12,SHIPPED,CENTRAL
37,256,2026-01-25 09:56:11,CANCELLED,SOUTH
38,433,2025-07-26 07:51:58,DELIVERED,CENTRAL
39,423,2024-09-13 08:31:16,SHIPPED,EAST
40,467,2025-07-26 17:53:44,DELIVERED,WEST
41,20,2024-07-03 09:05:57,SHIPPED,NORTH
42,129,11-06-2024,SHIPPED,SOUTH
43,223,2025-09-26 00:25:14,DELIVERED,WEST
44,475,2024-07-18 07:14:44,DELIVERED,SOUTH
45,402,2026-05-30 08:20:32,SHIPPED,EAST
46,13,2025-06-20 17:59:22,DELIVERED,WEST
47,35,2024-10-22 23:05:38,DELIVERED,SOUTH
48,320,2025-01-31 09:27:46,DELIVERED,NORTH
49,563,2025-06-27 12:11:00,DELIVERED,EAST
50,54,2025-05-03 07:44:03,RETURNED,SOUTH
51,,2025-08-01 21:45:20,DELIVERED,WEST
52,10,2026-06-07 07:22:30,DELIVERED,SOUTH
53,92,2026-07-15 14:20:20,PLACED,CENTRAL
54,62,2025-01-24 02:29:42,DELIVERED,NORTH
55,239,2025-11-20 12:56:37,CANCELLED,WEST
56,22,2025-12-07 09:27:07,DELIVERED,EAST
57,497,2025-08-30 19:45:23,DELIVERED,WEST
58,192,2025-10-14 19:41:51,DELIVERED,EAST
59,568,2025-01-25 19:46:07,DELIVERED,EAST
60,,2026-01-08 19:46:06,DELIVERED,NORTH
61,373,2025-06-04 22:36:29,DELIVERED,NORTH
62,552,2025-03-20 22:50:46,DELIVERED,WEST
63,158,2025-10-13 03:24:04,DELIVERED,EAST
64,536,2024-08-06 00:08:04,CANCELLED,SOUTH
65,33,2026-06-22 23:54:57,SHIPPED,NORTH
66,398,2025-07-01 14:04:48,PLACED,SOUTH
67,,2025-04-19 06:19:12,DELIVERED,NORTH
68,63,2026-03-07 03:51:33,CANCELLED,NORTH
69,273,2024-09-16 08:15:34,CANCELLED,NORTH
70,532,2025-05-23 20:58:31,DELIVERED,SOUTH
71,255,2025-03-03 21:47:48,DELIVERED,CENTRAL
72,109,2025-12-07 01:50:29,DELIVERED,WEST
73,171,2026-02-12 19:08:11,DELIVERED,SOUTH
74,454,2025-10-01 13:49:47,DELIVERED,EAST
75,423,2026-03-29 21:29:12,CANCELLED,EAST
76,577,2026-01-02 15:21:53,DELIVERED,EAST
77,464,2026-02-05 20:36:33,PLACED,NORTH
78,17,2025-09-10 21:28:21,PLACED,SOUTH
79,,2025-08-01 16:25:39,RETURNED,CENTRAL
80,586,2024-07-27 14:54:40,DELIVERED,SOUTH
81,376,2025-06-22 03:20:26,SHIPPED,EAST
82,410,2025-05-02 18:38:57,DELIVERED,EAST
83,178,25-10-2024,DELIVERED,EAST
84,591,2024-08-24 20:56:58,RETURNED,EAST
85,445,2024-12-03 06:04:35,CANCELLED,SOUTH
86,12,14-01-2026,PLACED,CENTRAL
87,553,2025-10-19 17:09:58,DELIVERED,SOUTH
88,403,2024-10-16 22:32:09,SHIPPED,EAST
89,152,2024-10-05 05:30:17,DELIVERED,NORTH
90,269,2026-07-18 13:19:18,DELIVERED,SOUTH
91,493,2026-06-26 20:46:48,DELIVERED,CENTRAL
92,537,2024-09-18 07:04:52,DELIVERED,WEST
93,590,2026-03-03 11:27:23,DELIVERED,EAST
94,353,2024-07-06 14:29:45,DELIVERED,SOUTH
95,453,2026-04-14 05:40:00,PLACED,SOUTH
96,383,2024-10-10 07:23:39,SHIPPED,NORTH
97,152,2025-08-19 21:40:39,PLACED,NORTH
98,,2025-04-19 16:26:25,DELIVERED,SOUTH
99,536,2026-06-19 08:31:36,DELIVERED,SOUTH
100,19,2024-08-05 13:07:36,DELIVERED,NORTH
101,278,2024-06-11 22:43:14,PLACED,EAST
102,369,2024-06-28 15:17:29,DELIVERED,WEST
103,390,2024-10-31 17:29:43,RETURNED,WEST
104,545,2025-04-03 22:36:17,DELIVERED,WEST
105,,2025-09-15 16:31:19,DELIVERED,WEST
106,19,2025-11-27 16:16:14,DELIVERED,EAST
107,514,2024-09-03 07:53:20,DELIVERED,WEST
108,31,2025-08-08 06:23:01,SHIPPED,EAST
109,141,2026-01-13 17:42:51,DELIVERED,CENTRAL
110,233,2025-01-22 06:54:04,DELIVERED,EAST
111,338,2024-12-20 16:49:16,SHIPPED,SOUTH
112,208,2025-09-22 00:17:42,DELIVERED,CENTRAL
113,441,2025-01-10 11:40:24,DELIVERED,CENTRAL
114,326,2024-11-29 21:47:53,SHIPPED,SOUTH
115,327,2026-03-04 04:32:08,RETURNED,EAST
116,281,17-03-2025,SHIPPED,SOUTH
117,274,2025-05-23 16:59:56,DELIVERED,SOUTH
118,368,2026-06-09 09:01:07,SHIPPED,CENTRAL
119,383,2026-01-21 21:33:59,DELIVERED,SOUTH
120,,2024-06-22 07:46:19,RETURNED,WEST
121,208,2024-09-09 17:44:27,SHIPPED,WEST
122,502,2026-05-10 18:30:40,CANCELLED,WEST
123,43,2026-01-10 21:22:36,DELIVERED,WEST
124,586,2024-07-28 19:49:49,DELIVERED,WEST
125,44,2025-06-15 17:10:01,DELIVERED,WEST
126,41,2024-08-14 13:52:03,SHIPPED,WEST
127,312,2025-08-17 03:40:06,DELIVERED,WEST
128,56,2025-01-05 23:04:38,DELIVERED,WEST
129,513,2024-12-26 04:35:54,DELIVERED,EAST
130,184,2025-04-08 16:34:14,CANCELLED,NORTH
131,168,2024-12-07 22:03:44,PLACED,WEST
132,88,2026-01-16 15:48:54,DELIVERED,CENTRAL
133,164,2026-01-11 06:03:28,PLACED,SOUTH
134,580,2025-01-18 03:45:03,SHIPPED,SOUTH
135,53,2025-09-22 19:40:43,DELIVERED,WEST
136,186,2024-12-20 09:19:24,RETURNED,NORTH
137,,2026-07-12 00:54:06,CANCELLED,CENTRAL
138,506,2026-06-07 23:49:42,DELIVERED,WEST
139,7,2025-08-05 00:48:06,DELIVERED,CENTRAL
140,,15-01-2025,PLACED,EAST
141,34,05-09-2025,DELIVERED,NORTH
142,427,2025-02-04 15:00:47,DELIVERED,CENTRAL
143,587,2025-03-01 14:40:10,RETURNED,CENTRAL
144,37,2025-09-06 22:30:25,DELIVERED,WEST
145,438,2024-09-07 20:36:42,DELIVERED,SOUTH
146,282,2026-03-03 18:00:46,DELIVERED,SOUTH
147,112,2024-10-13 04:33:53,DELIVERED,CENTRAL
148,295,2025-10-03 15:32:55,DELIVERED,CENTRAL
149,363,2026-07-10 03:01:07,DELIVERED,WEST
150,185,26-05-2025,DELIVERED,SOUTH
151,25,2024-11-29 04:35:22,DELIVERED,SOUTH
152,425,30-10-2025,DELIVERED,SOUTH
153,207,2025-06-29 05:22:21,DELIVERED,EAST
154,564,2024-06-08 12:35:24,SHIPPED,EAST
155,583,2024-07-14 05:34:28,CANCELLED,SOUTH
156,347,2026-06-13 06:27:03,RETURNED,NORTH
157,494,2026-05-15 13:04:52,CANCELLED,CENTRAL
158,474,2026-03-04 01:17:19,RETURNED,NORTH
159,307,2025-10-02 02:47:54,DELIVERED,NORTH
160,340,2025-11-30 06:59:50,PLACED,SOUTH
161,32,2026-01-02 21:59:24,DELIVERED,SOUTH
162,399,2024-11-27 12:17:01,CANCELLED,EAST
163,323,2025-07-25 18:09:26,DELIVERED,WEST
164,381,2025-09-12 02:48:57,SHIPPED,EAST
165,384,2025-04-08 22:46:29,RETURNED,WEST
166,495,2025-01-24 08:26:09,SHIPPED,WEST
167,537,2025-10-20 12:02:36,SHIPPED,NORTH
168,529,2024-12-22 04:03:15,SHIPPED,NORTH
169,535,2025-09-25 02:13:25,RETURNED,CENTRAL
170,342,09-08-2024,SHIPPED,EAST
171,320,2025-04-20 23:36:51,DELIVERED,SOUTH
172,546,2026-04-15 05:58:56,DELIVERED,EAST
173,281,2024-11-05 00:49:39,SHIPPED,EAST
174,278,2025-08-13 00:59:06,DELIVERED,SOUTH
175,347,2024-08-16 19:12:33,SHIPPED,WEST
176,52,2024-08-21 13:48:17,PLACED,WEST
177,457,2025-09-27 08:37:54,DELIVERED,SOUTH
178,547,2026-05-23 10:22:53,DELIVERED,NORTH
179,480,2025-09-24 04:14:26,DELIVERED,WEST
180,230,2025-07-04 20:54:15,RETURNED,WEST
181,339,2025-10-16 11:58:15,DELIVERED,NORTH
182,116,2026-05-16 12:20:10,CANCELLED,EAST
183,589,2024-11-05 21:35:27,DELIVERED,NORTH
184,73,2026-05-16 02:23:17,DELIVERED,WEST
185,250,2026-06-18 08:13:50,DELIVERED,EAST
186,442,2026-04-06 07:09:45,DELIVERED,EAST
187,242,2024-09-28 00:06:49,DELIVERED,CENTRAL
188,118,2026-05-19 02:28:38,DELIVERED,NORTH
189,181,2026-02-19 09:05:08,PLACED,NORTH
190,389,2024-09-02 12:13:24,PLACED,SOUTH
191,1,2025-01-16 19:11:30,DELIVERED,EAST
192,592,2025-04-14 11:37:23,DELIVERED,EAST
193,312,2026-04-05 07:47:54,DELIVERED,EAST
194,,2026-02-16 21:34:18,CANCELLED,EAST
195,563,2024-05-31 07:26:27,DELIVERED,EAST
196,289,2025-05-30 10:25:35,DELIVERED,CENTRAL
197,326,2026-02-19 17:59:40,DELIVERED,CENTRAL
198,178,2025-03-18 09:36:18,DELIVERED,EAST
199,158,2024-12-11 00:48:42,SHIPPED,NORTH
200,148,2026-06-25 01:32:27,DELIVERED,SOUTH
201,426,2026-03-22 07:24:06,DELIVERED,WEST
202,566,2026-01-17 15:12:15,DELIVERED,SOUTH
203,8,2025-06-01 18:40:42,DELIVERED,EAST
204,560,2024-07-20 23:32:56,RETURNED,CENTRAL
205,378,2026-06-17 00:50:52,RETURNED,NORTH
206,540,2025-08-07 01:32:47,DELIVERED,NORTH
207,91,2024-09-28 07:06:17,DELIVERED,CENTRAL
208,320,2025-11-14 16:19:46,DELIVERED,NORTH
209,525,2025-10-26 23:44:14,DELIVERED,EAST
210,37,2025-09-14 08:34:57,DELIVERED,CENTRAL
211,485,2024-08-18 04:31:43,DELIVERED,EAST
212,28,2024-10-05 04:12:07,SHIPPED,NORTH
213,285,09-08-2025,DELIVERED,EAST
214,115,2025-01-19 18:44:38,DELIVERED,EAST
215,268,2025-05-31 22:01:14,DELIVERED,CENTRAL
216,352,2025-01-10 08:36:39,DELIVERED,SOUTH
217,423,2025-06-03 15:19:24,DELIVERED,SOUTH
218,354,2025-07-14 17:22:42,DELIVERED,NORTH
219,476,2025-09-10 03:46:51,DELIVERED,CENTRAL
220,400,10-01-2025,DELIVERED,WEST
221,460,2025-10-02 09:43:29,RETURNED,NORTH
222,545,2026-03-31 18:08:39,DELIVERED,EAST
223,274,2025-06-30 15:54:40,DELIVERED,WEST
224,248,2025-03-28 19:21:22,DELIVERED,SOUTH
225,11,2024-09-12 13:25:57,PLACED,NORTH
226,457,13-08-2025,DELIVERED,NORTH
227,95,2025-05-01 19:48:40,RETURNED,NORTH
228,123,2024-12-17 19:17:36,DELIVERED,CENTRAL
229,190,2025-03-12 05:49:20,DELIVERED,WEST
230,78,2025-08-02 08:19:33,DELIVERED,EAST
231,76,2024-09-03 21:58:12,DELIVERED,EAST
232,265,2025-07-15 03:25:15,SHIPPED,NORTH
233,206,2025-03-03 04:48:22,DELIVERED,NORTH
234,442,2024-11-11 01:16:34,RETURNED,EAST
235,75,2025-06-23 06:54:32,DELIVERED,NORTH
236,153,2024-05-31 08:20:52,RETURNED,WEST
237,338,2024-06-04 18:05:09,DELIVERED,WEST
238,414,2024-09-15 21:30:20,DELIVERED,NORTH
239,494,2025-12-08 13:26:42,DELIVERED,EAST
240,93,2025-11-09 06:27:35,PLACED,WEST
241,297,2025-02-28 08:48:27,DELIVERED,WEST
242,307,2024-11-11 20:36:00,DELIVERED,EAST
243,449,2025-01-02 09:27:05,PLACED,NORTH
244,245,2024-09-04 20:32:07,DELIVERED,EAST
245,461,2024-06-24 12:07:05,PLACED,NORTH
246,44,2025-04-23 19:56:03,CANCELLED,CENTRAL
247,550,2025-05-26 22:20:05,RETURNED,NORTH
248,501,01-06-2026,RETURNED,CENTRAL
249,,2024-08-15 14:34:08,RETURNED,NORTH
250,175,2024-09-06 08:30:45,CANCELLED,NORTH
251,226,2025-04-09 19:00:33,DELIVERED,WEST
252,590,2025-10-11 13:44:23,CANCELLED,SOUTH
253,178,2024-12-03 13:43:05,DELIVERED,WEST
254,379,11-04-2026,SHIPPED,CENTRAL
255,103,2026-01-04 07:10:55,DELIVERED,NORTH
256,,2025-03-04 16:59:45,RETURNED,CENTRAL
257,427,2026-06-08 11:01:52,DELIVERED,SOUTH
258,278,2026-03-01 01:38:28,SHIPPED,SOUTH
259,39,2026-07-15 13:09:42,DELIVERED,NORTH
260,309,2024-06-06 02:23:00,DELIVERED,SOUTH
261,543,2025-12-13 04:39:30,CANCELLED,CENTRAL
262,476,2025-04-18 06:51:17,DELIVERED,SOUTH
263,153,2026-06-05 23:23:33,DELIVERED,SOUTH
264,45,2025-12-16 18:06:06,DELIVERED,WEST
265,,2024-08-19 11:43:22,RETURNED,SOUTH
266,30,2024-11-26 07:13:12,PLACED,SOUTH
267,594,2025-04-03 17:59:20,DELIVERED,EAST
268,113,2024-10-29 08:05:45,SHIPPED,WEST
269,385,2024-09-21 05:23:11,DELIVERED,WEST
270,447,2026-05-06 19:17:21,SHIPPED,EAST
271,199,22-07-2025,SHIPPED,SOUTH
272,583,2024-12-28 01:08:41,SHIPPED,WEST
273,176,2025-05-06 12:44:05,CANCELLED,CENTRAL
274,175,2025-05-21 19:55:20,PLACED,CENTRAL
275,222,2026-05-18 21:03:07,DELIVERED,WEST
276,253,2026-04-04 13:57:56,DELIVERED,CENTRAL
277,588,2026-03-09 23:39:48,RETURNED,NORTH
278,,2026-02-01 13:19:15,DELIVERED,NORTH
279,247,2024-06-18 07:09:45,DELIVERED,WEST
280,136,05-06-2025,DELIVERED,NORTH
281,313,13-05-2026,CANCELLED,CENTRAL
282,466,2024-12-31 08:16:26,CANCELLED,WEST
283,380,2024-06-01 02:50:25,CANCELLED,NORTH
284,341,2025-09-02 17:40:33,DELIVERED,EAST
285,556,2025-04-16 18:58:42,DELIVERED,NORTH
286,344,2024-08-23 03:31:38,DELIVERED,EAST
287,114,2026-05-22 21:36:45,DELIVERED,EAST
288,573,2025-04-13 00:14:19,SHIPPED,EAST
289,117,2025-04-20 21:41:10,DELIVERED,SOUTH
290,274,2026-03-17 23:56:26,DELIVERED,NORTH
291,464,2024-12-06 14:56:21,DELIVERED,CENTRAL
292,546,2026-05-02 02:58:31,DELIVERED,NORTH
293,469,2026-01-26 21:41:57,CANCELLED,EAST
294,79,2025-08-01 15:53:27,SHIPPED,SOUTH
295,210,2024-07-04 05:57:16,DELIVERED,CENTRAL
296,486,2026-04-19 12:18:07,DELIVERED,NORTH
297,,2025-05-25 21:49:04,CANCELLED,CENTRAL
298,422,2025-10-18 21:35:05,DELIVERED,CENTRAL
299,456,2024-12-20 23:36:39,CANCELLED,EAST
300,267,2025-12-28 17:31:23,RETURNED,NORTH
301,292,2025-02-12 10:27:53,DELIVERED,SOUTH
302,293,2025-02-26 09:52:12,CANCELLED,SOUTH
303,,2025-10-03 20:40:00,DELIVERED,WEST
304,189,2024-07-22 21:18:10,DELIVERED,EAST
305,460,2025-02-06 14:04:41,DELIVERED,NORTH
306,415,2025-01-10 20:18:14,RETURNED,EAST
307,560,2025-10-26 15:02:15,DELIVERED,EAST
308,297,2025-01-13 11:40:09,DELIVERED,WEST
309,116,2024-07-31 06:19:29,SHIPPED,CENTRAL
310,26,2025-05-07 07:47:42,DELIVERED,NORTH
311,200,2025-05-10 02:07:23,DELIVERED,EAST
312,86,2026-04-21 23:52:51,DELIVERED,NORTH
313,404,2025-10-05 14:52:11,DELIVERED,CENTRAL
314,370,25-03-2026,DELIVERED,EAST
315,354,2026-04-22 04:16:43,CANCELLED,NORTH
316,455,2026-03-06 15:03:19,CANCELLED,EAST
317,435,2026-03-04 10:15:49,SHIPPED,CENTRAL
318,148,2026-06-06 06:51:35,RETURNED,CENTRAL
319,68,2026-01-03 17:48:39,PLACED,WEST
320,280,2026-05-17 21:04:51,DELIVERED,SOUTH
321,391,2026-07-01 02:21:27,PLACED,EAST
322,312,2026-05-19 22:44:12,SHIPPED,NORTH
323,308,2026-06-03 01:36:42,SHIPPED,EAST
324,504,2025-06-14 04:57:04,PLACED,EAST
325,69,2025-12-12 23:22:19,DELIVERED,CENTRAL
326,265,2026-06-08 12:05:02,RETURNED,NORTH
327,,2025-07-07 04:14:51,SHIPPED,NORTH
328,473,2024-12-26 11:42:32,DELIVERED,NORTH
329,430,2025-12-04 00:03:27,PLACED,EAST
330,79,2025-03-10 15:57:42,DELIVERED,CENTRAL
331,557,2025-10-03 05:10:45,CANCELLED,EAST
332,372,2025-11-27 05:41:34,CANCELLED,NORTH
333,289,2026-06-22 06:20:45,DELIVERED,SOUTH
334,159,2025-03-18 16:41:12,DELIVERED,CENTRAL
335,539,2024-11-23 00:59:16,DELIVERED,NORTH
336,135,2026-06-13 21:44:07,DELIVERED,EAST
337,453,12-11-2025,SHIPPED,EAST
338,122,2025-01-06 03:32:26,DELIVERED,EAST
339,134,2026-03-20 21:52:51,DELIVERED,NORTH
340,496,2024-08-04 01:08:47,SHIPPED,NORTH
341,526,28-05-2026,SHIPPED,EAST
342,309,2024-10-26 21:54:53,DELIVERED,CENTRAL
343,205,2025-11-27 02:07:30,PLACED,SOUTH
344,285,2025-11-21 08:17:10,DELIVERED,CENTRAL
345,248,2024-09-13 03:47:22,PLACED,CENTRAL
346,542,2025-03-23 13:24:32,RETURNED,SOUTH
347,,2024-10-30 07:16:12,RETURNED,CENTRAL
348,487,2025-03-13 13:59:21,DELIVERED,NORTH
349,364,2026-03-19 19:17:24,SHIPPED,SOUTH
350,322,2024-11-17 08:53:04,DELIVERED,WEST
351,296,2024-08-01 01:59:49,PLACED,WEST
352,291,2025-09-26 16:27:38,DELIVERED,WEST
353,418,2026-03-25 19:34:02,SHIPPED,NORTH
354,488,2025-12-21 19:12:29,SHIPPED,WEST
355,406,2024-10-09 01:15:00,SHIPPED,WEST
356,105,2025-02-16 02:27:26,PLACED,SOUTH
357,414,2026-03-20 18:07:13,DELIVERED,EAST
358,596,2026-02-10 17:51:43,DELIVERED,CENTRAL
359,497,2025-01-13 22:30:16,DELIVERED,NORTH
360,502,2024-12-25 02:33:51,PLACED,NORTH
361,511,2025-03-04 05:10:16,DELIVERED,EAST
362,99,2026-07-03 14:04:49,DELIVERED,SOUTH
363,510,2025-07-10 11:35:18,DELIVERED,CENTRAL
364,33,2024-12-01 01:38:29,DELIVERED,EAST
365,454,2024-07-20 01:06:07,SHIPPED,EAST
366,169,2024-12-24 22:05:06,DELIVERED,WEST
367,113,2026-07-01 01:10:04,DELIVERED,CENTRAL
368,488,2025-01-27 19:41:41,DELIVERED,WEST
369,387,2025-11-28 23:59:11,DELIVERED,EAST
370,29,2024-12-15 03:34:12,CANCELLED,EAST
371,,2025-11-11 02:57:55,DELIVERED,WEST
372,366,2024-08-25 16:34:49,DELIVERED,SOUTH
373,320,2024-09-08 18:01:32,CANCELLED,NORTH
374,21,2024-07-27 01:32:19,DELIVERED,WEST
375,432,2026-05-29 15:40:53,DELIVERED,EAST
376,400,2024-10-28 19:28:37,CANCELLED,NORTH
377,211,2025-11-08 10:56:50,SHIPPED,EAST
378,447,2024-09-24 00:10:37,CANCELLED,CENTRAL
379,,2026-02-13 12:39:57,CANCELLED,CENTRAL
380,95,2024-10-24 03:55:30,DELIVERED,EAST
381,544,2025-04-20 19:38:33,DELIVERED,NORTH
382,310,2025-09-07 21:25:07,DELIVERED,CENTRAL
383,425,2026-05-04 01:35:13,DELIVERED,CENTRAL
384,20,2025-03-15 18:40:32,DELIVERED,SOUTH
385,479,2026-04-03 18:25:14,RETURNED,NORTH
386,374,2025-06-07 09:47:25,SHIPPED,EAST
387,421,2024-09-07 02:01:56,DELIVERED,WEST
388,294,2025-07-02 09:01:24,DELIVERED,SOUTH
389,117,2024-07-12 00:53:11,SHIPPED,EAST
390,574,2026-03-16 14:00:48,DELIVERED,NORTH
391,280,2025-07-05 09:43:57,DELIVERED,EAST
392,181,2024-08-03 14:32:12,RETURNED,WEST
393,57,2024-10-07 09:07:12,DELIVERED,EAST
394,417,2024-10-17 06:51:45,DELIVERED,SOUTH
395,585,2024-12-03 09:52:57,DELIVERED,CENTRAL
396,538,2024-10-17 04:43:07,SHIPPED,NORTH
397,321,2026-01-25 18:24:52,CANCELLED,SOUTH
398,224,2025-02-26 02:13:26,SHIPPED,EAST
399,261,2024-08-24 21:03:00,DELIVERED,EAST
400,116,2026-03-19 07:42:45,DELIVERED,SOUTH
401,149,2025-12-22 06:18:51,CANCELLED,NORTH
402,36,2024-08-22 22:19:57,DELIVERED,SOUTH
403,394,2025-12-14 16:13:06,RETURNED,NORTH
404,243,2026-01-23 11:14:57,PLACED,WEST
405,262,2025-05-30 18:36:07,DELIVERED,SOUTH
406,325,2026-02-20 03:32:41,DELIVERED,EAST
407,504,2026-03-02 12:18:49,RETURNED,EAST
408,103,2025-07-09 09:40:10,DELIVERED,EAST
409,561,2026-05-04 02:49:22,DELIVERED,NORTH
410,189,2024-12-27 09:53:09,PLACED,SOUTH
411,322,2024-11-18 03:58:29,SHIPPED,CENTRAL
412,134,2026-02-26 09:41:48,DELIVERED,EAST
413,137,2025-10-20 21:05:01,DELIVERED,SOUTH
414,377,2026-01-06 03:30:36,RETURNED,CENTRAL
415,24,2025-05-20 06:49:26,RETURNED,WEST
416,,2026-03-27 06:40:35,DELIVERED,SOUTH
417,377,2024-11-28 07:08:40,PLACED,CENTRAL
418,465,2026-07-06 15:12:40,SHIPPED,SOUTH
419,273,2026-07-06 15:55:27,DELIVERED,WEST
420,221,2025-08-12 13:47:00,DELIVERED,SOUTH
421,419,2024-07-13 16:44:22,DELIVERED,EAST
422,462,2025-12-25 05:05:37,DELIVERED,WEST
423,481,2025-10-14 03:29:00,RETURNED,WEST
424,393,2025-07-02 00:46:57,PLACED,CENTRAL
425,341,2026-05-31 13:37:59,RETURNED,CENTRAL
426,,2026-01-11 18:23:09,DELIVERED,WEST
427,136,2024-08-01 21:15:02,DELIVERED,EAST
428,505,2026-05-27 03:28:07,SHIPPED,EAST
429,444,2024-11-27 12:11:15,DELIVERED,SOUTH
430,288,2026-03-29 02:46:08,DELIVERED,EAST
431,271,2026-04-06 22:52:59,CANCELLED,EAST
432,504,2025-01-19 23:33:30,DELIVERED,WEST
433,153,2025-03-10 12:00:12,PLACED,EAST
434,479,2026-07-07 19:36:40,PLACED,EAST
435,575,2026-07-04 19:56:43,SHIPPED,SOUTH
436,96,2025-08-14 08:37:44,SHIPPED,SOUTH
437,280,2025-04-24 22:42:09,DELIVERED,NORTH
438,585,2024-09-26 08:38:01,SHIPPED,WEST
439,,2024-12-05 12:09:07,DELIVERED,CENTRAL
440,109,2025-01-23 21:09:54,PLACED,WEST
441,492,2025-07-22 08:55:08,DELIVERED,NORTH
442,45,2026-05-03 20:52:00,DELIVERED,CENTRAL
443,50,2025-08-12 13:17:24,DELIVERED,NORTH
444,561,2026-01-12 11:17:04,PLACED,EAST
445,409,2025-04-18 11:06:23,SHIPPED,WEST
446,158,2026-07-01 12:01:53,CANCELLED,EAST
447,135,2024-10-26 07:17:46,CANCELLED,CENTRAL
448,457,2026-06-09 02:57:32,DELIVERED,CENTRAL
449,433,2025-03-15 11:50:56,DELIVERED,WEST
450,526,2026-05-20 01:27:35,DELIVERED,SOUTH
451,540,2024-10-07 10:37:56,DELIVERED,WEST
452,490,2024-12-14 12:20:49,DELIVERED,EAST
453,536,2024-08-12 03:26:20,DELIVERED,NORTH
454,523,2024-10-23 18:37:56,DELIVERED,CENTRAL
455,364,2024-10-04 00:35:24,DELIVERED,NORTH
456,474,2025-03-09 01:12:41,CANCELLED,NORTH
457,305,2026-05-06 19:33:37,DELIVERED,WEST
458,272,2025-03-16 19:00:49,SHIPPED,NORTH
459,266,11-11-2024,DELIVERED,NORTH
460,,2026-06-10 04:19:05,DELIVERED,WEST
461,499,2025-12-11 08:56:37,DELIVERED,WEST
462,90,2024-06-20 13:19:54,SHIPPED,NORTH
463,193,2025-04-20 00:38:25,DELIVERED,SOUTH
464,447,2025-03-22 13:48:24,PLACED,WEST
465,,2025-02-12 00:51:41,RETURNED,WEST
466,,2026-04-28 07:10:53,DELIVERED,SOUTH
467,402,2024-06-11 05:34:28,SHIPPED,WEST
468,508,2025-08-24 16:51:37,PLACED,WEST
469,500,2024-09-01 07:14:04,DELIVERED,WEST
470,567,2026-03-09 00:00:41,CANCELLED,NORTH
471,356,2026-04-07 15:50:00,PLACED,EAST
472,481,2025-05-25 13:25:52,DELIVERED,CENTRAL
473,348,2026-05-27 17:43:34,SHIPPED,EAST
474,400,2025-12-10 15:18:03,DELIVERED,SOUTH
475,290,2024-10-10 21:28:00,DELIVERED,SOUTH
476,161,2024-11-02 17:57:48,DELIVERED,WEST
477,215,2024-06-27 03:57:27,DELIVERED,EAST
478,163,2024-07-18 15:55:41,CANCELLED,EAST
479,233,2025-05-13 02:53:27,DELIVERED,EAST
480,48,2025-07-19 12:47:45,CANCELLED,CENTRAL
481,107,2026-04-10 03:21:45,DELIVERED,NORTH
482,105,2024-08-03 04:44:02,DELIVERED,SOUTH
483,211,2025-01-28 22:35:51,DELIVERED,WEST
484,511,2024-10-31 05:57:27,SHIPPED,EAST
485,142,2025-04-08 15:01:01,DELIVERED,WEST
486,7,2026-06-04 19:26:56,DELIVERED,CENTRAL
487,273,2026-03-05 16:38:32,DELIVERED,SOUTH
488,543,2025-05-19 11:14:30,SHIPPED,WEST
489,420,2025-12-12 23:55:33,RETURNED,WEST
490,11,2024-09-15 02:10:29,PLACED,EAST
491,169,2026-01-30 22:01:44,DELIVERED,SOUTH
492,60,2025-09-01 09:24:20,DELIVERED,CENTRAL
493,322,2024-06-11 06:36:59,CANCELLED,CENTRAL
494,151,2026-04-23 03:08:00,DELIVERED,CENTRAL
495,453,2026-02-17 09:03:56,DELIVERED,EAST
496,551,2024-12-11 17:49:51,DELIVERED,CENTRAL
497,96,27-09-2025,DELIVERED,SOUTH
498,553,2025-06-08 21:47:56,CANCELLED,EAST
499,518,2024-08-31 02:56:20,CANCELLED,EAST
500,363,2024-12-09 19:00:35,DELIVERED,CENTRAL
501,465,2025-05-31 18:20:46,CANCELLED,CENTRAL
502,547,2025-05-28 06:06:31,DELIVERED,EAST
503,587,2026-01-06 16:23:55,DELIVERED,SOUTH
504,529,2025-12-12 05:01:47,DELIVERED,SOUTH
505,422,2024-09-03 14:44:53,DELIVERED,SOUTH
506,457,2026-02-14 15:44:47,DELIVERED,CENTRAL
507,271,2026-03-18 18:19:24,RETURNED,WEST
508,427,2025-01-09 05:36:56,DELIVERED,WEST
509,133,2024-11-29 09:31:37,DELIVERED,WEST
510,161,2025-12-24 17:41:49,RETURNED,NORTH
511,419,2025-12-25 03:09:48,DELIVERED,NORTH
512,121,01-01-2026,DELIVERED,WEST
513,147,2026-03-16 04:14:22,PLACED,EAST
514,221,2026-06-28 07:32:54,PLACED,CENTRAL
515,46,2025-09-23 02:31:22,DELIVERED,EAST
516,487,2024-12-22 07:30:03,DELIVERED,CENTRAL
517,461,2025-01-16 10:28:24,CANCELLED,EAST
518,420,2026-02-03 05:28:24,DELIVERED,NORTH
519,454,2024-10-14 12:38:00,CANCELLED,NORTH
520,317,2024-12-08 06:54:46,DELIVERED,NORTH
521,555,2024-08-20 03:17:59,RETURNED,CENTRAL
522,488,2024-06-27 23:50:49,SHIPPED,CENTRAL
523,20,2025-04-14 16:57:59,SHIPPED,CENTRAL
524,547,2026-02-13 04:06:36,DELIVERED,WEST
525,24,2025-03-06 09:49:34,DELIVERED,CENTRAL
526,264,2024-10-31 07:25:34,DELIVERED,EAST
527,262,2025-01-24 14:00:47,DELIVERED,WEST
528,61,2025-10-17 07:42:58,SHIPPED,NORTH
529,102,2026-03-02 07:08:59,CANCELLED,EAST
530,124,2025-06-06 05:47:29,DELIVERED,CENTRAL
531,521,2026-01-18 03:39:18,RETURNED,EAST
532,476,2024-09-08 16:27:32,DELIVERED,WEST
533,20,2024-11-03 16:32:43,SHIPPED,CENTRAL
534,129,2026-02-20 20:35:13,DELIVERED,CENTRAL
535,146,2025-02-15 06:30:55,DELIVERED,CENTRAL
536,569,2024-05-31 13:19:19,CANCELLED,CENTRAL
537,,2026-06-18 01:12:24,DELIVERED,EAST
538,390,2025-04-25 12:02:56,DELIVERED,CENTRAL
539,166,2024-09-15 15:22:26,DELIVERED,WEST
540,144,2025-08-07 02:57:37,CANCELLED,SOUTH
541,326,2025-11-13 06:22:05,DELIVERED,WEST
542,330,14-05-2026,RETURNED,EAST
543,137,2024-06-02 04:20:12,DELIVERED,NORTH
544,178,2026-06-28 14:22:23,DELIVERED,CENTRAL
545,80,2026-04-21 13:23:34,DELIVERED,EAST
546,386,2025-12-07 01:55:48,DELIVERED,NORTH
547,380,2026-04-20 15:03:23,PLACED,NORTH
548,367,2025-09-12 23:18:53,CANCELLED,SOUTH
549,506,2024-07-26 03:51:21,DELIVERED,CENTRAL
550,201,2026-02-04 07:09:47,SHIPPED,EAST
551,506,2025-03-27 00:16:43,DELIVERED,CENTRAL
552,579,2024-12-15 05:22:19,DELIVERED,SOUTH
553,584,2025-07-30 03:41:17,SHIPPED,NORTH
554,546,2026-05-05 03:35:33,PLACED,WEST
555,54,2025-10-13 18:17:07,DELIVERED,WEST
556,531,2025-12-12 12:38:49,DELIVERED,NORTH
557,,13-03-2026,DELIVERED,EAST
558,200,2024-07-08 09:56:03,RETURNED,SOUTH
559,434,2025-06-22 08:05:06,SHIPPED,EAST
560,,2026-04-01 00:13:25,CANCELLED,CENTRAL
561,343,2025-06-17 22:33:10,SHIPPED,SOUTH
562,56,2025-06-01 18:26:36,RETURNED,CENTRAL
563,98,2024-12-09 21:51:52,PLACED,NORTH
564,387,2024-09-08 00:25:39,DELIVERED,NORTH
565,453,2026-03-31 20:07:28,PLACED,NORTH
566,302,2026-02-12 23:49:48,PLACED,WEST
567,11,2026-05-21 02:58:09,DELIVERED,CENTRAL
568,348,2024-07-09 08:18:33,DELIVERED,EAST
569,111,2024-09-11 22:14:25,DELIVERED,SOUTH
570,130,2025-07-02 03:02:18,DELIVERED,WEST
571,456,2024-12-29 20:48:37,DELIVERED,NORTH
572,599,2025-12-06 17:38:58,DELIVERED,CENTRAL
573,151,2025-11-13 16:15:01,DELIVERED,NORTH
574,149,2024-08-22 19:54:26,DELIVERED,SOUTH
575,207,2025-11-11 13:58:43,SHIPPED,WEST
576,479,2025-10-26 09:59:47,CANCELLED,CENTRAL
577,307,2025-02-06 02:14:11,SHIPPED,NORTH
578,4,2025-05-22 17:14:14,DELIVERED,SOUTH
579,340,2026-01-03 23:00:28,SHIPPED,SOUTH
580,7,2024-09-21 12:53:48,DELIVERED,CENTRAL
581,298,2025-12-10 02:23:20,PLACED,NORTH
582,291,2025-07-11 00:01:30,DELIVERED,EAST
583,252,2024-07-02 09:16:51,SHIPPED,EAST
584,22,2024-12-29 04:48:35,DELIVERED,NORTH
585,216,2025-06-07 01:26:18,DELIVERED,EAST
586,540,2026-04-03 18:10:52,CANCELLED,NORTH
587,134,2025-03-23 18:23:47,DELIVERED,EAST
588,440,2025-06-13 21:28:16,RETURNED,CENTRAL
589,549,2025-01-15 18:58:34,DELIVERED,NORTH
590,287,2026-06-28 14:53:32,SHIPPED,NORTH
591,67,2026-01-22 22:00:26,DELIVERED,CENTRAL
592,532,2025-10-11 22:26:09,DELIVERED,CENTRAL
593,507,2026-02-11 20:21:10,DELIVERED,CENTRAL
594,213,2025-04-10 08:24:25,DELIVERED,SOUTH
595,314,2026-01-05 18:40:18,DELIVERED,EAST
596,87,2024-10-07 12:47:47,DELIVERED,CENTRAL
597,,2025-11-03 12:55:51,DELIVERED,WEST
598,377,2025-10-04 11:22:41,DELIVERED,NORTH
599,240,2024-09-24 21:19:34,DELIVERED,NORTH
600,514,2024-09-28 09:58:44,DELIVERED,SOUTH
601,74,2025-04-06 03:58:16,DELIVERED,EAST
602,282,2024-12-30 03:59:03,RETURNED,CENTRAL
603,9,2025-08-10 19:57:11,CANCELLED,WEST
604,594,2024-06-17 11:19:05,DELIVERED,CENTRAL
605,153,2025-05-18 12:44:28,SHIPPED,SOUTH
606,529,2026-05-28 03:49:53,DELIVERED,WEST
607,88,2025-03-17 19:25:37,DELIVERED,WEST
608,461,2024-07-15 18:21:40,DELIVERED,CENTRAL
609,313,2024-06-14 00:56:22,DELIVERED,EAST
610,430,2026-02-15 14:40:32,DELIVERED,CENTRAL
611,24,2024-07-19 00:50:17,RETURNED,SOUTH
612,339,2026-01-27 05:16:55,RETURNED,SOUTH
613,66,2025-03-18 13:46:29,DELIVERED,EAST
614,463,2025-09-15 06:00:22,PLACED,NORTH
615,,2026-06-28 00:49:30,PLACED,SOUTH
616,396,2025-05-27 00:20:22,DELIVERED,CENTRAL
617,59,2024-06-16 03:51:55,SHIPPED,WEST
618,114,2026-03-10 23:34:29,DELIVERED,NORTH
619,212,2025-04-14 12:11:40,DELIVERED,WEST
620,589,2025-04-10 07:22:33,DELIVERED,WEST
621,8,2026-04-22 10:04:40,PLACED,WEST
622,253,01-07-2026,DELIVERED,CENTRAL
623,94,2026-05-08 20:20:38,DELIVERED,EAST
624,180,2025-03-04 23:09:25,CANCELLED,WEST
625,188,2024-10-25 09:46:19,DELIVERED,NORTH
626,162,2025-08-26 10:25:57,DELIVERED,NORTH
627,223,2026-02-27 21:33:39,RETURNED,CENTRAL
628,378,2024-11-09 11:03:21,DELIVERED,EAST
629,169,2024-08-07 08:07:10,DELIVERED,NORTH
630,473,09-02-2026,CANCELLED,WEST
631,257,2024-12-28 00:21:52,DELIVERED,WEST
632,70,2025-06-10 09:21:37,DELIVERED,WEST
633,286,2025-02-19 00:01:20,CANCELLED,CENTRAL
634,302,2026-01-27 03:55:32,SHIPPED,NORTH
635,158,2025-03-02 10:05:33,SHIPPED,NORTH
636,546,2024-08-12 04:28:24,CANCELLED,CENTRAL
637,106,20-09-2025,DELIVERED,CENTRAL
638,387,2025-06-21 21:28:57,DELIVERED,SOUTH
639,17,2024-06-21 14:50:05,DELIVERED,SOUTH
640,65,2024-10-27 01:37:42,DELIVERED,SOUTH
641,46,2024-11-13 06:44:38,CANCELLED,EAST
642,195,2026-02-02 17:03:01,RETURNED,NORTH
643,109,23-02-2025,PLACED,EAST
644,218,2024-09-09 13:15:55,DELIVERED,EAST
645,,2025-05-04 12:32:21,DELIVERED,CENTRAL
646,105,2025-02-20 08:27:32,DELIVERED,NORTH
647,398,2024-12-22 12:02:35,DELIVERED,EAST
648,494,2024-06-26 09:59:41,DELIVERED,CENTRAL
649,524,2025-05-26 01:26:59,DELIVERED,NORTH
650,128,2026-03-26 15:33:30,DELIVERED,CENTRAL
651,141,2025-09-02 18:35:55,SHIPPED,WEST
652,39,2026-04-19 07:18:42,DELIVERED,EAST
653,326,2024-07-30 12:40:25,DELIVERED,WEST
654,296,2025-05-20 18:06:44,CANCELLED,EAST
655,211,2025-06-19 18:42:48,CANCELLED,SOUTH
656,391,2025-03-11 03:04:16,DELIVERED,NORTH
657,504,2025-03-24 23:37:55,PLACED,SOUTH
658,129,2025-04-12 11:35:24,SHIPPED,NORTH
659,479,2025-04-01 20:41:08,SHIPPED,SOUTH
660,311,2026-04-26 08:45:40,RETURNED,SOUTH
661,493,2025-12-09 14:11:10,DELIVERED,SOUTH
662,433,03-04-2026,DELIVERED,WEST
663,391,2024-10-06 07:08:44,DELIVERED,EAST
664,157,2025-02-26 22:32:43,DELIVERED,WEST
665,291,2026-06-15 23:10:34,PLACED,SOUTH
666,201,2025-03-20 13:45:46,PLACED,CENTRAL
667,384,2026-03-06 22:53:57,RETURNED,EAST
668,316,2024-09-17 15:48:33,DELIVERED,NORTH
669,128,2025-02-06 05:18:30,SHIPPED,WEST
670,357,2026-06-28 01:08:33,DELIVERED,EAST
671,395,2025-06-17 09:03:56,SHIPPED,NORTH
672,371,2024-07-12 21:27:46,DELIVERED,SOUTH
673,467,2025-01-13 22:15:16,DELIVERED,CENTRAL
674,,2024-10-20 09:24:35,DELIVERED,WEST
675,83,2025-03-19 07:50:27,CANCELLED,SOUTH
676,259,2026-07-16 17:27:58,RETURNED,WEST
677,422,2024-10-15 01:26:31,SHIPPED,CENTRAL
678,353,2025-07-21 21:50:32,DELIVERED,WEST
679,7,2026-07-02 20:46:19,PLACED,NORTH
680,428,2025-08-20 22:06:14,DELIVERED,SOUTH
681,191,2025-04-02 14:44:25,DELIVERED,CENTRAL
682,462,2025-04-25 05:18:35,SHIPPED,NORTH
683,197,2026-02-24 00:53:07,DELIVERED,CENTRAL
684,171,2024-10-10 03:23:27,DELIVERED,EAST
685,31,11-06-2026,DELIVERED,NORTH
686,273,2024-06-10 05:25:45,DELIVERED,NORTH
687,535,2026-01-03 13:50:10,DELIVERED,EAST
688,485,2026-03-28 03:11:29,DELIVERED,EAST
689,246,2026-02-08 00:05:19,DELIVERED,NORTH
690,339,2024-06-03 19:00:16,DELIVERED,WEST
691,,2024-12-06 21:50:25,CANCELLED,EAST
692,255,07-06-2026,DELIVERED,SOUTH
693,,2025-12-10 13:26:18,CANCELLED,EAST
694,240,2026-02-10 15:14:22,DELIVERED,NORTH
695,488,2024-11-02 01:15:38,DELIVERED,EAST
696,147,2024-07-18 07:34:02,SHIPPED,NORTH
697,562,2026-05-25 03:40:44,SHIPPED,WEST
698,494,2025-06-08 05:27:47,SHIPPED,SOUTH
699,92,2024-07-14 09:28:01,SHIPPED,EAST
700,288,2025-07-04 05:05:17,DELIVERED,NORTH
701,548,2026-07-03 05:33:10,PLACED,EAST
702,590,2024-09-07 10:57:41,DELIVERED,WEST
703,391,2026-04-08 19:08:00,CANCELLED,SOUTH
704,298,2024-10-15 11:21:31,DELIVERED,CENTRAL
705,119,2024-12-13 22:28:02,CANCELLED,WEST
706,2,2025-03-20 22:24:25,CANCELLED,WEST
707,374,2024-12-12 05:04:47,DELIVERED,CENTRAL
708,110,2026-05-15 12:30:57,DELIVERED,EAST
709,512,2025-01-14 00:24:56,DELIVERED,SOUTH
710,36,2025-09-21 20:18:25,DELIVERED,NORTH
711,588,2025-04-30 02:04:03,DELIVERED,WEST
712,342,2025-04-22 04:13:29,CANCELLED,SOUTH
713,54,2025-03-04 02:21:28,CANCELLED,WEST
714,164,2026-01-29 09:27:58,DELIVERED,WEST
715,401,2025-08-12 16:29:28,DELIVERED,SOUTH
716,562,2024-12-19 08:19:52,DELIVERED,CENTRAL
717,56,2025-09-14 08:42:02,DELIVERED,SOUTH
718,453,2025-08-25 04:18:26,CANCELLED,SOUTH
719,201,2024-06-13 04:29:05,DELIVERED,CENTRAL
720,152,2026-03-24 11:51:16,DELIVERED,SOUTH
721,99,2026-06-05 03:22:07,SHIPPED,NORTH
722,528,2026-04-03 22:02:07,RETURNED,WEST
723,122,2026-06-28 01:17:37,DELIVERED,CENTRAL
724,385,2024-10-16 04:56:44,DELIVERED,WEST
725,456,2024-12-02 09:56:19,SHIPPED,NORTH
726,522,2026-06-13 20:59:41,DELIVERED,NORTH
727,186,2026-04-03 15:53:07,DELIVERED,SOUTH
728,66,2025-03-13 05:11:35,DELIVERED,NORTH
729,550,2026-06-27 22:57:31,PLACED,CENTRAL
730,128,2025-04-17 06:48:35,RETURNED,NORTH
731,,24-04-2026,CANCELLED,NORTH
732,589,2025-02-04 10:21:15,PLACED,EAST
733,36,2024-12-09 17:47:28,DELIVERED,EAST
734,176,2024-05-30 03:11:24,SHIPPED,NORTH
735,532,2025-08-28 18:37:35,DELIVERED,WEST
736,503,2025-11-27 23:52:40,DELIVERED,CENTRAL
737,102,2024-08-07 11:51:44,SHIPPED,SOUTH
738,221,2025-04-30 14:33:13,DELIVERED,EAST
739,433,2025-06-30 01:52:21,DELIVERED,SOUTH
740,86,2026-03-21 17:56:59,RETURNED,SOUTH
741,73,2025-07-22 11:56:53,RETURNED,SOUTH
742,578,2025-02-08 19:58:08,DELIVERED,SOUTH
743,445,2025-06-18 11:22:57,PLACED,NORTH
744,562,2025-10-23 15:20:16,DELIVERED,EAST
745,280,2025-05-15 17:08:48,DELIVERED,NORTH
746,228,2024-11-09 02:47:07,DELIVERED,NORTH
747,314,2026-06-29 14:18:16,PLACED,EAST
748,289,2024-10-30 21:27:13,CANCELLED,SOUTH
749,399,2026-09-09 00:00:00,DELIVERED,CENTRAL
750,413,2024-12-14 04:14:11,DELIVERED,CENTRAL
751,130,2025-07-19 08:16:21,PLACED,EAST
752,256,2026-03-10 17:15:25,DELIVERED,SOUTH
753,363,2025-08-18 13:24:43,DELIVERED,WEST
754,235,2024-10-12 01:26:35,RETURNED,WEST
755,93,2024-09-26 03:19:48,DELIVERED,NORTH
756,59,2025-08-17 01:17:33,DELIVERED,WEST
757,11,2026-03-19 15:15:18,DELIVERED,SOUTH
758,528,2024-12-09 16:50:21,DELIVERED,CENTRAL
759,8,2025-11-17 00:47:33,SHIPPED,CENTRAL
760,44,2025-02-15 19:20:27,DELIVERED,CENTRAL
761,180,2024-12-23 02:29:06,DELIVERED,NORTH
762,389,2024-11-21 21:39:04,DELIVERED,SOUTH
763,121,19-06-2026,DELIVERED,SOUTH
764,583,2025-09-15 12:30:20,RETURNED,CENTRAL
765,37,2026-06-27 11:53:35,PLACED,NORTH
766,337,2024-11-12 11:21:56,PLACED,SOUTH
767,10,2026-07-03 08:48:32,SHIPPED,CENTRAL
768,158,2026-06-26 04:02:32,PLACED,EAST
769,405,2025-12-17 05:23:04,DELIVERED,SOUTH
770,276,2026-04-11 07:09:06,DELIVERED,WEST
771,363,2024-06-08 00:37:14,DELIVERED,SOUTH
772,,2026-02-01 21:44:28,DELIVERED,EAST
773,165,2026-06-13 13:24:43,RETURNED,EAST
774,501,2024-12-13 23:05:00,DELIVERED,WEST
775,399,2024-11-13 14:02:32,DELIVERED,SOUTH
776,,2025-06-01 09:32:35,PLACED,EAST
777,9,2025-08-22 16:05:53,DELIVERED,NORTH
778,254,2025-03-16 06:39:16,SHIPPED,NORTH
779,254,2026-08-16 00:00:00,SHIPPED,NORTH
780,515,2025-03-19 02:05:23,RETURNED,CENTRAL
781,153,2024-12-21 12:20:43,DELIVERED,EAST
782,150,2025-04-05 03:14:56,PLACED,NORTH
783,538,2025-05-24 12:14:53,SHIPPED,WEST
784,523,2024-08-18 05:51:22,DELIVERED,EAST
785,360,2025-06-17 15:39:29,DELIVERED,NORTH
786,1,2025-10-11 15:35:37,SHIPPED,WEST
787,104,2025-06-25 21:02:52,RETURNED,EAST
788,115,2024-06-20 05:20:26,DELIVERED,SOUTH
789,371,2025-12-28 05:57:52,SHIPPED,EAST
790,394,2024-11-11 05:35:38,SHIPPED,CENTRAL
791,196,2026-04-22 11:30:09,RETURNED,NORTH
792,352,2026-06-05 15:24:07,RETURNED,SOUTH
793,,2025-03-23 19:20:41,DELIVERED,EAST
794,574,2025-12-19 13:55:02,DELIVERED,NORTH
795,70,2024-07-02 23:33:19,SHIPPED,EAST
796,133,2024-09-01 10:32:30,DELIVERED,SOUTH
797,408,2024-09-23 11:39:47,SHIPPED,CENTRAL
798,400,2025-07-25 18:02:13,SHIPPED,NORTH
799,224,2024-06-12 18:22:26,CANCELLED,CENTRAL
800,538,2025-05-07 06:44:01,DELIVERED,EAST
801,176,2025-06-04 01:21:54,DELIVERED,SOUTH
802,285,2025-07-24 02:32:31,CANCELLED,NORTH
803,255,2025-04-21 04:20:16,DELIVERED,NORTH
804,378,2025-07-14 04:03:24,DELIVERED,WEST
805,302,2024-08-26 22:56:07,DELIVERED,NORTH
806,225,2025-08-07 11:35:30,SHIPPED,NORTH
807,598,2026-01-13 09:16:58,RETURNED,EAST
808,565,2026-04-16 21:50:51,SHIPPED,EAST
809,405,2025-05-24 23:15:53,DELIVERED,WEST
810,491,2025-03-07 23:18:55,DELIVERED,SOUTH
811,503,2025-03-06 06:02:49,DELIVERED,NORTH
812,182,2025-03-17 19:28:54,PLACED,NORTH
813,466,2026-02-14 06:26:52,SHIPPED,CENTRAL
814,13,2026-01-07 00:12:21,DELIVERED,NORTH
815,45,06-10-2024,DELIVERED,CENTRAL
816,10,2024-11-11 04:36:11,DELIVERED,EAST
817,88,2026-06-15 07:33:29,DELIVERED,WEST
818,315,2026-07-29 00:00:00,SHIPPED,CENTRAL
819,557,2024-08-07 04:02:38,SHIPPED,EAST
820,426,2025-05-13 10:59:07,PLACED,WEST
821,362,2025-05-15 21:34:49,RETURNED,WEST
822,116,2024-11-17 02:09:17,SHIPPED,EAST
823,342,2024-10-08 17:44:01,CANCELLED,CENTRAL
824,439,2025-03-07 17:47:43,DELIVERED,SOUTH
825,309,2025-08-18 20:20:33,DELIVERED,NORTH
826,512,2025-07-16 06:51:55,CANCELLED,NORTH
827,153,2025-01-12 17:14:14,DELIVERED,WEST
828,490,2024-11-21 19:03:39,DELIVERED,EAST
829,331,2025-03-08 12:41:31,DELIVERED,EAST
830,435,2026-03-04 00:57:49,DELIVERED,EAST
831,252,2026-07-11 05:19:00,DELIVERED,WEST
832,236,2026-03-16 07:21:48,DELIVERED,SOUTH
833,241,2025-04-10 18:48:54,RETURNED,NORTH
834,486,2024-11-17 02:55:30,PLACED,EAST
835,143,2025-01-08 21:56:15,CANCELLED,CENTRAL
836,432,2025-05-13 21:13:03,PLACED,SOUTH
837,147,2024-07-09 22:16:58,DELIVERED,WEST
838,109,2024-09-21 14:21:21,DELIVERED,CENTRAL
839,31,04-01-2025,PLACED,NORTH
840,427,2025-03-09 09:16:43,DELIVERED,SOUTH
841,307,2025-11-05 00:50:04,DELIVERED,NORTH
842,160,2024-07-18 21:29:13,DELIVERED,SOUTH
843,12,2026-03-19 01:43:36,DELIVERED,WEST
844,265,2026-07-18 15:09:38,DELIVERED,SOUTH
845,161,2024-10-19 19:38:31,DELIVERED,SOUTH
846,411,2025-05-05 01:25:21,DELIVERED,CENTRAL
847,80,2026-05-27 16:33:48,DELIVERED,WEST
848,169,2025-12-28 01:42:31,DELIVERED,SOUTH
849,107,2025-11-02 03:17:24,PLACED,EAST
850,110,2024-06-16 01:15:09,DELIVERED,EAST
851,207,2024-07-19 06:43:17,SHIPPED,NORTH
852,,2026-06-20 13:37:55,PLACED,EAST
853,,2025-12-05 00:50:37,DELIVERED,WEST
854,323,2025-12-03 18:34:32,RETURNED,NORTH
855,516,2025-01-18 07:21:52,PLACED,WEST
856,39,2025-01-20 09:44:20,DELIVERED,NORTH
857,96,2025-05-24 17:33:29,CANCELLED,SOUTH
858,165,2026-07-18 05:44:45,DELIVERED,CENTRAL
859,350,2024-12-19 19:24:00,DELIVERED,EAST
860,,2026-01-22 04:03:11,SHIPPED,CENTRAL
861,157,2026-07-11 20:59:43,PLACED,NORTH
862,317,2024-10-12 09:50:48,DELIVERED,WEST
863,303,2025-08-08 03:31:50,DELIVERED,EAST
864,184,2026-05-15 17:40:30,DELIVERED,WEST
865,453,2025-01-03 04:15:09,RETURNED,CENTRAL
866,373,2026-02-11 20:05:50,DELIVERED,CENTRAL
867,133,2025-09-29 05:32:54,DELIVERED,WEST
868,270,2024-08-04 07:03:38,DELIVERED,NORTH
869,251,2024-06-11 08:08:04,SHIPPED,NORTH
870,163,2024-09-20 08:50:32,SHIPPED,WEST
871,358,2026-05-22 02:58:33,SHIPPED,SOUTH
872,407,2025-04-04 20:49:04,DELIVERED,NORTH
873,498,08-06-2026,SHIPPED,WEST
874,160,2025-01-11 01:08:51,DELIVERED,EAST
875,390,2025-12-12 13:25:36,DELIVERED,WEST
876,217,2026-03-17 23:36:48,DELIVERED,SOUTH
877,71,2024-10-03 22:20:11,DELIVERED,WEST
878,538,2025-07-07 00:53:37,SHIPPED,NORTH
879,439,2025-09-03 05:25:12,SHIPPED,EAST
880,494,2025-02-03 14:55:33,RETURNED,WEST
881,585,2024-06-14 10:16:24,DELIVERED,CENTRAL
882,593,14-10-2025,DELIVERED,EAST
883,470,2026-07-14 20:41:02,CANCELLED,NORTH
884,417,2024-06-04 17:05:03,RETURNED,SOUTH
885,593,2025-05-04 14:50:51,DELIVERED,SOUTH
886,560,2026-01-06 12:19:45,SHIPPED,SOUTH
887,591,2025-12-26 04:09:34,CANCELLED,NORTH
888,315,2024-12-09 18:50:37,DELIVERED,WEST
889,361,2026-03-22 12:48:31,DELIVERED,EAST
890,181,2025-12-30 14:58:38,SHIPPED,CENTRAL
891,447,2026-04-09 14:56:46,DELIVERED,CENTRAL
892,102,2024-11-07 06:23:36,PLACED,NORTH
893,422,2024-10-31 21:09:45,DELIVERED,CENTRAL
894,34,2026-03-14 10:37:40,SHIPPED,WEST
895,118,2026-05-29 10:59:47,RETURNED,EAST
896,476,2026-02-03 20:48:45,PLACED,EAST
897,520,2025-07-14 21:14:24,DELIVERED,WEST
898,5,2026-03-04 23:47:33,PLACED,NORTH
899,384,2025-10-05 04:10:31,DELIVERED,CENTRAL
900,248,2026-01-27 23:02:51,SHIPPED,WEST
901,592,2026-01-26 11:36:10,RETURNED,SOUTH
902,326,2026-04-09 11:30:47,SHIPPED,SOUTH
903,591,2025-07-08 06:04:55,CANCELLED,SOUTH
904,209,2024-07-08 19:56:13,DELIVERED,CENTRAL
905,557,2024-09-29 08:51:06,DELIVERED,NORTH
906,134,2025-12-07 07:43:54,SHIPPED,SOUTH
907,549,2026-01-07 08:50:56,DELIVERED,NORTH
908,148,2024-11-06 15:44:54,SHIPPED,CENTRAL
909,146,2025-03-06 14:17:19,PLACED,WEST
910,213,2026-07-01 19:11:04,DELIVERED,WEST
911,79,2026-03-13 07:16:19,DELIVERED,EAST
912,462,2025-03-05 07:40:11,DELIVERED,SOUTH
913,33,2025-11-13 12:53:59,RETURNED,WEST
914,,2025-06-29 08:29:08,RETURNED,SOUTH
915,,2025-01-21 15:52:16,SHIPPED,EAST
916,,2024-12-31 06:04:42,SHIPPED,SOUTH
917,494,2024-10-19 20:53:03,DELIVERED,CENTRAL
918,479,2026-07-09 04:49:38,DELIVERED,WEST
919,257,2025-08-09 15:31:29,RETURNED,NORTH
920,320,2025-04-14 17:57:56,RETURNED,WEST
921,457,2025-07-26 00:44:16,CANCELLED,CENTRAL
922,393,2025-11-29 05:38:37,DELIVERED,NORTH
923,35,2025-06-27 02:53:49,DELIVERED,EAST
924,544,2024-07-15 12:14:32,SHIPPED,EAST
925,191,2024-09-19 20:13:40,SHIPPED,EAST
926,322,2025-10-06 21:51:50,DELIVERED,EAST
927,582,2025-05-26 09:46:25,DELIVERED,WEST
928,218,2024-11-05 21:08:34,DELIVERED,CENTRAL
929,77,2026-03-16 03:59:05,DELIVERED,WEST
930,328,15-08-2024,CANCELLED,WEST
931,282,2024-12-08 18:30:37,DELIVERED,CENTRAL
932,393,2024-07-02 00:57:16,DELIVERED,CENTRAL
933,473,2026-02-14 17:52:29,PLACED,CENTRAL
934,41,2024-06-24 06:40:30,PLACED,NORTH
935,426,2025-07-30 16:34:19,DELIVERED,EAST
936,570,2026-07-06 02:53:30,DELIVERED,WEST
937,466,2024-12-04 14:36:09,CANCELLED,CENTRAL
938,,2024-06-15 03:35:31,SHIPPED,EAST
939,447,2024-10-13 17:30:04,SHIPPED,EAST
940,551,2024-08-19 13:00:20,DELIVERED,NORTH
941,312,2025-10-23 14:16:26,DELIVERED,WEST
942,175,2026-05-15 15:54:30,SHIPPED,EAST
943,599,2026-03-03 00:42:50,DELIVERED,NORTH
944,247,2026-06-30 08:23:43,RETURNED,EAST
945,495,2025-07-13 19:37:31,DELIVERED,NORTH
946,249,2025-04-14 20:10:53,DELIVERED,NORTH
947,62,2025-04-30 18:06:51,DELIVERED,WEST
948,108,2025-09-28 18:52:16,DELIVERED,EAST
949,158,2024-11-10 03:18:28,RETURNED,SOUTH
950,395,2025-04-10 09:09:40,DELIVERED,SOUTH
951,434,2025-09-19 03:15:42,RETURNED,CENTRAL
952,151,12-11-2024,DELIVERED,SOUTH
953,472,2024-07-13 09:46:21,DELIVERED,CENTRAL
954,272,2024-10-07 14:14:10,DELIVERED,SOUTH
955,515,2025-10-30 10:42:38,PLACED,EAST
956,51,2026-03-17 11:14:11,SHIPPED,SOUTH
957,283,2026-07-05 19:20:48,DELIVERED,NORTH
958,255,2025-05-06 02:31:37,SHIPPED,NORTH
959,245,2024-11-02 22:44:44,DELIVERED,CENTRAL
960,415,2024-11-03 08:53:49,SHIPPED,EAST
961,176,2025-11-21 00:42:06,DELIVERED,CENTRAL
962,4,2026-06-09 14:50:19,DELIVERED,SOUTH
963,72,2025-10-27 23:38:51,CANCELLED,SOUTH
964,486,2024-07-01 08:28:52,SHIPPED,EAST
965,175,2024-06-14 02:54:18,DELIVERED,WEST
966,501,2026-06-03 02:37:16,SHIPPED,NORTH
967,298,2025-02-13 21:34:21,DELIVERED,NORTH
968,344,2025-11-25 22:03:54,RETURNED,EAST
969,260,2024-06-20 01:35:33,CANCELLED,EAST
970,531,2026-06-21 10:03:26,SHIPPED,CENTRAL
971,22,2026-02-26 09:47:56,CANCELLED,SOUTH
972,32,2026-03-30 02:25:28,DELIVERED,NORTH
973,387,2025-07-29 12:37:21,CANCELLED,CENTRAL
974,461,2025-02-25 18:41:33,DELIVERED,EAST
975,401,2025-08-02 03:14:22,DELIVERED,NORTH
976,352,2024-12-07 00:19:41,DELIVERED,WEST
977,356,2024-06-11 22:44:48,DELIVERED,SOUTH
978,154,2025-08-23 03:50:51,DELIVERED,SOUTH
979,296,2025-08-30 20:12:32,PLACED,NORTH
980,127,2025-09-17 01:51:07,PLACED,EAST
981,,2024-12-29 22:31:42,DELIVERED,EAST
982,515,2025-01-25 20:11:55,RETURNED,EAST
983,202,2024-10-02 09:22:58,DELIVERED,NORTH
984,364,2026-01-20 00:06:07,DELIVERED,NORTH
985,310,2025-02-23 05:09:56,DELIVERED,EAST
986,143,2025-04-04 22:08:51,DELIVERED,WEST
987,309,2025-09-03 21:25:13,DELIVERED,WEST
988,385,2026-04-08 16:32:41,PLACED,CENTRAL
989,321,2025-12-06 10:45:55,DELIVERED,WEST
990,421,2024-07-10 01:05:16,RETURNED,WEST
991,144,2025-09-11 17:54:56,DELIVERED,CENTRAL
992,131,2025-08-28 16:37:36,PLACED,WEST
993,7,2026-05-14 22:16:23,CANCELLED,NORTH
994,110,2024-10-28 07:18:00,CANCELLED,CENTRAL
995,340,2024-12-04 15:42:40,DELIVERED,CENTRAL
996,55,2025-01-08 22:22:20,DELIVERED,WEST
997,159,2025-09-24 22:51:00,DELIVERED,NORTH
998,206,2024-05-30 01:19:53,SHIPPED,NORTH
999,254,2026-06-04 22:23:49,PLACED,CENTRAL
1000,57,2025-09-07 21:58:05,DELIVERED,SOUTH
1001,560,2026-04-12 03:56:50,CANCELLED,CENTRAL
1002,150,2025-03-13 02:08:10,SHIPPED,SOUTH
1003,560,2026-06-15 09:05:17,DELIVERED,NORTH
1004,505,2025-07-31 11:30:15,DELIVERED,NORTH
1005,436,2025-08-13 06:44:46,DELIVERED,CENTRAL
1006,595,2026-04-20 11:23:33,PLACED,EAST
1007,480,2026-05-12 00:31:59,DELIVERED,SOUTH
1008,516,2026-01-26 19:31:49,DELIVERED,SOUTH
1009,361,2025-11-08 01:41:17,DELIVERED,SOUTH
1010,311,2024-09-12 23:03:25,RETURNED,WEST
1011,484,2025-03-06 04:51:00,DELIVERED,CENTRAL
1012,539,2025-10-15 10:27:06,DELIVERED,CENTRAL
1013,414,2024-07-14 20:39:14,CANCELLED,SOUTH
1014,109,2026-06-09 01:57:51,DELIVERED,SOUTH
1015,243,2025-02-24 07:06:50,DELIVERED,WEST
1016,431,03-09-2024,DELIVERED,NORTH
1017,75,2026-01-01 11:44:23,DELIVERED,NORTH
1018,329,2026-04-28 06:56:01,DELIVERED,CENTRAL
1019,201,2026-04-09 15:44:09,DELIVERED,SOUTH
1020,166,2025-03-24 17:18:27,PLACED,NORTH
1021,99,2025-01-03 08:33:11,CANCELLED,EAST
1022,582,2024-09-18 19:03:14,DELIVERED,CENTRAL
1023,213,2026-06-04 22:02:29,DELIVERED,EAST
1024,573,2024-09-11 07:42:28,DELIVERED,WEST
1025,583,2025-09-05 06:42:28,SHIPPED,WEST
1026,554,2025-05-13 00:06:59,CANCELLED,EAST
1027,258,2025-12-06 23:40:22,PLACED,SOUTH
1028,77,2025-06-08 23:59:04,CANCELLED,CENTRAL
1029,409,2024-11-18 05:41:59,DELIVERED,EAST
1030,34,2025-07-09 06:21:09,SHIPPED,NORTH
1031,561,2025-10-24 00:43:13,RETURNED,NORTH
1032,75,2024-07-23 22:23:37,DELIVERED,NORTH
1033,83,2026-06-12 17:53:40,RETURNED,EAST
1034,,2025-05-14 21:44:37,DELIVERED,WEST
1035,,2024-08-23 23:50:30,PLACED,SOUTH
1036,389,2024-06-27 02:37:31,DELIVERED,NORTH
1037,387,2026-03-28 13:04:20,DELIVERED,CENTRAL
1038,449,2025-12-22 05:10:22,DELIVERED,EAST
1039,60,2024-10-19 21:39:57,DELIVERED,SOUTH
1040,550,2024-06-22 03:27:30,CANCELLED,SOUTH
1041,79,2026-04-11 06:32:54,SHIPPED,NORTH
1042,251,2024-12-17 12:10:19,DELIVERED,WEST
1043,79,2025-04-14 19:03:10,DELIVERED,EAST
1044,226,2025-09-12 06:10:44,RETURNED,CENTRAL
1045,251,2025-07-19 14:26:13,DELIVERED,CENTRAL
1046,56,2026-02-27 04:59:46,DELIVERED,CENTRAL
1047,81,2024-12-29 00:37:56,CANCELLED,CENTRAL
1048,567,29-12-2025,DELIVERED,SOUTH
1049,241,2026-05-04 21:30:36,RETURNED,NORTH
1050,35,2026-01-16 19:08:38,DELIVERED,NORTH
1051,394,2026-01-14 07:55:16,DELIVERED,NORTH
1052,389,30-03-2026,DELIVERED,EAST
1053,357,2025-11-03 07:07:35,RETURNED,EAST
1054,222,2025-11-10 15:19:40,DELIVERED,CENTRAL
1055,438,2024-08-26 17:32:07,CANCELLED,CENTRAL
1056,295,2026-05-20 00:37:37,DELIVERED,CENTRAL
1057,267,2026-01-12 07:33:36,DELIVERED,SOUTH
1058,16,2025-07-30 06:06:21,PLACED,SOUTH
1059,303,2026-02-01 23:47:57,PLACED,EAST
1060,257,2024-06-18 04:02:08,SHIPPED,CENTRAL
1061,271,19-04-2026,DELIVERED,WEST
1062,38,2026-06-14 23:26:54,DELIVERED,CENTRAL
1063,60,2024-09-30 13:43:23,DELIVERED,CENTRAL
1064,66,2025-07-04 19:11:47,DELIVERED,EAST
1065,507,2025-02-25 01:39:25,SHIPPED,CENTRAL
1066,239,2024-07-28 19:27:01,SHIPPED,CENTRAL
1067,594,2025-05-19 02:40:56,PLACED,EAST
1068,17,2025-11-29 21:17:06,DELIVERED,NORTH
1069,359,2026-04-19 10:32:10,SHIPPED,NORTH
1070,334,2026-03-07 04:28:24,PLACED,WEST
1071,,2025-12-10 16:28:15,DELIVERED,WEST
1072,384,2025-08-29 19:27:52,DELIVERED,SOUTH
1073,298,2024-07-08 16:01:28,SHIPPED,SOUTH
1074,524,2025-11-15 11:12:57,RETURNED,WEST
1075,34,2025-01-18 03:11:23,DELIVERED,NORTH
1076,230,2026-03-10 11:09:23,DELIVERED,NORTH
1077,541,2026-06-02 17:42:26,DELIVERED,CENTRAL
1078,276,2025-08-28 06:15:59,RETURNED,EAST
1079,371,2025-10-01 01:12:18,DELIVERED,NORTH
1080,456,2026-02-25 19:08:31,DELIVERED,EAST
1081,79,2026-06-21 02:35:19,DELIVERED,WEST
1082,236,2024-12-10 14:49:25,RETURNED,SOUTH
1083,418,2024-12-30 14:14:17,DELIVERED,EAST
1084,121,2026-03-15 00:51:35,DELIVERED,SOUTH
1085,203,2026-05-05 08:55:29,PLACED,NORTH
1086,568,2026-05-29 21:39:37,DELIVERED,SOUTH
1087,,2025-02-13 07:48:41,RETURNED,SOUTH
1088,543,2026-03-17 02:40:23,DELIVERED,WEST
1089,248,2024-11-30 21:44:48,DELIVERED,EAST
1090,111,2024-08-08 06:35:01,PLACED,EAST
1091,419,2026-04-06 19:42:21,DELIVERED,WEST
1092,188,2024-10-07 03:53:55,SHIPPED,NORTH
1093,379,2026-05-04 12:43:04,DELIVERED,WEST
1094,287,2024-10-27 12:38:30,SHIPPED,WEST
1095,578,2026-03-23 20:08:19,DELIVERED,WEST
1096,183,2024-08-03 03:25:43,CANCELLED,SOUTH
1097,285,2025-09-30 08:27:57,PLACED,EAST
1098,295,2026-04-11 20:00:08,SHIPPED,SOUTH
1099,266,2024-11-10 20:25:11,RETURNED,EAST
1100,212,2025-02-16 07:16:28,PLACED,NORTH
1101,553,2025-03-29 03:04:23,PLACED,NORTH
1102,289,2026-03-23 13:10:04,DELIVERED,CENTRAL
1103,465,2026-07-27 00:00:00,DELIVERED,NORTH
1104,443,2024-10-11 22:31:05,CANCELLED,EAST
1105,120,2024-09-29 19:50:03,DELIVERED,SOUTH
1106,335,2025-11-01 22:16:32,DELIVERED,CENTRAL
1107,76,2025-10-01 00:57:52,CANCELLED,NORTH
1108,534,2024-07-24 08:36:47,RETURNED,NORTH
1109,386,2025-05-07 02:00:25,DELIVERED,EAST
1110,497,2026-07-10 15:18:09,DELIVERED,SOUTH
1111,91,2025-04-27 17:32:51,PLACED,NORTH
1112,214,2024-07-29 07:02:36,DELIVERED,EAST
1113,598,2025-11-22 16:37:08,DELIVERED,SOUTH
1114,238,2026-06-22 12:20:44,DELIVERED,WEST
1115,557,2024-10-26 23:01:11,SHIPPED,EAST
1116,458,2026-03-21 00:07:33,SHIPPED,WEST
1117,117,2026-02-07 09:50:42,DELIVERED,WEST
1118,501,2025-05-29 20:13:01,PLACED,EAST
1119,419,2025-10-14 01:28:18,DELIVERED,EAST
1120,453,2025-07-08 23:34:38,RETURNED,EAST
1121,225,2024-08-08 21:09:18,DELIVERED,WEST
1122,171,2024-11-17 08:51:51,RETURNED,CENTRAL
1123,133,2024-06-29 22:40:05,RETURNED,NORTH
1124,93,2025-10-29 17:52:48,RETURNED,CENTRAL
1125,51,2025-12-13 11:58:57,DELIVERED,SOUTH
1126,406,2025-05-21 06:12:31,DELIVERED,SOUTH
1127,340,2025-06-20 08:20:51,RETURNED,NORTH
1128,540,2026-02-07 04:10:54,DELIVERED,NORTH
1129,,2025-06-18 04:20:17,PLACED,NORTH
1130,387,2024-12-19 19:14:11,CANCELLED,EAST
1131,79,2026-03-06 06:29:23,PLACED,CENTRAL
1132,156,2026-01-27 14:09:21,SHIPPED,CENTRAL
1133,332,2024-07-05 09:36:23,DELIVERED,WEST
1134,271,2026-06-01 07:04:44,DELIVERED,WEST
1135,417,2026-06-19 20:34:34,DELIVERED,CENTRAL
1136,,2026-07-11 02:48:13,DELIVERED,EAST
1137,111,2024-07-07 16:02:10,DELIVERED,SOUTH
1138,489,2025-09-24 12:22:24,DELIVERED,NORTH
1139,174,2026-06-29 21:29:41,DELIVERED,NORTH
1140,485,2025-05-26 01:36:34,PLACED,WEST
1141,319,2025-01-18 23:13:17,PLACED,CENTRAL
1142,6,2025-04-20 00:26:33,DELIVERED,WEST
1143,321,2025-05-31 04:59:58,DELIVERED,WEST
1144,84,2026-03-22 07:19:18,DELIVERED,WEST
1145,14,2024-12-04 17:00:59,SHIPPED,WEST
1146,,2026-03-19 22:39:34,DELIVERED,CENTRAL
1147,561,2024-06-13 09:10:58,DELIVERED,WEST
1148,278,2025-12-28 07:26:17,DELIVERED,SOUTH
1149,536,2025-12-27 17:19:35,DELIVERED,EAST
1150,216,26-12-2024,SHIPPED,WEST
1151,427,2026-05-30 21:16:00,PLACED,NORTH
1152,193,2024-10-22 18:54:04,DELIVERED,EAST
1153,480,2024-09-10 17:26:26,DELIVERED,CENTRAL
1154,354,2025-03-25 06:09:52,DELIVERED,WEST
1155,314,2026-02-15 10:56:02,RETURNED,CENTRAL
1156,208,2025-01-21 18:41:48,SHIPPED,SOUTH
1157,270,2024-12-12 19:52:14,DELIVERED,CENTRAL
1158,393,2025-08-03 16:09:47,RETURNED,CENTRAL
1159,485,2024-06-03 03:34:26,DELIVERED,SOUTH
1160,151,2026-06-07 14:34:57,CANCELLED,EAST
1161,54,2026-04-13 00:47:41,DELIVERED,WEST
1162,513,2025-06-08 00:39:50,DELIVERED,WEST
1163,486,2025-10-04 09:34:11,DELIVERED,CENTRAL
1164,171,2025-08-04 10:46:37,DELIVERED,WEST
1165,502,2025-06-23 04:46:20,DELIVERED,CENTRAL
1166,357,2025-12-19 01:48:21,CANCELLED,EAST
1167,219,2025-03-22 16:24:00,DELIVERED,SOUTH
1168,11,2025-12-11 18:44:02,DELIVERED,NORTH
1169,337,2025-12-24 00:22:27,RETURNED,CENTRAL
1170,,31-07-2025,DELIVERED,WEST
1171,260,2024-08-26 21:34:37,RETURNED,NORTH
1172,483,2026-05-06 00:16:09,DELIVERED,WEST
1173,559,2024-07-28 07:57:37,DELIVERED,CENTRAL
1174,157,2025-02-28 19:35:45,CANCELLED,SOUTH
1175,123,2024-09-03 19:39:43,DELIVERED,CENTRAL
1176,199,2024-06-24 21:40:07,DELIVERED,EAST
1177,174,2025-12-19 23:02:04,DELIVERED,WEST
1178,63,2026-07-18 02:13:59,SHIPPED,EAST
1179,,2025-04-03 15:27:14,DELIVERED,WEST
1180,4,2025-11-25 18:28:34,SHIPPED,WEST
1181,89,2026-05-19 06:05:29,PLACED,NORTH
1182,89,2024-06-30 05:39:25,DELIVERED,NORTH
1183,384,2025-06-17 06:50:24,DELIVERED,SOUTH
1184,136,2026-01-09 05:43:07,DELIVERED,SOUTH
1185,579,2025-05-16 00:24:48,CANCELLED,EAST
1186,182,2025-07-06 21:25:16,DELIVERED,EAST
1187,364,2025-11-22 22:24:48,DELIVERED,CENTRAL
1188,,2026-01-19 03:13:06,SHIPPED,CENTRAL
1189,445,2025-08-21 11:06:22,SHIPPED,CENTRAL
1190,276,2025-04-22 08:17:06,DELIVERED,WEST
1191,119,2025-03-15 14:26:48,DELIVERED,WEST
1192,382,2024-07-21 14:00:41,DELIVERED,NORTH
1193,9,2026-06-07 15:46:22,DELIVERED,NORTH
1194,367,2026-05-25 05:06:09,DELIVERED,NORTH
1195,468,2026-04-05 16:48:00,DELIVERED,WEST
1196,259,2025-11-05 21:00:52,DELIVERED,WEST
1197,240,2024-11-13 13:08:15,DELIVERED,EAST
1198,411,2025-02-08 19:19:52,DELIVERED,EAST
1199,537,2025-01-01 18:46:17,SHIPPED,EAST
1200,56,2025-09-22 10:33:11,DELIVERED,SOUTH
1201,470,2026-05-15 11:57:18,PLACED,SOUTH
1202,177,2024-10-01 20:36:26,SHIPPED,SOUTH
1203,251,2026-01-01 09:20:33,PLACED,SOUTH
1204,483,2026-02-01 03:08:52,DELIVERED,WEST
1205,475,2024-10-25 20:36:35,DELIVERED,EAST
1206,137,2025-10-20 03:36:47,CANCELLED,WEST
1207,547,27-06-2026,DELIVERED,CENTRAL
1208,183,2025-12-24 10:15:34,DELIVERED,CENTRAL
1209,408,22-05-2025,SHIPPED,SOUTH
1210,310,2025-11-08 12:42:29,DELIVERED,SOUTH
1211,292,2026-06-15 16:00:27,PLACED,WEST
1212,408,2024-11-11 08:01:07,DELIVERED,NORTH
1213,104,2026-02-17 07:52:00,CANCELLED,NORTH
1214,132,2026-01-16 12:11:43,DELIVERED,NORTH
1215,412,2024-08-22 16:19:41,DELIVERED,EAST
1216,119,2026-04-29 11:16:48,DELIVERED,WEST
1217,548,2024-11-19 11:26:20,DELIVERED,WEST
1218,393,2024-10-01 06:57:21,SHIPPED,EAST
1219,265,2026-05-06 19:13:58,DELIVERED,WEST
1220,125,2026-05-14 23:23:25,DELIVERED,CENTRAL
1221,259,2025-09-02 01:03:55,DELIVERED,NORTH
1222,184,2026-03-08 21:07:57,PLACED,EAST
1223,37,2025-12-05 23:02:22,DELIVERED,CENTRAL
1224,255,2024-10-23 21:55:16,SHIPPED,SOUTH
1225,442,2025-11-17 12:56:01,RETURNED,CENTRAL
1226,537,01-08-2024,PLACED,EAST
1227,104,2024-09-29 08:34:01,DELIVERED,EAST
1228,23,2025-07-03 00:21:37,DELIVERED,NORTH
1229,444,2025-03-23 16:59:33,DELIVERED,EAST
1230,553,2025-06-12 15:44:53,DELIVERED,NORTH
1231,485,2026-04-08 18:30:50,DELIVERED,SOUTH
1232,47,07-03-2025,DELIVERED,EAST
1233,,2026-03-04 15:08:58,DELIVERED,EAST
1234,326,2025-05-14 06:04:30,PLACED,EAST
1235,295,2026-05-15 14:03:31,DELIVERED,CENTRAL
1236,399,2024-06-18 12:32:24,DELIVERED,EAST
1237,456,2026-07-14 03:07:23,SHIPPED,SOUTH
1238,262,2024-09-29 02:44:16,DELIVERED,CENTRAL
1239,86,2025-12-24 12:27:18,DELIVERED,EAST
1240,,2025-02-13 00:18:19,DELIVERED,CENTRAL
1241,24,2025-08-14 00:05:59,DELIVERED,WEST
1242,385,2024-12-20 14:02:04,DELIVERED,NORTH
1243,224,2024-11-17 20:41:18,DELIVERED,SOUTH
1244,411,2025-11-27 20:25:44,DELIVERED,WEST
1245,286,2025-12-15 04:08:00,DELIVERED,EAST
1246,546,2026-02-16 12:56:34,DELIVERED,WEST
1247,461,2025-03-01 22:24:02,DELIVERED,NORTH
1248,343,2025-02-21 14:42:57,DELIVERED,NORTH
1249,429,2026-02-26 08:51:42,SHIPPED,NORTH
1250,142,2024-10-02 01:28:27,DELIVERED,WEST
1251,333,2025-02-12 14:02:11,DELIVERED,WEST
1252,,2026-01-24 19:37:27,DELIVERED,SOUTH
1253,166,2025-06-05 18:19:19,SHIPPED,SOUTH
1254,301,2024-07-16 23:39:13,SHIPPED,WEST
1255,455,2025-02-28 18:29:08,RETURNED,CENTRAL
1256,340,01-02-2025,SHIPPED,NORTH
1257,34,2026-02-20 05:42:11,CANCELLED,WEST
1258,73,2025-07-07 22:35:34,CANCELLED,CENTRAL
1259,547,2026-04-11 05:15:08,DELIVERED,NORTH
1260,408,2024-07-30 23:49:14,DELIVERED,CENTRAL
1261,451,2024-12-08 17:10:28,SHIPPED,EAST
1262,594,2024-11-19 15:35:58,DELIVERED,EAST
1263,348,2025-06-11 14:15:24,DELIVERED,SOUTH
1264,338,2024-09-22 01:30:47,DELIVERED,WEST
1265,267,2026-04-20 18:34:34,DELIVERED,WEST
1266,582,2024-07-24 12:39:24,DELIVERED,SOUTH
1267,27,2025-12-27 02:19:54,DELIVERED,EAST
1268,163,2025-09-15 09:34:53,DELIVERED,WEST
1269,159,2024-12-15 16:48:23,SHIPPED,EAST
1270,264,2024-07-12 12:05:27,CANCELLED,CENTRAL
1271,,2025-12-16 16:56:08,DELIVERED,CENTRAL
1272,175,2025-01-27 03:30:37,DELIVERED,CENTRAL
1273,384,2026-06-22 19:16:26,DELIVERED,CENTRAL
1274,496,2024-06-21 02:37:46,DELIVERED,NORTH
1275,317,2025-01-18 03:42:20,DELIVERED,NORTH
1276,366,2024-06-17 22:52:41,CANCELLED,CENTRAL
1277,208,2024-07-20 00:23:01,DELIVERED,NORTH
1278,520,2024-09-30 10:00:34,RETURNED,NORTH
1279,536,2025-07-01 19:03:31,DELIVERED,SOUTH
1280,251,2026-05-08 11:22:29,SHIPPED,CENTRAL
1281,285,2025-03-21 04:14:29,DELIVERED,NORTH
1282,136,2024-09-01 13:12:57,SHIPPED,SOUTH
1283,596,2024-10-29 15:46:47,DELIVERED,NORTH
1284,75,2024-11-26 19:56:41,DELIVERED,WEST
1285,556,2026-06-25 21:16:33,DELIVERED,NORTH
1286,115,2026-04-17 14:52:58,DELIVERED,SOUTH
1287,468,2025-06-25 01:50:14,DELIVERED,CENTRAL
1288,181,2026-06-19 17:58:17,DELIVERED,EAST
1289,545,2025-07-31 15:29:36,DELIVERED,CENTRAL
1290,451,2025-03-09 00:10:23,DELIVERED,EAST
1291,522,2025-02-07 09:57:35,SHIPPED,WEST
1292,97,2026-04-18 11:37:53,DELIVERED,CENTRAL
1293,199,2025-05-25 02:14:05,SHIPPED,CENTRAL
1294,544,2025-09-08 03:06:01,RETURNED,SOUTH
1295,159,2025-03-24 02:42:07,DELIVERED,SOUTH
1296,161,2026-06-04 23:37:10,DELIVERED,WEST
1297,276,2025-07-12 07:57:36,DELIVERED,EAST
1298,314,2025-11-30 19:35:59,CANCELLED,EAST
1299,436,2026-03-08 23:29:47,PLACED,WEST
1300,419,02-01-2025,RETURNED,EAST
1301,208,01-07-2025,DELIVERED,EAST
1302,438,2025-10-17 22:25:18,DELIVERED,SOUTH
1303,516,2025-07-29 14:04:54,SHIPPED,SOUTH
1304,492,2026-05-29 22:05:19,RETURNED,NORTH
1305,400,2026-06-25 14:13:03,SHIPPED,CENTRAL
1306,61,2025-11-13 08:28:52,DELIVERED,EAST
1307,292,2024-12-24 14:29:51,CANCELLED,NORTH
1308,424,2025-01-18 16:02:53,DELIVERED,CENTRAL
1309,91,2025-10-21 06:50:23,DELIVERED,EAST
1310,299,2025-01-03 05:00:37,DELIVERED,NORTH
1311,322,2025-12-12 03:36:57,RETURNED,WEST
1312,220,2026-05-27 12:28:25,SHIPPED,EAST
1313,266,2024-07-04 22:39:31,SHIPPED,WEST
1314,499,2024-08-31 15:38:17,RETURNED,CENTRAL
1315,580,2024-07-18 20:10:43,RETURNED,EAST
1316,504,2025-10-30 11:11:51,DELIVERED,NORTH
1317,572,2025-01-30 19:00:54,DELIVERED,NORTH
1318,480,2025-03-22 12:48:00,DELIVERED,WEST
1319,477,2025-01-21 10:37:31,DELIVERED,NORTH
1320,590,2026-04-01 16:56:05,CANCELLED,WEST
1321,7,2026-01-25 18:17:47,PLACED,SOUTH
1322,155,2025-05-11 05:56:27,DELIVERED,EAST
1323,206,2025-12-01 22:08:07,CANCELLED,CENTRAL
1324,152,2025-03-08 02:02:37,SHIPPED,CENTRAL
1325,41,2025-11-22 09:45:08,RETURNED,EAST
1326,236,2025-04-08 07:58:27,DELIVERED,WEST
1327,239,2025-05-02 11:08:16,DELIVERED,NORTH
1328,451,2026-01-02 17:15:41,PLACED,SOUTH
1329,458,2025-04-03 13:45:05,SHIPPED,WEST
1330,128,2025-02-26 00:04:52,DELIVERED,CENTRAL
1331,125,2025-04-20 15:52:12,SHIPPED,WEST
1332,367,2025-10-04 06:07:37,DELIVERED,SOUTH
1333,520,30-06-2025,DELIVERED,WEST
1334,390,2026-02-10 20:34:36,RETURNED,NORTH
1335,318,2026-04-04 10:14:36,RETURNED,EAST
1336,87,2026-01-25 08:33:17,CANCELLED,NORTH
1337,282,2025-10-14 04:24:50,PLACED,SOUTH
1338,10,2025-01-26 23:05:27,SHIPPED,WEST
1339,63,2025-04-20 22:51:54,CANCELLED,EAST
1340,425,2026-03-12 06:22:06,SHIPPED,CENTRAL
1341,186,2024-11-15 22:24:48,DELIVERED,NORTH
1342,314,2025-12-30 17:18:44,RETURNED,EAST
1343,30,27-10-2025,PLACED,WEST
1344,148,2024-08-10 05:37:30,DELIVERED,CENTRAL
1345,174,2024-06-22 04:56:46,DELIVERED,SOUTH
1346,68,2026-06-07 22:59:06,DELIVERED,WEST
1347,550,2024-05-31 02:54:15,DELIVERED,WEST
1348,264,2025-12-18 21:54:42,RETURNED,NORTH
1349,585,2025-05-05 16:30:41,DELIVERED,SOUTH
1350,85,2026-02-16 08:11:30,DELIVERED,CENTRAL
1351,232,2025-09-09 18:07:31,DELIVERED,WEST
1352,533,2025-07-18 08:15:40,DELIVERED,SOUTH
1353,384,2024-07-22 04:00:43,DELIVERED,WEST
1354,203,2024-06-21 05:57:10,SHIPPED,NORTH
1355,244,2025-10-13 00:52:43,PLACED,WEST
1356,353,2026-02-19 03:59:01,DELIVERED,SOUTH
1357,270,2024-11-29 00:36:55,DELIVERED,CENTRAL
1358,346,2025-03-15 10:29:26,DELIVERED,WEST
1359,468,2025-11-12 20:39:57,DELIVERED,EAST
1360,375,2024-07-08 11:30:07,RETURNED,SOUTH
1361,469,2024-12-02 20:16:45,DELIVERED,EAST
1362,356,2026-04-07 13:22:35,DELIVERED,NORTH
1363,517,2025-03-28 17:34:40,SHIPPED,SOUTH
1364,204,2025-11-30 19:42:32,DELIVERED,SOUTH
1365,544,2025-12-14 08:48:04,DELIVERED,CENTRAL
1366,163,2025-02-11 07:20:22,DELIVERED,CENTRAL
1367,156,19-03-2026,CANCELLED,EAST
1368,411,2026-03-15 09:51:55,CANCELLED,WEST
1369,,2025-06-24 10:13:59,DELIVERED,EAST
1370,69,2026-02-26 11:54:31,SHIPPED,WEST
1371,249,2025-02-01 16:27:58,DELIVERED,WEST
1372,255,2024-09-16 13:36:36,SHIPPED,EAST
1373,412,2025-01-20 21:14:12,SHIPPED,SOUTH
1374,,2024-11-28 04:57:47,DELIVERED,CENTRAL
1375,483,2026-04-10 19:57:50,DELIVERED,NORTH
1376,466,2025-11-11 07:27:50,CANCELLED,NORTH
1377,262,2026-05-24 17:20:17,DELIVERED,SOUTH
1378,499,2025-05-13 22:56:26,DELIVERED,NORTH
1379,372,2026-07-07 05:28:54,CANCELLED,WEST
1380,108,2025-08-08 06:44:45,CANCELLED,EAST
1381,521,24-06-2025,RETURNED,NORTH
1382,498,2026-07-07 22:02:45,SHIPPED,WEST
1383,107,2026-06-26 20:48:44,DELIVERED,CENTRAL
1384,532,2026-01-14 07:53:08,PLACED,NORTH
1385,101,2024-11-28 11:43:27,RETURNED,SOUTH
1386,432,2024-07-30 22:16:19,DELIVERED,WEST
1387,588,2024-07-26 21:45:31,RETURNED,WEST
1388,27,2025-03-06 18:23:22,PLACED,EAST
1389,423,2026-05-09 08:08:44,CANCELLED,EAST
1390,353,2025-06-20 08:14:54,DELIVERED,NORTH
1391,270,2025-02-03 11:18:28,SHIPPED,CENTRAL
1392,411,2025-02-21 06:47:15,CANCELLED,NORTH
1393,552,2025-05-18 12:27:32,DELIVERED,EAST
1394,93,2025-09-28 02:39:54,DELIVERED,SOUTH
1395,208,2026-06-23 02:32:18,DELIVERED,WEST
1396,164,2025-10-13 09:21:24,PLACED,SOUTH
1397,519,2025-09-02 03:16:26,DELIVERED,CENTRAL
1398,78,2024-10-17 15:39:30,DELIVERED,WEST
1399,150,2025-11-30 14:36:25,DELIVERED,WEST
1400,301,2024-10-04 17:04:14,DELIVERED,SOUTH
1401,42,25-01-2025,DELIVERED,EAST
1402,230,2025-05-05 03:59:08,SHIPPED,SOUTH
1403,222,2025-09-03 01:15:00,SHIPPED,NORTH
1404,495,2026-03-04 22:38:36,DELIVERED,CENTRAL
1405,191,2026-02-09 18:47:43,DELIVERED,WEST
1406,373,2025-07-13 10:07:47,DELIVERED,EAST
1407,241,2025-12-05 16:41:24,PLACED,SOUTH
1408,253,2024-12-16 00:41:42,PLACED,CENTRAL
1409,549,2025-05-18 21:54:36,DELIVERED,CENTRAL
1410,230,2024-08-20 15:29:38,DELIVERED,WEST
1411,447,2025-02-20 04:03:44,PLACED,WEST
1412,59,2026-06-09 09:55:18,CANCELLED,SOUTH
1413,363,2025-08-01 21:23:43,DELIVERED,NORTH
1414,503,2024-12-23 03:54:04,RETURNED,SOUTH
1415,318,2025-09-15 06:35:16,DELIVERED,CENTRAL
1416,521,2025-01-09 01:23:54,DELIVERED,CENTRAL
1417,7,2024-08-20 06:53:56,DELIVERED,EAST
1418,73,2026-03-03 16:16:49,DELIVERED,SOUTH
1419,184,2024-07-14 19:22:32,DELIVERED,WEST
1420,340,2026-02-15 21:37:53,DELIVERED,WEST
1421,391,2024-12-31 04:00:30,CANCELLED,SOUTH
1422,364,2026-03-29 13:01:00,CANCELLED,WEST
1423,267,2025-05-17 01:45:33,DELIVERED,NORTH
1424,97,2024-06-30 16:35:43,CANCELLED,NORTH
1425,61,25-10-2024,SHIPPED,CENTRAL
1426,335,2024-07-11 22:59:57,CANCELLED,CENTRAL
1427,72,2025-03-18 19:07:18,DELIVERED,WEST
1428,224,2024-10-27 15:08:46,CANCELLED,SOUTH
1429,588,2026-04-14 14:23:48,DELIVERED,SOUTH
1430,,2024-07-29 05:36:35,RETURNED,NORTH
1431,320,2024-11-13 10:08:25,DELIVERED,SOUTH
1432,172,2026-07-12 01:46:33,SHIPPED,SOUTH
1433,346,2026-01-24 01:13:25,DELIVERED,NORTH
1434,68,2025-12-19 02:02:32,SHIPPED,WEST
1435,,2024-08-29 01:40:04,RETURNED,WEST
1436,102,2024-10-18 06:59:28,DELIVERED,EAST
1437,577,2026-02-01 08:16:43,DELIVERED,SOUTH
1438,139,2025-04-02 15:31:22,DELIVERED,WEST
1439,387,2024-07-06 00:36:05,DELIVERED,EAST
1440,399,2025-08-19 03:21:57,DELIVERED,NORTH
1441,43,2024-10-15 13:09:03,DELIVERED,CENTRAL
1442,585,29-09-2025,DELIVERED,CENTRAL
1443,311,2025-11-27 10:46:20,RETURNED,NORTH
1444,445,2025-03-02 23:08:14,DELIVERED,NORTH
1445,102,2025-03-14 11:35:55,CANCELLED,EAST
1446,209,2024-06-23 05:20:18,PLACED,WEST
1447,120,2024-06-06 08:40:28,RETURNED,EAST
1448,400,28-12-2025,RETURNED,WEST
1449,146,2025-07-05 01:50:43,CANCELLED,WEST
1450,318,2025-07-27 11:49:17,DELIVERED,NORTH
1451,424,2025-03-20 08:56:31,CANCELLED,WEST
1452,11,2026-02-03 08:08:00,PLACED,WEST
1453,229,2024-11-23 16:24:34,SHIPPED,WEST
1454,550,2025-07-02 10:58:54,RETURNED,WEST
1455,294,2025-07-10 05:23:47,SHIPPED,NORTH
1456,207,2026-07-12 13:33:48,SHIPPED,CENTRAL
1457,481,2024-11-19 01:32:24,SHIPPED,WEST
1458,70,2025-12-27 04:13:30,DELIVERED,SOUTH
1459,43,19-03-2025,DELIVERED,EAST
1460,15,2025-11-11 06:21:24,CANCELLED,EAST
1461,359,2024-08-25 15:47:39,DELIVERED,SOUTH
1462,518,2025-03-11 18:38:37,DELIVERED,EAST
1463,,2026-04-14 08:10:02,PLACED,SOUTH
1464,295,2025-01-07 16:58:36,DELIVERED,EAST
1465,67,2024-06-26 03:01:24,DELIVERED,SOUTH
1466,330,07-01-2025,RETURNED,SOUTH
1467,4,2026-01-22 00:03:49,DELIVERED,NORTH
1468,37,2024-09-21 20:05:13,PLACED,WEST
1469,396,2026-01-20 19:43:26,DELIVERED,SOUTH
1470,257,2026-05-06 19:02:36,DELIVERED,SOUTH
1471,369,2025-08-18 15:02:48,DELIVERED,SOUTH
1472,398,2025-02-03 01:02:16,DELIVERED,NORTH
1473,308,2026-05-14 11:30:37,DELIVERED,CENTRAL
1474,412,2025-11-29 06:36:29,SHIPPED,WEST
1475,428,2026-05-02 15:24:23,DELIVERED,WEST
1476,346,2026-02-08 15:26:18,SHIPPED,CENTRAL
1477,223,2025-03-28 07:17:09,RETURNED,CENTRAL
1478,475,2026-02-23 03:06:02,DELIVERED,EAST
1479,145,2026-05-02 15:42:17,DELIVERED,CENTRAL
1480,205,2025-01-28 10:55:14,DELIVERED,CENTRAL
1481,,2025-04-15 17:08:10,DELIVERED,SOUTH
1482,577,2026-02-13 07:02:28,DELIVERED,SOUTH
1483,325,2024-12-18 19:26:46,DELIVERED,WEST
1484,544,2024-07-23 20:08:24,DELIVERED,NORTH
1485,9,2024-08-19 22:45:48,DELIVERED,NORTH
1486,366,2025-01-18 22:53:03,RETURNED,EAST
1487,372,2025-10-02 02:41:37,DELIVERED,WEST
1488,180,2024-11-03 16:10:30,CANCELLED,SOUTH
1489,156,2024-11-29 23:46:50,DELIVERED,CENTRAL
1490,576,2026-05-29 10:45:06,DELIVERED,EAST
1491,256,2025-01-12 19:22:11,RETURNED,NORTH
1492,139,2026-06-03 11:44:58,DELIVERED,SOUTH
1493,372,2025-03-08 11:15:01,DELIVERED,NORTH
1494,581,2025-11-08 19:47:29,RETURNED,EAST
1495,139,2026-01-31 11:03:31,RETURNED,NORTH
1496,202,2025-10-10 04:30:35,DELIVERED,NORTH
1497,,2026-03-09 22:25:33,RETURNED,EAST
1498,197,2024-07-05 10:04:06,DELIVERED,SOUTH
1499,245,2025-07-12 17:34:41,DELIVERED,WEST
1500,280,2026-05-11 14:44:26,DELIVERED,EAST
1501,134,2024-06-15 14:06:00,DELIVERED,NORTH
1502,205,2026-01-10 08:03:29,DELIVERED,EAST
1503,344,2026-03-20 11:02:14,DELIVERED,EAST
1504,355,2025-03-25 15:57:40,DELIVERED,EAST
1505,461,2024-10-08 17:23:52,CANCELLED,EAST
1506,,2024-12-15 15:47:24,CANCELLED,NORTH
1507,182,2025-01-24 05:45:52,DELIVERED,SOUTH
1508,,2024-06-19 21:20:55,DELIVERED,EAST
1509,73,2026-05-15 18:29:22,DELIVERED,EAST
1510,109,2024-08-25 06:02:08,DELIVERED,SOUTH
1511,84,2024-10-19 06:34:15,PLACED,SOUTH
1512,82,2025-03-25 06:05:13,DELIVERED,SOUTH
1513,508,2025-03-15 01:00:05,DELIVERED,CENTRAL
1514,63,2024-06-08 19:22:49,PLACED,SOUTH
1515,556,2025-03-20 03:18:54,DELIVERED,NORTH
1516,330,2025-05-18 17:51:03,SHIPPED,CENTRAL
1517,423,2025-08-16 08:35:44,SHIPPED,EAST
1518,247,2025-06-24 22:52:10,DELIVERED,SOUTH
1519,65,2024-08-31 20:01:24,DELIVERED,WEST
1520,,2024-10-14 01:30:56,DELIVERED,EAST
1521,68,2025-10-07 15:34:02,DELIVERED,WEST
1522,308,2025-09-28 23:10:58,DELIVERED,SOUTH
1523,,2025-11-29 04:52:40,DELIVERED,WEST
1524,413,2026-05-21 09:48:36,DELIVERED,SOUTH
1525,395,2024-07-07 00:40:25,CANCELLED,EAST
1526,153,2024-06-20 16:05:59,DELIVERED,SOUTH
1527,189,2024-06-24 11:02:23,DELIVERED,SOUTH
1528,,2026-01-29 07:27:54,SHIPPED,CENTRAL
1529,195,2026-07-14 09:10:19,DELIVERED,SOUTH
1530,62,2024-11-10 16:23:43,PLACED,EAST
1531,297,2026-07-06 18:17:20,CANCELLED,WEST
1532,316,2025-11-06 23:11:46,DELIVERED,CENTRAL
1533,125,2025-08-10 21:53:11,DELIVERED,EAST
1534,132,2026-06-04 14:13:07,PLACED,WEST
1535,253,2025-10-18 17:38:25,DELIVERED,EAST
1536,488,2025-11-10 08:21:15,DELIVERED,EAST
1537,131,2025-05-20 15:00:21,DELIVERED,CENTRAL
1538,256,2026-05-29 17:38:38,CANCELLED,EAST
1539,98,2025-01-15 11:05:32,DELIVERED,NORTH
1540,474,2025-07-17 05:28:18,PLACED,WEST
1541,283,2025-12-16 02:47:34,CANCELLED,NORTH
1542,229,2025-10-20 07:26:10,DELIVERED,CENTRAL
1543,150,2025-10-09 03:47:40,DELIVERED,EAST
1544,550,2025-03-18 08:25:12,RETURNED,CENTRAL
1545,303,2025-03-28 20:00:17,DELIVERED,CENTRAL
1546,386,2024-06-15 22:54:14,DELIVERED,SOUTH
1547,,2026-03-15 15:47:48,PLACED,WEST
1548,152,2026-01-13 10:43:03,DELIVERED,CENTRAL
1549,322,2025-07-28 22:45:35,DELIVERED,SOUTH
1550,465,2024-12-15 16:09:27,DELIVERED,NORTH
1551,335,2025-12-23 22:40:50,SHIPPED,WEST
1552,445,2026-02-03 10:42:51,SHIPPED,CENTRAL
1553,36,15-10-2025,DELIVERED,CENTRAL
1554,524,2024-12-20 20:20:56,DELIVERED,NORTH
1555,105,2025-05-30 01:56:31,PLACED,EAST
1556,347,2025-11-14 17:20:00,DELIVERED,WEST
1557,64,2026-02-04 03:35:00,DELIVERED,CENTRAL
1558,213,2024-11-25 00:47:58,DELIVERED,EAST
1559,58,2024-07-06 15:10:51,PLACED,SOUTH
1560,44,2025-05-26 10:24:14,RETURNED,SOUTH
1561,331,2026-02-03 20:49:15,PLACED,EAST
1562,425,2024-07-31 08:09:20,SHIPPED,NORTH
1563,597,2025-11-23 17:53:15,DELIVERED,CENTRAL
1564,522,2025-02-09 01:02:36,DELIVERED,SOUTH
1565,289,2026-01-01 10:56:13,DELIVERED,SOUTH
1566,263,2025-10-20 01:36:32,CANCELLED,WEST
1567,293,2026-04-22 03:03:48,DELIVERED,CENTRAL
1568,210,2024-08-02 17:12:02,DELIVERED,NORTH
1569,211,2025-09-05 20:58:46,CANCELLED,SOUTH
1570,311,2024-08-22 10:58:09,DELIVERED,SOUTH
1571,259,2024-07-05 23:47:43,DELIVERED,SOUTH
1572,342,2026-01-23 15:00:13,DELIVERED,WEST
1573,170,2026-06-14 22:14:34,DELIVERED,EAST
1574,255,2024-11-12 15:00:06,CANCELLED,NORTH
1575,12,2024-05-30 00:21:12,DELIVERED,WEST
1576,164,2025-12-22 17:53:23,SHIPPED,SOUTH
1577,382,2026-03-09 13:02:40,DELIVERED,EAST
1578,123,2025-07-12 03:07:20,DELIVERED,SOUTH
1579,32,2026-06-09 05:23:13,SHIPPED,NORTH
1580,241,2025-07-28 07:11:39,DELIVERED,CENTRAL
1581,157,06-02-2026,DELIVERED,NORTH
1582,443,2026-03-01 16:17:26,SHIPPED,NORTH
1583,46,2025-08-09 05:50:14,DELIVERED,WEST
1584,,2025-07-26 11:29:40,RETURNED,SOUTH
1585,459,2024-08-06 13:01:42,CANCELLED,WEST
1586,501,2024-08-11 11:16:04,DELIVERED,NORTH
1587,468,2025-02-08 14:26:16,DELIVERED,EAST
1588,554,2025-11-19 17:11:03,DELIVERED,CENTRAL
1589,479,2025-08-27 07:18:32,SHIPPED,WEST
1590,418,2026-03-31 15:21:54,PLACED,EAST
1591,341,2026-05-24 18:26:15,DELIVERED,CENTRAL
1592,169,2025-11-14 12:53:03,DELIVERED,SOUTH
1593,554,2025-02-01 15:54:19,CANCELLED,CENTRAL
1594,211,2026-02-04 17:00:20,PLACED,WEST
1595,514,2024-11-07 06:30:55,DELIVERED,EAST
1596,169,2025-11-01 05:58:01,DELIVERED,EAST
1597,383,2026-02-02 13:11:43,DELIVERED,WEST
1598,360,2024-11-11 07:52:20,SHIPPED,WEST
1599,193,2024-11-13 11:06:27,DELIVERED,NORTH
1600,314,2026-02-19 21:14:46,DELIVERED,SOUTH
1601,99,2025-03-22 17:14:28,PLACED,NORTH
1602,213,2024-09-17 19:36:16,PLACED,WEST
1603,433,2026-02-15 00:57:33,PLACED,CENTRAL
1604,398,2025-09-13 21:59:08,DELIVERED,CENTRAL
1605,43,17-07-2024,DELIVERED,EAST
1606,485,2026-01-16 03:26:00,DELIVERED,NORTH
1607,360,30-06-2026,RETURNED,WEST
1608,500,2024-10-11 21:12:20,DELIVERED,CENTRAL
1609,252,2024-10-23 00:47:01,DELIVERED,EAST
1610,,2025-09-23 06:41:14,DELIVERED,WEST
1611,421,2024-12-15 10:30:29,DELIVERED,NORTH
1612,456,2025-03-07 12:51:58,DELIVERED,CENTRAL
1613,549,2024-08-13 16:13:20,DELIVERED,NORTH
1614,503,01-05-2026,DELIVERED,SOUTH
1615,340,2025-01-25 11:13:12,RETURNED,NORTH
1616,498,2026-01-21 15:43:39,DELIVERED,SOUTH
1617,45,2025-05-12 01:48:00,DELIVERED,CENTRAL
1618,235,2024-11-26 08:07:54,SHIPPED,SOUTH
1619,,09-07-2026,DELIVERED,WEST
1620,538,2025-12-23 02:46:58,DELIVERED,NORTH
1621,35,2026-03-16 22:48:58,PLACED,NORTH
1622,367,2025-06-11 20:20:40,RETURNED,SOUTH
1623,166,2025-03-16 04:03:45,DELIVERED,WEST
1624,560,2025-07-12 13:35:59,DELIVERED,SOUTH
1625,119,2025-05-25 18:50:38,SHIPPED,EAST
1626,,2024-08-31 04:44:16,DELIVERED,NORTH
1627,273,2024-06-12 18:13:52,DELIVERED,SOUTH
1628,250,2025-04-26 18:07:59,SHIPPED,WEST
1629,220,2026-01-22 12:22:37,DELIVERED,CENTRAL
1630,73,2024-12-13 05:14:49,CANCELLED,SOUTH
1631,70,2024-09-19 18:21:17,DELIVERED,SOUTH
1632,424,2025-12-12 21:59:33,RETURNED,EAST
1633,,2025-10-09 20:38:34,DELIVERED,NORTH
1634,383,2025-05-14 02:12:29,DELIVERED,SOUTH
1635,522,2025-01-29 08:00:52,SHIPPED,CENTRAL
1636,77,2024-07-17 00:33:28,DELIVERED,CENTRAL
1637,150,2024-07-31 01:23:23,DELIVERED,WEST
1638,350,2025-10-20 02:42:56,RETURNED,WEST
1639,396,2024-12-29 05:41:50,DELIVERED,NORTH
1640,351,2024-09-04 18:21:48,DELIVERED,EAST
1641,296,2025-05-18 22:34:26,DELIVERED,EAST
1642,580,2025-09-17 21:28:03,SHIPPED,EAST
1643,422,2026-03-19 10:12:10,DELIVERED,SOUTH
1644,143,2025-08-31 06:58:03,SHIPPED,EAST
1645,567,2026-05-18 18:20:58,DELIVERED,SOUTH
1646,299,2025-04-14 14:18:46,DELIVERED,EAST
1647,509,2026-01-28 09:02:00,DELIVERED,EAST
1648,471,2025-01-12 07:56:51,DELIVERED,NORTH
1649,386,2026-01-30 15:07:14,PLACED,SOUTH
1650,261,2026-05-06 10:42:09,RETURNED,CENTRAL
1651,284,2026-03-14 05:07:21,SHIPPED,NORTH
1652,502,2026-06-09 00:17:31,DELIVERED,EAST
1653,186,2024-08-22 15:59:14,PLACED,NORTH
1654,562,2024-12-13 22:38:26,DELIVERED,WEST
1655,581,2024-11-19 02:29:15,DELIVERED,CENTRAL
1656,292,2025-05-23 01:13:40,SHIPPED,CENTRAL
1657,274,30-11-2025,CANCELLED,SOUTH
1658,599,2025-05-06 13:26:01,SHIPPED,WEST
1659,18,2024-10-18 15:21:10,DELIVERED,CENTRAL
1660,277,2024-12-09 12:03:20,PLACED,WEST
1661,471,2025-02-23 14:09:21,RETURNED,EAST
1662,245,2026-04-06 01:10:53,DELIVERED,CENTRAL
1663,457,2024-11-01 21:56:18,CANCELLED,WEST
1664,454,17-01-2026,CANCELLED,WEST
1665,279,2026-07-02 13:11:14,DELIVERED,CENTRAL
1666,22,2026-01-22 13:59:06,CANCELLED,CENTRAL
1667,148,2026-01-06 16:20:40,SHIPPED,WEST
1668,322,2025-07-29 20:44:45,SHIPPED,EAST
1669,389,2026-05-29 16:10:14,RETURNED,CENTRAL
1670,67,2024-07-02 23:43:11,DELIVERED,EAST
1671,21,2026-04-21 19:00:52,RETURNED,NORTH
1672,357,2025-12-20 11:38:34,RETURNED,EAST
1673,173,2025-03-30 00:40:50,CANCELLED,WEST
1674,235,2025-01-31 14:45:57,PLACED,CENTRAL
1675,82,2025-06-30 08:30:26,DELIVERED,EAST
1676,447,2025-03-14 23:19:51,SHIPPED,EAST
1677,69,2024-10-20 08:06:41,DELIVERED,CENTRAL
1678,181,2026-05-30 12:07:46,RETURNED,SOUTH
1679,201,2024-09-26 16:32:16,PLACED,NORTH
1680,184,2026-05-18 12:38:02,DELIVERED,EAST
1681,157,2025-03-16 04:39:32,SHIPPED,NORTH
1682,176,2024-07-01 04:25:17,DELIVERED,NORTH
1683,,2025-01-27 04:43:26,CANCELLED,SOUTH
1684,377,2025-08-06 20:12:11,DELIVERED,WEST
1685,113,2025-02-05 19:02:15,DELIVERED,NORTH
1686,387,2025-08-19 03:41:06,DELIVERED,WEST
1687,405,2026-02-16 10:25:33,CANCELLED,WEST
1688,533,2026-02-18 10:53:57,DELIVERED,CENTRAL
1689,171,2026-07-15 07:09:42,SHIPPED,NORTH
1690,377,2024-11-25 11:30:05,DELIVERED,WEST
1691,307,2025-09-30 15:05:39,DELIVERED,NORTH
1692,151,2025-01-02 05:48:13,DELIVERED,EAST
1693,,2025-05-17 17:50:18,RETURNED,EAST
1694,478,2025-12-28 05:01:34,CANCELLED,WEST
1695,53,2025-01-11 02:01:48,CANCELLED,NORTH
1696,55,2026-01-20 11:53:01,CANCELLED,WEST
1697,302,2026-06-10 03:52:45,PLACED,WEST
1698,340,2025-02-11 18:53:34,PLACED,NORTH
1699,576,2024-07-07 08:16:04,DELIVERED,CENTRAL
1700,460,2026-05-15 00:53:28,DELIVERED,EAST
1701,53,2024-12-07 12:52:29,CANCELLED,WEST
1702,,2024-09-11 12:43:20,RETURNED,SOUTH
1703,387,2026-04-13 07:13:25,DELIVERED,EAST
1704,202,16-01-2026,DELIVERED,SOUTH
1705,,2024-12-22 12:26:16,SHIPPED,CENTRAL
1706,156,30-06-2025,RETURNED,SOUTH
1707,68,2024-07-27 04:38:49,DELIVERED,WEST
1708,225,2025-02-11 06:09:43,RETURNED,WEST
1709,471,2025-11-13 10:09:59,DELIVERED,EAST
1710,265,2025-10-25 13:39:22,DELIVERED,EAST
1711,533,2025-06-15 01:19:04,SHIPPED,NORTH
1712,279,2025-09-08 22:01:21,DELIVERED,WEST
1713,308,2025-07-04 05:36:01,SHIPPED,SOUTH
1714,225,2025-06-20 09:37:31,DELIVERED,SOUTH
1715,556,2026-03-02 00:31:17,DELIVERED,WEST
1716,307,2025-02-06 08:24:22,DELIVERED,NORTH
1717,59,2026-04-01 08:22:48,SHIPPED,WEST
1718,342,2024-11-29 15:47:59,DELIVERED,WEST
1719,504,2026-02-04 16:48:01,DELIVERED,WEST
1720,241,2025-02-10 03:42:35,DELIVERED,CENTRAL
1721,386,2024-11-02 08:52:14,PLACED,NORTH
1722,439,2024-10-20 09:45:15,RETURNED,SOUTH
1723,3,2024-07-19 18:34:16,SHIPPED,EAST
1724,366,2024-10-12 22:59:21,PLACED,EAST
1725,40,04-10-2024,RETURNED,CENTRAL
1726,197,2026-01-27 04:28:19,CANCELLED,WEST
1727,299,2024-09-18 08:32:50,CANCELLED,EAST
1728,474,2025-07-07 20:50:23,SHIPPED,CENTRAL
1729,230,2024-07-18 18:18:15,DELIVERED,EAST
1730,485,2025-12-08 07:14:27,RETURNED,EAST
1731,411,2025-05-30 06:05:54,DELIVERED,EAST
1732,216,2025-01-16 00:43:03,DELIVERED,NORTH
1733,121,2026-04-27 08:57:28,SHIPPED,NORTH
1734,341,2025-06-05 16:02:15,DELIVERED,WEST
1735,566,2025-09-11 23:43:56,RETURNED,SOUTH
1736,35,27-01-2026,SHIPPED,NORTH
1737,259,2026-07-12 00:30:13,DELIVERED,WEST
1738,332,2025-10-19 20:01:13,DELIVERED,WEST
1739,581,2025-03-11 18:35:46,PLACED,SOUTH
1740,426,2025-10-31 17:09:42,SHIPPED,SOUTH
1741,508,09-04-2025,DELIVERED,WEST
1742,10,2025-11-13 18:35:13,CANCELLED,EAST
1743,108,2026-07-17 09:30:02,SHIPPED,SOUTH
1744,518,2026-01-26 21:59:09,CANCELLED,CENTRAL
1745,202,2024-07-30 05:52:45,DELIVERED,CENTRAL
1746,552,09-05-2026,PLACED,EAST
1747,65,2026-03-09 04:01:31,RETURNED,CENTRAL
1748,323,2025-05-11 06:17:50,DELIVERED,EAST
1749,40,2025-06-28 19:05:50,DELIVERED,NORTH
1750,42,2026-04-27 21:15:05,SHIPPED,NORTH
1751,78,2025-07-29 01:50:28,DELIVERED,CENTRAL
1752,17,2025-09-17 16:07:01,DELIVERED,NORTH
1753,595,2025-08-19 16:54:25,DELIVERED,SOUTH
1754,399,22-10-2025,SHIPPED,SOUTH
1755,440,2025-06-15 12:29:38,RETURNED,NORTH
1756,265,2025-08-27 02:21:13,DELIVERED,WEST
1757,437,2025-02-08 14:54:25,DELIVERED,EAST
1758,556,2024-09-13 13:12:43,PLACED,SOUTH
1759,4,2024-09-09 11:59:50,DELIVERED,EAST
1760,117,2025-11-05 08:01:28,SHIPPED,CENTRAL
1761,126,2025-08-05 07:47:49,DELIVERED,EAST
1762,362,2025-03-20 01:37:17,DELIVERED,EAST
1763,89,2025-02-06 02:41:21,SHIPPED,SOUTH
1764,548,2025-11-26 20:29:32,PLACED,WEST
1765,443,2026-02-14 04:46:25,SHIPPED,SOUTH
1766,496,2024-09-10 22:14:01,RETURNED,SOUTH
1767,507,2026-05-11 06:00:14,DELIVERED,EAST
1768,,18-03-2025,PLACED,EAST
1769,382,2026-03-06 12:13:06,DELIVERED,NORTH
1770,475,2024-10-26 02:17:42,DELIVERED,CENTRAL
1771,140,2025-11-10 06:20:27,SHIPPED,NORTH
1772,325,2026-03-22 05:01:55,DELIVERED,NORTH
1773,308,2024-12-28 16:43:41,DELIVERED,WEST
1774,288,2026-03-01 01:35:07,RETURNED,CENTRAL
1775,511,2025-09-07 18:06:17,DELIVERED,NORTH
1776,336,2024-10-21 14:08:02,CANCELLED,CENTRAL
1777,103,2024-10-24 19:43:11,RETURNED,EAST
1778,127,2025-04-24 19:30:28,DELIVERED,NORTH
1779,284,2024-09-30 18:03:25,CANCELLED,CENTRAL
1780,560,2025-09-04 05:19:16,SHIPPED,WEST
1781,42,2026-03-13 17:06:58,PLACED,EAST
1782,54,23-10-2024,RETURNED,CENTRAL
1783,,2025-12-11 23:50:06,DELIVERED,NORTH
1784,575,2025-06-18 14:17:37,PLACED,SOUTH
1785,583,2024-11-07 08:41:45,DELIVERED,NORTH
1786,130,2025-06-04 15:09:02,RETURNED,NORTH
1787,280,2025-03-17 08:22:08,DELIVERED,SOUTH
1788,217,2026-01-23 10:08:07,SHIPPED,CENTRAL
1789,140,2026-02-28 07:26:08,RETURNED,EAST
1790,128,30-06-2025,DELIVERED,WEST
1791,118,2025-03-22 23:08:43,DELIVERED,SOUTH
1792,595,2025-06-20 11:11:44,SHIPPED,NORTH
1793,256,2024-09-19 03:46:59,DELIVERED,SOUTH
1794,284,2024-06-03 09:03:00,DELIVERED,NORTH
1795,15,2025-11-11 06:42:39,SHIPPED,SOUTH
1796,127,2025-10-17 01:02:21,RETURNED,WEST
1797,282,2025-04-08 02:17:20,CANCELLED,SOUTH
1798,362,2025-06-11 03:03:57,DELIVERED,EAST
1799,,2026-05-20 03:36:31,SHIPPED,NORTH
1800,537,2026-03-03 04:49:52,SHIPPED,EAST
1801,287,2024-06-20 09:17:38,DELIVERED,CENTRAL
1802,466,2025-05-13 11:05:48,DELIVERED,EAST
1803,400,15-06-2026,SHIPPED,SOUTH
1804,241,2026-01-17 10:14:35,SHIPPED,CENTRAL
1805,149,2025-12-27 01:41:47,DELIVERED,NORTH
1806,529,2026-02-16 03:34:35,PLACED,CENTRAL
1807,110,2025-08-12 08:02:43,DELIVERED,SOUTH
1808,570,10-03-2025,DELIVERED,CENTRAL
1809,21,2026-03-13 00:31:31,DELIVERED,NORTH
1810,192,2025-09-17 21:06:37,DELIVERED,WEST
1811,279,2026-02-13 09:55:08,DELIVERED,CENTRAL
1812,366,2026-06-02 00:00:35,DELIVERED,SOUTH
1813,345,2025-06-08 15:21:44,DELIVERED,WEST
1814,,2024-09-25 11:29:14,SHIPPED,SOUTH
1815,45,2026-03-01 13:53:25,DELIVERED,NORTH
1816,562,2024-12-26 20:03:17,SHIPPED,SOUTH
1817,,2024-06-17 04:07:35,RETURNED,WEST
1818,288,2026-04-28 19:08:04,CANCELLED,NORTH
1819,243,2024-10-22 06:18:40,CANCELLED,CENTRAL
1820,,2025-08-03 10:20:49,DELIVERED,NORTH
1821,502,2025-05-01 02:25:52,DELIVERED,EAST
1822,516,2025-08-04 08:17:11,PLACED,EAST
1823,464,2025-02-09 05:20:15,PLACED,NORTH
1824,,2025-07-31 14:21:34,SHIPPED,SOUTH
1825,47,2025-03-30 06:02:34,CANCELLED,SOUTH
1826,472,28-04-2026,SHIPPED,SOUTH
1827,210,2025-09-07 09:39:37,CANCELLED,WEST
1828,65,2025-02-01 02:31:02,DELIVERED,NORTH
1829,36,2026-03-14 00:01:55,SHIPPED,SOUTH
1830,158,2026-04-05 03:45:02,SHIPPED,SOUTH
1831,533,2025-10-24 17:07:45,CANCELLED,SOUTH
1832,546,2025-04-29 21:41:15,RETURNED,WEST
1833,456,2025-07-08 06:01:40,DELIVERED,NORTH
1834,303,2026-05-22 03:32:58,RETURNED,CENTRAL
1835,130,2025-05-21 21:14:48,DELIVERED,CENTRAL
1836,116,2026-02-02 00:01:01,RETURNED,CENTRAL
1837,139,2025-03-05 07:09:13,DELIVERED,SOUTH
1838,247,2024-09-22 05:22:02,SHIPPED,CENTRAL
1839,538,2025-07-07 08:45:36,DELIVERED,CENTRAL
1840,,2026-06-30 23:28:36,CANCELLED,SOUTH
1841,226,2024-10-15 20:26:35,DELIVERED,CENTRAL
1842,433,2024-10-01 12:27:54,DELIVERED,EAST
1843,283,2025-11-05 13:40:42,PLACED,NORTH
1844,25,2024-07-16 03:26:00,PLACED,SOUTH
1845,600,2025-03-21 19:26:50,DELIVERED,NORTH
1846,552,26-08-2024,DELIVERED,CENTRAL
1847,154,2025-09-27 23:40:14,DELIVERED,NORTH
1848,517,2025-08-26 19:41:29,DELIVERED,NORTH
1849,152,2026-06-09 15:35:05,DELIVERED,CENTRAL
1850,79,2025-08-21 21:51:02,DELIVERED,NORTH
1851,,2026-04-05 06:24:53,DELIVERED,NORTH
1852,3,2025-06-15 13:06:37,DELIVERED,EAST
1853,529,2025-01-17 22:51:43,DELIVERED,CENTRAL
1854,423,2025-07-22 12:18:21,DELIVERED,EAST
1855,51,2025-02-18 10:50:43,DELIVERED,WEST
1856,566,2026-05-29 18:15:58,PLACED,SOUTH
1857,572,2025-12-02 14:13:57,DELIVERED,NORTH
1858,539,2024-09-07 05:16:32,PLACED,NORTH
1859,402,2024-12-09 00:54:52,CANCELLED,CENTRAL
1860,268,2025-07-05 19:36:15,RETURNED,SOUTH
1861,486,2025-06-20 19:57:52,DELIVERED,WEST
1862,193,2024-09-06 16:16:44,DELIVERED,SOUTH
1863,68,2026-02-10 12:09:43,DELIVERED,EAST
1864,535,19-09-2025,DELIVERED,SOUTH
1865,430,2024-12-18 17:46:46,DELIVERED,CENTRAL
1866,107,2025-06-25 05:38:45,PLACED,NORTH
1867,299,2026-01-25 15:48:42,SHIPPED,EAST
1868,44,2025-05-20 20:41:10,DELIVERED,EAST
1869,192,2024-07-05 03:20:54,DELIVERED,WEST
1870,422,2025-08-24 10:22:54,DELIVERED,CENTRAL
1871,24,2024-11-15 06:30:59,DELIVERED,CENTRAL
1872,532,2025-07-31 20:53:37,DELIVERED,SOUTH
1873,64,2025-11-09 01:28:19,PLACED,NORTH
1874,299,2025-04-30 18:02:23,SHIPPED,EAST
1875,539,2025-10-01 10:48:10,CANCELLED,NORTH
1876,228,2024-11-04 17:23:05,PLACED,CENTRAL
1877,478,2024-12-08 06:48:29,DELIVERED,CENTRAL
1878,247,2025-04-02 13:36:28,DELIVERED,SOUTH
1879,331,2024-07-29 21:53:50,CANCELLED,NORTH
1880,86,2026-07-10 13:03:55,DELIVERED,EAST
1881,98,2026-07-16 18:50:02,CANCELLED,CENTRAL
1882,538,2024-06-15 13:52:43,RETURNED,SOUTH
1883,31,2025-10-31 18:21:45,DELIVERED,NORTH
1884,537,2025-06-13 15:21:51,DELIVERED,EAST
1885,510,2025-08-13 15:12:28,CANCELLED,CENTRAL
1886,426,2025-04-26 23:22:45,DELIVERED,CENTRAL
1887,138,2024-09-25 10:52:42,DELIVERED,NORTH
1888,539,2025-08-18 14:01:39,SHIPPED,EAST
1889,407,2025-11-13 18:06:48,CANCELLED,CENTRAL
1890,418,2025-01-29 22:39:56,RETURNED,CENTRAL
1891,152,2026-05-01 01:22:58,DELIVERED,EAST
1892,95,2024-07-25 16:10:47,DELIVERED,EAST
1893,549,2024-08-04 13:41:30,CANCELLED,NORTH
1894,346,2026-02-03 09:10:48,DELIVERED,NORTH
1895,99,2024-12-16 01:30:24,DELIVERED,NORTH
1896,198,2024-08-24 00:59:38,DELIVERED,SOUTH
1897,408,2024-10-14 07:02:08,CANCELLED,NORTH
1898,467,2025-04-25 15:45:06,PLACED,SOUTH
1899,261,2025-12-03 17:00:42,PLACED,WEST
1900,188,2024-11-14 23:22:36,DELIVERED,WEST
1901,575,2025-01-06 12:21:23,DELIVERED,CENTRAL
1902,298,2024-07-31 16:03:10,SHIPPED,EAST
1903,6,2026-04-25 01:23:59,DELIVERED,EAST
1904,489,2024-12-28 00:54:45,DELIVERED,SOUTH
1905,384,2024-12-08 20:10:03,PLACED,EAST
1906,19,2024-08-11 18:36:09,DELIVERED,CENTRAL
1907,67,2025-08-16 22:04:10,DELIVERED,NORTH
1908,464,2025-02-11 06:03:15,DELIVERED,CENTRAL
1909,431,2026-01-03 21:22:28,CANCELLED,EAST
1910,468,2025-09-01 02:48:36,SHIPPED,EAST
1911,583,25-10-2025,DELIVERED,EAST
1912,513,2025-03-28 01:39:29,RETURNED,SOUTH
1913,229,2025-01-04 11:45:20,DELIVERED,WEST
1914,574,2024-08-23 02:04:03,DELIVERED,NORTH
1915,485,2024-11-28 20:47:43,DELIVERED,WEST
1916,32,2025-02-24 04:00:25,DELIVERED,EAST
1917,234,2025-05-07 09:00:31,DELIVERED,CENTRAL
1918,250,2024-12-31 04:30:50,DELIVERED,CENTRAL
1919,292,2025-11-16 10:42:33,RETURNED,NORTH
1920,580,2025-11-11 06:04:03,PLACED,SOUTH
1921,368,2025-01-12 18:06:05,DELIVERED,EAST
1922,564,2026-01-07 15:54:04,DELIVERED,NORTH
1923,,2026-06-17 15:37:05,CANCELLED,NORTH
1924,150,2025-09-29 07:23:07,DELIVERED,NORTH
1925,197,2026-02-08 07:30:47,DELIVERED,SOUTH
1926,319,2025-07-26 09:13:15,DELIVERED,NORTH
1927,169,2025-05-12 13:26:01,PLACED,CENTRAL
1928,401,2026-01-24 17:38:41,PLACED,NORTH
1929,397,2024-09-23 14:19:05,PLACED,SOUTH
1930,343,2024-07-08 14:09:43,PLACED,NORTH
1931,58,2025-08-06 19:05:08,PLACED,CENTRAL
1932,330,2026-02-22 11:33:07,DELIVERED,CENTRAL
1933,597,2026-02-27 16:13:20,DELIVERED,NORTH
1934,226,2025-07-23 14:51:35,PLACED,WEST
1935,289,2024-08-28 09:10:55,DELIVERED,WEST
1936,413,2026-02-28 11:16:44,DELIVERED,CENTRAL
1937,20,2024-10-20 00:36:01,DELIVERED,WEST
1938,486,2024-08-12 02:12:09,RETURNED,CENTRAL
1939,69,2025-07-13 09:42:08,PLACED,CENTRAL
1940,270,2025-03-29 08:08:18,SHIPPED,WEST
1941,136,2025-09-30 02:13:50,DELIVERED,SOUTH
1942,411,2024-09-29 22:57:24,DELIVERED,SOUTH
1943,169,2024-09-29 02:13:06,DELIVERED,NORTH
1944,225,2025-06-03 16:16:32,CANCELLED,EAST
1945,508,2025-11-16 21:14:08,DELIVERED,SOUTH
1946,77,02-09-2025,DELIVERED,CENTRAL
1947,173,2025-10-13 19:09:28,PLACED,WEST
1948,45,2024-10-23 19:49:15,DELIVERED,EAST
1949,243,2025-06-22 13:22:14,CANCELLED,WEST
1950,111,2026-05-19 13:32:13,DELIVERED,WEST
1951,175,2024-09-23 18:51:36,PLACED,SOUTH
1952,504,2025-03-09 08:04:01,SHIPPED,SOUTH
1953,430,2025-11-09 09:14:49,DELIVERED,WEST
1954,449,2026-03-22 19:11:43,CANCELLED,SOUTH
1955,553,2024-11-24 14:58:07,CANCELLED,SOUTH
1956,327,2025-11-06 19:07:25,SHIPPED,WEST
1957,24,2026-03-26 22:41:30,DELIVERED,NORTH
1958,63,2026-07-10 05:32:04,SHIPPED,WEST
1959,151,2024-06-23 00:27:31,DELIVERED,NORTH
1960,148,2025-02-19 13:06:54,SHIPPED,EAST
1961,164,31-01-2026,DELIVERED,EAST
1962,344,2026-04-24 19:53:37,RETURNED,EAST
1963,154,2025-02-24 15:11:45,PLACED,CENTRAL
1964,582,2026-05-09 11:58:08,DELIVERED,NORTH
1965,548,2025-07-21 03:03:26,SHIPPED,CENTRAL
1966,296,2024-06-24 02:43:21,RETURNED,SOUTH
1967,39,2024-07-21 16:17:41,RETURNED,SOUTH
1968,556,2025-06-23 13:25:54,DELIVERED,EAST
1969,306,2025-11-05 15:08:59,CANCELLED,CENTRAL
1970,68,2025-08-13 12:06:15,DELIVERED,CENTRAL
1971,37,2026-04-15 16:47:31,PLACED,SOUTH
1972,558,2026-01-26 14:45:10,DELIVERED,CENTRAL
1973,,2026-05-02 04:01:14,DELIVERED,NORTH
1974,66,2026-05-16 18:27:41,DELIVERED,CENTRAL
1975,555,2026-04-08 00:34:43,DELIVERED,SOUTH
1976,133,2025-03-30 17:08:08,DELIVERED,NORTH
1977,545,2024-05-31 00:24:22,DELIVERED,SOUTH
1978,244,2025-07-22 09:14:46,CANCELLED,EAST
1979,400,27-10-2025,DELIVERED,CENTRAL
1980,128,2025-02-27 06:17:45,DELIVERED,EAST
1981,275,2026-01-30 18:33:55,DELIVERED,WEST
1982,362,2025-08-29 23:13:27,SHIPPED,SOUTH
1983,137,2025-07-22 06:27:34,DELIVERED,SOUTH
1984,200,2024-11-06 03:56:38,DELIVERED,SOUTH
1985,336,2025-11-05 21:22:31,DELIVERED,WEST
1986,352,2025-02-20 23:18:01,DELIVERED,CENTRAL
1987,228,2025-12-25 20:32:03,SHIPPED,CENTRAL
1988,401,2024-07-08 20:38:48,RETURNED,WEST
1989,396,2025-10-15 21:37:37,PLACED,EAST
1990,295,2025-05-13 07:01:55,PLACED,EAST
1991,123,2024-09-22 17:55:14,RETURNED,NORTH
1992,496,2025-04-04 08:46:07,DELIVERED,EAST
1993,276,2024-10-10 14:41:29,CANCELLED,SOUTH
1994,91,2026-05-04 18:17:40,SHIPPED,EAST
1995,222,2025-12-19 17:34:28,DELIVERED,SOUTH
1996,488,2024-10-28 06:30:39,SHIPPED,WEST
1997,,2025-07-16 20:02:34,RETURNED,SOUTH
1998,112,2024-10-12 08:42:14,PLACED,EAST
1999,393,2024-12-05 13:00:01,DELIVERED,CENTRAL
2000,62,2024-12-20 11:41:09,DELIVERED,NORTH
2001,133,2025-11-22 02:10:16,DELIVERED,SOUTH
2002,571,2026-03-26 02:39:17,DELIVERED,EAST
2003,598,2026-04-28 17:00:05,DELIVERED,EAST
2004,172,2025-11-05 21:28:18,DELIVERED,EAST
2005,348,2026-03-16 11:58:52,RETURNED,EAST
2006,295,2024-12-16 05:37:21,DELIVERED,CENTRAL
2007,85,2026-03-26 00:59:45,RETURNED,NORTH
2008,7,2024-08-04 14:29:36,SHIPPED,EAST
2009,236,2025-05-25 12:55:34,PLACED,SOUTH
2010,119,2025-10-05 00:40:08,PLACED,NORTH
2011,,2025-04-12 01:04:26,DELIVERED,WEST
2012,187,2025-08-14 00:54:45,DELIVERED,CENTRAL
2013,393,2026-07-01 03:59:24,SHIPPED,SOUTH
2014,452,2025-08-27 15:27:39,DELIVERED,SOUTH
2015,133,2025-02-14 12:38:33,RETURNED,EAST
2016,72,2025-02-22 13:12:23,DELIVERED,NORTH
2017,195,2024-12-12 04:38:04,SHIPPED,SOUTH
2018,8,2024-10-20 20:31:50,PLACED,NORTH
2019,533,2025-07-11 14:37:19,DELIVERED,SOUTH
2020,475,2025-02-10 09:51:02,DELIVERED,WEST
2021,90,2025-02-28 20:50:40,DELIVERED,EAST
2022,329,2025-12-15 04:36:27,DELIVERED,EAST
2023,389,2024-07-19 18:54:44,DELIVERED,CENTRAL
2024,465,2025-06-08 12:26:50,DELIVERED,WEST
2025,187,2024-12-03 20:35:18,DELIVERED,SOUTH
2026,221,2025-05-02 12:24:35,RETURNED,CENTRAL
2027,30,2025-02-22 00:54:05,SHIPPED,CENTRAL
2028,220,2025-02-19 22:31:18,RETURNED,WEST
2029,600,2025-09-13 00:03:40,SHIPPED,CENTRAL
2030,171,2025-12-15 23:25:53,DELIVERED,SOUTH
2031,554,2025-09-20 13:21:43,DELIVERED,NORTH
2032,475,2026-07-05 00:10:01,SHIPPED,WEST
2033,21,2025-07-09 12:11:57,CANCELLED,CENTRAL
2034,511,2024-11-26 22:38:54,SHIPPED,WEST
2035,597,2025-03-16 04:12:43,DELIVERED,WEST
2036,57,2026-05-27 19:21:23,DELIVERED,WEST
2037,220,2025-10-19 18:50:57,SHIPPED,CENTRAL
2038,532,2025-01-16 20:03:17,PLACED,NORTH
2039,374,22-08-2024,DELIVERED,SOUTH
2040,46,2026-06-28 13:12:24,DELIVERED,WEST
2041,519,2026-04-10 23:36:58,DELIVERED,SOUTH
2042,382,2025-12-06 03:30:20,SHIPPED,CENTRAL
2043,63,2024-07-31 19:37:48,SHIPPED,EAST
2044,242,2026-08-30 00:00:00,PLACED,CENTRAL
2045,588,2026-05-14 22:03:01,PLACED,SOUTH
2046,585,2024-10-22 08:30:51,PLACED,SOUTH
2047,172,2025-11-21 23:36:34,DELIVERED,NORTH
2048,490,2025-03-25 14:01:00,PLACED,SOUTH
2049,591,2026-05-30 06:28:19,PLACED,CENTRAL
2050,118,2024-08-13 05:05:47,DELIVERED,SOUTH
2051,162,2026-05-15 02:53:47,DELIVERED,SOUTH
2052,92,2026-01-14 07:41:34,DELIVERED,SOUTH
2053,43,2024-07-18 13:57:55,DELIVERED,EAST
2054,542,2025-06-20 07:13:59,SHIPPED,CENTRAL
2055,,2025-03-24 22:51:13,DELIVERED,EAST
2056,14,2026-05-07 08:25:36,DELIVERED,EAST
2057,107,2025-08-11 03:23:57,SHIPPED,NORTH
2058,572,2025-01-03 10:21:57,RETURNED,NORTH
2059,335,2025-01-18 05:10:49,DELIVERED,WEST
2060,199,2025-12-20 16:34:50,RETURNED,EAST
2061,68,2024-05-31 22:05:03,CANCELLED,SOUTH
2062,583,2024-12-15 03:45:59,DELIVERED,CENTRAL
2063,18,2025-05-20 12:38:23,RETURNED,NORTH
2064,196,2025-12-08 17:05:21,DELIVERED,CENTRAL
2065,315,2024-12-18 11:11:20,SHIPPED,NORTH
2066,77,2025-01-27 14:27:38,PLACED,WEST
2067,433,2025-02-05 14:04:39,DELIVERED,CENTRAL
2068,62,2024-09-02 13:34:41,DELIVERED,NORTH
2069,23,2024-12-17 22:17:21,SHIPPED,EAST
2070,110,2025-07-09 13:05:28,RETURNED,SOUTH
2071,8,2025-08-16 10:33:48,PLACED,NORTH
2072,372,2026-02-18 23:37:37,RETURNED,CENTRAL
2073,463,2025-09-20 20:44:26,DELIVERED,EAST
2074,357,2026-03-21 11:29:25,CANCELLED,SOUTH
2075,109,2025-06-24 01:40:11,DELIVERED,NORTH
2076,569,2024-11-30 02:21:27,DELIVERED,CENTRAL
2077,,2026-03-01 21:49:34,DELIVERED,NORTH
2078,283,2024-10-16 18:43:23,DELIVERED,WEST
2079,,2024-10-28 08:23:28,CANCELLED,EAST
2080,152,2024-11-14 01:18:10,RETURNED,NORTH
2081,201,2026-02-23 17:13:16,DELIVERED,SOUTH
2082,235,2024-08-12 06:03:10,CANCELLED,EAST
2083,544,2026-07-03 08:19:28,DELIVERED,WEST
2084,,2026-04-05 21:33:29,SHIPPED,CENTRAL
2085,364,28-03-2026,DELIVERED,WEST
2086,124,2025-10-30 11:34:32,SHIPPED,SOUTH
2087,161,2026-04-12 16:51:41,RETURNED,WEST
2088,448,2024-09-29 14:51:03,DELIVERED,NORTH
2089,142,2026-06-06 21:24:36,PLACED,NORTH
2090,413,2024-11-01 14:30:10,DELIVERED,EAST
2091,26,2024-11-26 22:40:18,PLACED,CENTRAL
2092,479,2025-06-25 23:02:44,PLACED,EAST
2093,557,2024-09-12 13:09:43,CANCELLED,CENTRAL
2094,277,2025-10-01 09:48:09,SHIPPED,NORTH
2095,,2026-07-18 13:48:12,PLACED,CENTRAL
2096,509,2026-02-02 14:40:30,DELIVERED,CENTRAL
2097,230,2025-04-03 14:43:21,DELIVERED,WEST
2098,425,2025-08-27 13:30:57,SHIPPED,WEST
2099,153,2025-08-18 07:16:26,RETURNED,WEST
2100,273,2025-02-24 14:28:33,DELIVERED,WEST
2101,528,2025-08-22 02:38:54,DELIVERED,NORTH
2102,457,2024-09-11 01:46:36,DELIVERED,EAST
2103,442,2025-01-01 19:25:10,PLACED,WEST
2104,472,2025-02-20 11:02:03,SHIPPED,WEST
2105,163,2024-07-11 14:38:32,DELIVERED,EAST
2106,559,2024-10-07 00:07:37,SHIPPED,CENTRAL
2107,517,2026-04-26 20:17:03,RETURNED,NORTH
2108,456,23-08-2025,RETURNED,CENTRAL
2109,73,2026-02-08 19:51:35,CANCELLED,EAST
2110,165,2026-05-01 01:21:38,RETURNED,EAST
2111,239,2026-04-14 01:34:18,RETURNED,EAST
2112,12,2024-09-02 20:52:57,CANCELLED,EAST
2113,429,2026-06-04 04:58:49,DELIVERED,SOUTH
2114,390,2025-09-07 08:14:41,DELIVERED,NORTH
2115,87,2026-07-15 05:34:57,DELIVERED,CENTRAL
2116,170,2026-03-18 20:16:27,DELIVERED,CENTRAL
2117,402,2026-06-10 04:54:31,DELIVERED,NORTH
2118,364,2024-11-29 04:09:07,DELIVERED,NORTH
2119,434,2026-03-24 13:17:36,PLACED,CENTRAL
2120,182,2025-05-13 04:11:52,DELIVERED,WEST
2121,472,2026-02-07 12:24:46,SHIPPED,NORTH
2122,432,2025-08-12 16:29:43,CANCELLED,WEST
2123,255,2026-03-27 21:46:17,PLACED,WEST
2124,156,2024-06-17 01:02:52,SHIPPED,EAST
2125,146,2025-12-03 08:39:40,DELIVERED,SOUTH
2126,417,2024-12-10 06:29:20,PLACED,CENTRAL
2127,228,2026-02-10 13:56:52,DELIVERED,CENTRAL
2128,43,2024-12-29 12:51:26,RETURNED,WEST
2129,540,2024-09-12 20:48:39,DELIVERED,CENTRAL
2130,92,2025-04-28 03:20:32,RETURNED,NORTH
2131,255,2025-02-07 14:13:06,RETURNED,SOUTH
2132,111,2026-06-07 01:23:56,DELIVERED,NORTH
2133,,2025-06-29 08:54:53,DELIVERED,CENTRAL
2134,341,2024-07-03 01:38:31,RETURNED,EAST
2135,286,2026-07-08 21:00:27,SHIPPED,NORTH
2136,440,2024-07-18 00:51:29,CANCELLED,EAST
2137,581,2024-09-05 03:30:21,DELIVERED,WEST
2138,67,2024-12-12 22:35:58,DELIVERED,CENTRAL
2139,560,2024-06-03 10:18:49,CANCELLED,WEST
2140,149,2024-09-30 16:25:42,DELIVERED,WEST
2141,108,2025-10-19 02:51:53,DELIVERED,WEST
2142,272,2025-06-20 18:29:23,DELIVERED,CENTRAL
2143,563,2026-01-12 02:45:53,DELIVERED,NORTH
2144,268,2024-08-14 14:03:25,SHIPPED,CENTRAL
2145,185,2026-06-11 04:03:40,RETURNED,SOUTH
2146,391,2024-08-07 02:38:56,DELIVERED,NORTH
2147,433,2024-09-03 02:34:24,SHIPPED,CENTRAL
2148,569,2025-04-16 18:47:46,DELIVERED,SOUTH
2149,129,2025-07-07 17:58:24,DELIVERED,CENTRAL
2150,,2024-07-07 11:36:42,DELIVERED,CENTRAL
2151,140,2025-06-22 16:47:38,SHIPPED,EAST
2152,385,2025-07-29 14:24:18,DELIVERED,CENTRAL
2153,442,2024-08-15 16:13:21,DELIVERED,WEST
2154,15,2025-09-24 17:18:16,DELIVERED,EAST
2155,454,2024-07-14 08:03:57,DELIVERED,EAST
2156,227,2024-07-13 21:08:49,DELIVERED,SOUTH
2157,379,2026-02-17 06:29:16,CANCELLED,SOUTH
2158,189,2025-11-03 17:54:09,DELIVERED,NORTH
2159,343,20-11-2025,SHIPPED,NORTH
2160,436,2025-03-16 02:05:57,SHIPPED,SOUTH
2161,463,2026-06-12 02:44:09,DELIVERED,WEST
2162,138,2024-09-11 14:19:44,DELIVERED,NORTH
2163,288,2024-11-01 05:05:24,PLACED,CENTRAL
2164,258,2026-01-23 02:49:11,RETURNED,NORTH
2165,,2026-06-06 05:49:24,DELIVERED,WEST
2166,507,2024-12-14 14:40:25,SHIPPED,NORTH
2167,367,2024-06-20 03:47:21,RETURNED,EAST
2168,419,2025-02-08 22:27:43,DELIVERED,WEST
2169,114,2024-08-21 01:33:05,SHIPPED,EAST
2170,491,2026-03-29 02:40:59,DELIVERED,CENTRAL
2171,,2025-11-25 06:09:32,RETURNED,SOUTH
2172,272,2025-02-25 14:04:34,DELIVERED,NORTH
2173,239,27-06-2025,DELIVERED,EAST
2174,440,2025-12-21 18:40:48,DELIVERED,WEST
2175,150,2024-09-26 03:43:28,SHIPPED,SOUTH
2176,459,2026-07-02 03:15:22,DELIVERED,CENTRAL
2177,87,2026-02-07 11:53:00,DELIVERED,SOUTH
2178,171,2024-07-16 16:46:08,SHIPPED,CENTRAL
2179,174,2026-06-06 11:19:19,DELIVERED,NORTH
2180,63,2024-09-11 12:03:54,DELIVERED,WEST
2181,43,2025-03-27 22:20:15,PLACED,CENTRAL
2182,236,2025-01-09 23:31:03,DELIVERED,SOUTH
2183,236,2024-06-17 08:30:23,PLACED,NORTH
2184,406,2025-08-18 05:26:10,DELIVERED,NORTH
2185,354,2025-08-06 04:26:09,DELIVERED,EAST
2186,438,2025-04-21 15:17:06,CANCELLED,EAST
2187,487,2025-05-02 18:51:04,DELIVERED,CENTRAL
2188,329,2024-12-07 14:10:54,SHIPPED,WEST
2189,525,2026-01-19 14:59:42,CANCELLED,CENTRAL
2190,541,2025-01-25 18:57:04,CANCELLED,CENTRAL
2191,323,2024-12-22 08:49:00,CANCELLED,NORTH
2192,461,2025-06-28 06:05:35,DELIVERED,NORTH
2193,554,2026-01-12 09:19:48,DELIVERED,SOUTH
2194,209,2025-05-16 16:12:47,DELIVERED,SOUTH
2195,244,2024-11-06 07:41:58,SHIPPED,NORTH
2196,563,2026-01-28 18:59:07,RETURNED,SOUTH
2197,581,2025-02-21 19:37:48,DELIVERED,CENTRAL
2198,592,24-04-2025,SHIPPED,NORTH
2199,,22-05-2025,SHIPPED,NORTH
2200,535,2026-04-04 03:35:37,DELIVERED,NORTH
2201,521,15-06-2026,DELIVERED,NORTH
2202,86,2025-03-20 03:30:38,DELIVERED,NORTH
2203,241,2025-08-22 12:14:03,RETURNED,SOUTH
2204,88,2024-08-11 13:52:59,DELIVERED,EAST
2205,564,2025-03-28 21:39:27,DELIVERED,WEST
2206,324,2024-10-28 16:57:34,PLACED,SOUTH
2207,18,2026-02-17 00:33:54,RETURNED,NORTH
2208,286,2026-01-09 01:12:20,DELIVERED,NORTH
2209,48,2026-01-25 17:47:42,DELIVERED,NORTH
2210,403,2025-09-06 14:54:49,CANCELLED,NORTH
2211,231,2024-06-01 11:07:01,CANCELLED,CENTRAL
2212,409,21-07-2025,DELIVERED,WEST
2213,16,2025-03-28 08:58:43,DELIVERED,CENTRAL
2214,568,2026-02-18 13:03:15,SHIPPED,CENTRAL
2215,16,2026-04-03 08:09:04,DELIVERED,CENTRAL
2216,580,2026-06-22 21:06:41,DELIVERED,NORTH
2217,380,2026-03-27 01:07:10,SHIPPED,WEST
2218,584,2026-01-05 17:36:47,PLACED,CENTRAL
2219,23,2024-12-22 03:27:13,DELIVERED,EAST
2220,535,2025-03-16 03:21:49,DELIVERED,EAST
2221,567,2025-12-23 12:18:27,RETURNED,NORTH
2222,370,2025-09-30 07:59:17,RETURNED,NORTH
2223,468,2024-10-17 03:21:34,DELIVERED,SOUTH
2224,395,2024-09-22 22:20:39,PLACED,CENTRAL
2225,95,2026-02-14 17:57:16,RETURNED,WEST
2226,167,2026-06-10 19:31:55,DELIVERED,CENTRAL
2227,55,2025-07-14 15:04:43,DELIVERED,EAST
2228,136,2025-11-19 10:36:40,DELIVERED,EAST
2229,47,2024-12-12 09:14:37,PLACED,CENTRAL
2230,376,2024-05-30 02:16:09,DELIVERED,NORTH
2231,51,2026-02-09 06:55:29,SHIPPED,EAST
2232,55,2025-04-23 04:47:43,CANCELLED,EAST
2233,482,2025-02-07 03:24:09,RETURNED,CENTRAL
2234,,2024-10-15 04:38:49,DELIVERED,CENTRAL
2235,269,2025-06-07 09:39:39,PLACED,WEST
2236,556,2025-12-30 15:43:41,PLACED,NORTH
2237,360,2024-08-29 15:44:55,PLACED,CENTRAL
2238,2,2026-05-20 12:31:55,CANCELLED,NORTH
2239,89,2026-03-24 22:45:50,PLACED,NORTH
2240,233,2026-04-14 10:20:43,PLACED,CENTRAL
2241,,2024-09-17 02:36:15,CANCELLED,CENTRAL
2242,,2026-06-20 15:51:56,DELIVERED,NORTH
2243,588,2025-10-20 07:58:26,DELIVERED,SOUTH
2244,145,2026-05-27 12:25:46,DELIVERED,CENTRAL
2245,423,2025-07-03 09:02:28,DELIVERED,WEST
2246,424,2024-10-13 20:15:43,RETURNED,CENTRAL
2247,486,2025-09-24 21:30:01,CANCELLED,NORTH
2248,,2025-10-28 04:40:28,PLACED,EAST
2249,413,2025-03-10 13:17:31,PLACED,EAST
2250,369,2025-06-09 20:47:42,DELIVERED,SOUTH
2251,62,28-07-2025,RETURNED,WEST
2252,440,2025-05-05 06:00:27,RETURNED,EAST
2253,555,2025-09-13 16:30:34,RETURNED,EAST
2254,392,2025-09-04 19:05:12,DELIVERED,SOUTH
2255,339,2026-04-22 02:02:35,CANCELLED,EAST
2256,403,2025-11-02 06:42:56,DELIVERED,EAST
2257,164,2025-03-09 22:14:37,DELIVERED,NORTH
2258,554,2025-10-16 04:11:32,SHIPPED,WEST
2259,317,2024-11-04 00:16:23,CANCELLED,NORTH
2260,103,2026-01-22 13:58:08,PLACED,NORTH
2261,303,2026-04-21 13:42:27,DELIVERED,NORTH
2262,182,2024-07-05 23:04:03,DELIVERED,CENTRAL
2263,240,2025-07-20 09:36:01,DELIVERED,NORTH
2264,1,2024-12-26 01:51:28,SHIPPED,EAST
2265,580,2024-08-30 11:06:18,PLACED,WEST
2266,52,2024-11-18 10:08:55,DELIVERED,SOUTH
2267,356,2025-07-07 07:41:44,DELIVERED,CENTRAL
2268,449,2026-07-03 18:44:51,PLACED,WEST
2269,133,2024-08-14 22:08:43,RETURNED,CENTRAL
2270,29,2024-09-09 03:49:01,PLACED,WEST
2271,222,2024-06-17 23:01:43,SHIPPED,CENTRAL
2272,285,17-07-2024,CANCELLED,WEST
2273,292,2025-09-07 20:46:48,DELIVERED,NORTH
2274,345,2025-02-24 16:58:25,RETURNED,EAST
2275,250,2025-11-09 21:33:09,SHIPPED,EAST
2276,35,25-06-2026,DELIVERED,CENTRAL
2277,20,2026-03-26 14:38:14,RETURNED,CENTRAL
2278,560,2026-04-12 07:46:04,DELIVERED,NORTH
2279,248,2026-07-17 04:54:46,DELIVERED,SOUTH
2280,224,2025-08-21 21:48:26,DELIVERED,EAST
2281,,2026-07-01 09:28:28,DELIVERED,SOUTH
2282,9,2025-11-21 12:06:01,CANCELLED,NORTH
2283,389,2024-12-17 23:02:42,CANCELLED,SOUTH
2284,471,2025-03-11 11:27:05,DELIVERED,SOUTH
2285,587,2025-01-17 03:57:38,SHIPPED,SOUTH
2286,98,2024-07-18 15:07:07,DELIVERED,WEST
2287,48,2024-06-07 17:28:35,DELIVERED,CENTRAL
2288,424,2025-06-11 10:47:29,PLACED,NORTH
2289,403,2024-12-27 09:28:13,DELIVERED,NORTH
2290,343,2026-05-09 04:59:26,DELIVERED,CENTRAL
2291,557,2025-03-15 01:07:10,PLACED,CENTRAL
2292,434,2026-02-02 23:39:54,PLACED,SOUTH
2293,184,2025-01-04 18:12:31,DELIVERED,EAST
2294,80,2026-05-19 19:35:05,CANCELLED,CENTRAL
2295,456,2025-11-15 18:39:14,CANCELLED,SOUTH
2296,,2025-03-19 16:06:47,DELIVERED,SOUTH
2297,176,2024-12-09 09:25:59,DELIVERED,WEST
2298,375,2026-04-03 18:48:26,SHIPPED,NORTH
2299,217,2025-10-28 05:37:44,DELIVERED,NORTH
2300,321,2026-05-20 09:51:11,DELIVERED,WEST
2301,97,2024-08-07 01:28:46,DELIVERED,EAST
2302,491,2025-04-30 11:05:46,PLACED,WEST
2303,159,2026-06-14 00:28:50,CANCELLED,CENTRAL
2304,319,2024-10-26 02:11:16,RETURNED,SOUTH
2305,489,2024-08-21 20:18:33,SHIPPED,SOUTH
2306,550,2025-05-20 04:15:35,SHIPPED,SOUTH
2307,91,2026-06-25 22:55:01,RETURNED,SOUTH
2308,538,2024-09-09 14:06:43,DELIVERED,EAST
2309,201,2024-12-12 13:29:30,DELIVERED,NORTH
2310,213,2025-08-03 07:14:31,RETURNED,SOUTH
2311,135,2026-04-11 19:37:38,DELIVERED,SOUTH
2312,106,2025-03-27 07:28:33,PLACED,SOUTH
2313,428,2024-08-11 01:35:08,DELIVERED,WEST
2314,59,2025-05-23 13:11:15,RETURNED,WEST
2315,365,2024-10-26 01:25:01,DELIVERED,SOUTH
2316,73,2025-02-05 12:02:12,RETURNED,NORTH
2317,76,2026-01-07 09:20:21,CANCELLED,NORTH
2318,163,2025-05-03 21:57:30,SHIPPED,NORTH
2319,555,2024-09-10 21:29:53,DELIVERED,WEST
2320,582,2025-04-10 09:17:07,RETURNED,WEST
2321,514,2026-02-19 11:39:43,DELIVERED,EAST
2322,428,2026-01-30 21:39:17,DELIVERED,NORTH
2323,404,2024-10-07 15:56:51,DELIVERED,WEST
2324,62,2025-08-18 17:53:17,DELIVERED,EAST
2325,38,2026-03-31 06:56:00,DELIVERED,SOUTH
2326,194,2026-03-08 12:37:59,DELIVERED,EAST
2327,386,2025-03-20 19:14:26,SHIPPED,SOUTH
2328,445,2024-11-28 11:38:30,PLACED,SOUTH
2329,421,2025-11-14 15:27:11,RETURNED,CENTRAL
2330,273,2024-11-03 12:54:29,DELIVERED,CENTRAL
2331,41,2026-07-04 20:05:07,RETURNED,CENTRAL
2332,101,2026-02-22 03:05:01,SHIPPED,SOUTH
2333,87,2026-01-10 17:21:13,DELIVERED,SOUTH
2334,246,2025-08-10 15:47:06,RETURNED,SOUTH
2335,59,2025-05-31 09:08:00,SHIPPED,EAST
2336,36,2025-06-08 04:52:02,PLACED,EAST
2337,542,2024-07-12 11:31:16,DELIVERED,EAST
2338,479,2026-01-26 11:19:38,RETURNED,CENTRAL
2339,512,2026-05-04 12:52:35,DELIVERED,EAST
2340,344,2025-12-11 00:08:18,RETURNED,WEST
2341,484,2025-07-24 18:11:17,DELIVERED,CENTRAL
2342,392,2024-09-05 18:30:50,DELIVERED,EAST
2343,182,2025-12-25 16:19:44,PLACED,NORTH
2344,314,2025-11-11 19:08:41,SHIPPED,WEST
2345,331,2025-12-27 15:55:28,DELIVERED,WEST
2346,458,2025-06-06 02:17:35,PLACED,EAST
2347,377,2024-11-30 08:05:37,DELIVERED,WEST
2348,293,2025-07-15 07:24:44,DELIVERED,CENTRAL
2349,162,2024-11-26 17:36:58,DELIVERED,EAST
2350,219,2024-08-24 17:44:13,DELIVERED,WEST
2351,469,2024-06-27 01:46:19,PLACED,NORTH
2352,544,2025-02-13 10:39:58,SHIPPED,NORTH
2353,563,2025-08-09 06:53:46,DELIVERED,SOUTH
2354,287,2025-02-27 17:53:25,DELIVERED,CENTRAL
2355,266,2026-07-12 16:50:53,PLACED,WEST
2356,168,2024-07-08 07:48:51,DELIVERED,WEST
2357,152,2026-04-20 19:58:28,DELIVERED,SOUTH
2358,410,20-02-2026,SHIPPED,WEST
2359,286,2024-08-10 10:54:54,RETURNED,EAST
2360,450,2024-09-04 16:24:13,PLACED,EAST
2361,532,2024-08-08 21:13:13,PLACED,SOUTH
2362,183,2024-09-09 01:56:33,DELIVERED,EAST
2363,200,2024-07-10 02:51:50,DELIVERED,SOUTH
2364,127,2025-05-03 01:20:16,DELIVERED,CENTRAL
2365,89,2025-02-09 12:11:59,RETURNED,SOUTH
2366,388,2025-11-26 08:37:49,DELIVERED,CENTRAL
2367,181,2024-07-10 14:45:56,DELIVERED,SOUTH
2368,497,2025-11-15 08:06:31,SHIPPED,EAST
2369,361,2025-04-26 04:59:40,RETURNED,SOUTH
2370,454,2025-03-21 07:35:41,CANCELLED,CENTRAL
2371,2,2026-06-04 20:07:23,DELIVERED,SOUTH
2372,231,2026-03-18 11:02:25,DELIVERED,CENTRAL
2373,36,2024-10-19 08:30:48,RETURNED,CENTRAL
2374,47,2026-01-24 10:19:30,DELIVERED,NORTH
2375,163,05-04-2025,DELIVERED,NORTH
2376,128,2024-10-31 23:56:39,DELIVERED,CENTRAL
2377,572,2025-03-10 02:26:49,DELIVERED,WEST
2378,446,2025-07-11 05:13:36,DELIVERED,EAST
2379,490,2026-04-17 13:55:43,DELIVERED,SOUTH
2380,222,2025-01-22 07:32:21,SHIPPED,SOUTH
2381,,2024-11-10 20:50:04,DELIVERED,EAST
2382,158,2025-01-24 16:05:13,DELIVERED,SOUTH
2383,363,2026-01-05 16:34:59,SHIPPED,CENTRAL
2384,346,2024-08-14 14:22:13,RETURNED,SOUTH
2385,491,2025-06-14 00:55:06,PLACED,NORTH
2386,279,02-07-2026,DELIVERED,SOUTH
2387,323,2025-09-15 15:08:27,DELIVERED,CENTRAL
2388,14,2024-09-18 10:33:10,SHIPPED,WEST
2389,59,2025-08-18 13:33:56,DELIVERED,SOUTH
2390,485,2026-01-19 19:27:35,PLACED,EAST
2391,47,2025-06-24 13:52:48,DELIVERED,SOUTH
2392,69,2026-03-26 01:26:07,RETURNED,EAST
2393,580,12-11-2025,DELIVERED,EAST
2394,94,2026-01-04 01:22:24,DELIVERED,SOUTH
2395,462,2025-12-06 17:59:14,CANCELLED,NORTH
2396,1,2024-06-27 05:03:35,DELIVERED,WEST
2397,16,2026-07-09 17:04:56,PLACED,NORTH
2398,76,2025-06-12 11:57:51,DELIVERED,WEST
2399,414,2026-05-05 02:44:18,DELIVERED,CENTRAL
2400,486,2025-02-10 06:39:53,DELIVERED,WEST
2401,190,2026-01-24 22:00:45,DELIVERED,NORTH
2402,348,2026-06-07 03:02:13,DELIVERED,WEST
2403,213,2025-09-21 15:40:57,SHIPPED,CENTRAL
2404,392,2025-03-18 15:10:12,PLACED,CENTRAL
2405,593,08-03-2025,SHIPPED,SOUTH
2406,124,2025-11-27 18:29:55,CANCELLED,EAST
2407,388,2025-08-12 07:06:41,DELIVERED,WEST
2408,291,2024-08-15 13:57:37,PLACED,WEST
2409,476,2025-09-22 07:19:13,DELIVERED,WEST
2410,305,2026-04-29 06:23:43,RETURNED,NORTH
2411,207,2025-11-20 21:55:43,DELIVERED,NORTH
2412,,2026-02-20 19:06:01,SHIPPED,EAST
2413,482,2026-01-19 19:37:53,RETURNED,CENTRAL
2414,191,2026-04-15 15:49:04,PLACED,CENTRAL
2415,141,10-01-2026,SHIPPED,SOUTH
2416,380,2024-06-11 08:39:34,SHIPPED,EAST
2417,542,2026-03-03 09:20:48,DELIVERED,WEST
2418,81,2025-08-23 11:16:15,RETURNED,CENTRAL
2419,584,2026-01-31 05:39:33,DELIVERED,EAST
2420,446,2025-10-25 06:29:14,DELIVERED,EAST
2421,315,2024-09-20 09:24:39,DELIVERED,EAST
2422,406,2025-06-13 22:54:27,DELIVERED,SOUTH
2423,265,2026-04-30 10:24:45,DELIVERED,CENTRAL
2424,420,2025-02-20 03:55:10,SHIPPED,NORTH
2425,513,2026-06-10 00:53:39,DELIVERED,SOUTH
2426,546,2025-07-22 19:44:30,PLACED,SOUTH
2427,9,2026-04-22 03:02:57,SHIPPED,SOUTH
2428,491,2026-06-12 23:48:41,DELIVERED,CENTRAL
2429,294,2026-03-02 06:14:43,DELIVERED,WEST
2430,136,11-12-2024,PLACED,NORTH
2431,285,2025-09-14 20:21:27,DELIVERED,NORTH
2432,229,2024-07-11 13:01:02,SHIPPED,EAST
2433,118,2026-05-16 20:53:00,DELIVERED,WEST
2434,542,2026-01-28 08:08:31,SHIPPED,CENTRAL
2435,483,2026-03-29 08:39:47,RETURNED,NORTH
2436,224,2025-07-09 14:11:42,DELIVERED,CENTRAL
2437,266,2026-02-05 00:24:35,DELIVERED,NORTH
2438,556,2024-08-12 15:43:45,CANCELLED,EAST
2439,196,29-01-2025,RETURNED,SOUTH
2440,255,2026-05-10 17:33:20,DELIVERED,EAST
2441,,2025-05-25 09:14:24,DELIVERED,CENTRAL
2442,406,2024-07-12 12:40:35,PLACED,EAST
2443,145,2025-08-08 20:46:20,DELIVERED,CENTRAL
2444,157,2024-10-16 07:09:41,DELIVERED,WEST
2445,293,2025-07-13 07:50:29,SHIPPED,NORTH
2446,327,2025-05-19 18:39:24,DELIVERED,EAST
2447,168,2025-08-08 11:29:39,DELIVERED,EAST
2448,345,2025-02-01 17:57:33,SHIPPED,SOUTH
2449,157,2025-05-28 03:41:37,PLACED,NORTH
2450,411,2024-11-13 11:20:28,SHIPPED,NORTH
2451,225,2026-02-23 06:12:34,DELIVERED,NORTH
2452,126,2026-03-25 12:39:20,DELIVERED,EAST
2453,11,2026-03-24 02:47:54,SHIPPED,WEST
2454,356,2025-10-01 15:05:11,SHIPPED,NORTH
2455,380,2024-09-28 13:04:10,RETURNED,SOUTH
2456,596,2025-07-05 06:41:09,CANCELLED,SOUTH
2457,222,2024-12-20 18:13:57,PLACED,CENTRAL
2458,70,2024-06-24 10:53:47,PLACED,SOUTH
2459,136,2025-12-30 21:37:42,PLACED,WEST
2460,266,2026-05-18 13:51:27,DELIVERED,NORTH
2461,488,2026-07-08 06:06:17,DELIVERED,EAST
2462,188,2024-08-15 17:51:59,DELIVERED,CENTRAL
2463,452,2026-05-28 19:35:14,DELIVERED,EAST
2464,66,2025-10-03 21:51:43,DELIVERED,CENTRAL
2465,352,2025-08-10 16:18:18,DELIVERED,CENTRAL
2466,151,2026-06-23 03:33:03,SHIPPED,SOUTH
2467,79,2024-10-31 22:11:31,SHIPPED,NORTH
2468,123,2024-08-03 04:31:03,SHIPPED,EAST
2469,567,2024-08-15 16:00:32,DELIVERED,NORTH
2470,51,2026-06-22 00:05:28,DELIVERED,NORTH
2471,231,2025-11-28 14:57:52,SHIPPED,CENTRAL
2472,364,2025-10-06 12:33:15,DELIVERED,NORTH
2473,177,2026-07-03 15:39:50,RETURNED,EAST
2474,571,2025-02-08 01:34:39,PLACED,EAST
2475,116,2026-01-05 11:15:37,DELIVERED,EAST
2476,392,2025-03-24 19:36:45,RETURNED,NORTH
2477,201,2025-08-23 08:08:07,DELIVERED,WEST
2478,19,2026-07-14 07:38:17,DELIVERED,CENTRAL
2479,13,2024-07-01 07:50:11,CANCELLED,NORTH
2480,387,2025-11-23 17:07:02,PLACED,EAST
2481,459,2025-03-08 04:45:03,DELIVERED,SOUTH
2482,325,2025-07-20 08:02:32,SHIPPED,WEST
2483,175,2025-12-08 05:02:02,DELIVERED,NORTH
2484,409,2024-10-07 01:07:11,SHIPPED,CENTRAL
2485,378,2025-01-29 22:17:09,SHIPPED,EAST
2486,331,2026-02-26 17:01:24,SHIPPED,SOUTH
2487,324,2026-02-13 19:58:03,SHIPPED,SOUTH
2488,158,2025-02-21 18:03:50,CANCELLED,EAST
2489,,2026-01-05 14:57:10,PLACED,EAST
2490,28,2025-11-08 14:47:16,PLACED,SOUTH
2491,229,2024-07-31 19:59:31,PLACED,CENTRAL
2492,230,2025-01-28 22:38:56,PLACED,NORTH
2493,156,2025-02-22 14:01:16,DELIVERED,EAST
2494,524,2024-11-20 23:59:52,DELIVERED,CENTRAL
2495,446,2026-07-14 22:50:29,RETURNED,EAST
2496,107,2024-11-16 11:13:39,DELIVERED,EAST
2497,60,16-09-2025,DELIVERED,NORTH
2498,398,2026-07-12 08:22:25,DELIVERED,CENTRAL
2499,322,2026-01-22 07:07:46,DELIVERED,EAST
2500,409,2024-11-30 11:23:37,DELIVERED,SOUTH
