delivery_id,drone_id,source,destination,distance_km,start_time,end_time,status
DEL00001,D082,Warehouse-North,Zone-24,14.37,2025-10-22 14:50:25,2025-10-22 15:08:35,SUCCESS
DEL00002,D036,Warehouse-South,Zone-05,26.82,2025-11-17 13:16:43,2025-11-17 13:41:00,SUCCESS
DEL00003,D095,Hub-West,Zone-03,12.92,2025-10-20 21:39:43,2025-10-20 21:50:07,SUCCESS
DEL00004,D076,Warehouse-North,Zone-01,63.02,2025-12-21 22:17:53,2025-12-21 23:16:46,SUCCESS
DEL00005,D012,Warehouse-South,Zone-17,34.92,2025-11-12 10:55:36,2025-11-12 11:11:55,FAILED
DEL00006,D078,Hub-West,Zone-07,20.36,2025-10-06 03:39:59,2025-10-06 04:01:55,SUCCESS
DEL00007,D092,Hub-West,Zone-14,22.06,2026-02-04 04:40:51,2026-02-04 04:58:48,FAILED
DEL00008,D029,Hub-West,Zone-09,13.48,2025-12-27 05:27:57,2025-12-27 05:41:11,SUCCESS
DEL00009,D001,Warehouse-South,Zone-23,19.7,2026-02-25 08:17:55,2026-02-25 08:42:29,SUCCESS
DEL00010,D055,Warehouse-East,Zone-05,54.34,2025-12-06 01:40:56,2025-12-06 02:34:03,SUCCESS
DEL00011,D028,Warehouse-East,Zone-04,38.16,2026-02-26 06:08:25,2026-02-26 07:01:27,SUCCESS
DEL00012,D012,Warehouse-North,Zone-12,56.34,2025-12-13 18:35:22,2025-12-13 19:32:03,SUCCESS
DEL00013,D045,Warehouse-East,Zone-26,33.36,2026-01-26 05:34:02,2026-01-26 06:13:35,SUCCESS
DEL00014,D006,Hub-Central,Zone-18,66.51,2026-02-19 16:47:47,2026-02-19 17:54:08,SUCCESS
DEL00015,D016,Hub-Central,Zone-03,26.47,2026-03-29 02:12:28,2026-03-29 02:30:26,SUCCESS
DEL00016,D071,Hub-West,Zone-29,11.31,2025-11-26 22:18:35,2025-11-26 22:27:09,SUCCESS
DEL00017,D047,Warehouse-South,Zone-23,11.4,2026-01-21 02:39:21,2026-01-21 02:55:25,SUCCESS
DEL00018,D009,Warehouse-South,Zone-25,47.47,2025-10-09 21:33:25,2025-10-09 22:40:56,SUCCESS
DEL00019,D038,Warehouse-South,Zone-28,9.44,2025-10-16 11:51:27,2025-10-16 11:56:10,FAILED
DEL00020,D013,Warehouse-East,Zone-15,53.37,2025-12-13 19:30:59,2025-12-13 20:27:27,SUCCESS
DEL00021,D082,Warehouse-East,Zone-06,39.01,2026-03-11 23:14:10,2026-03-11 23:49:17,FAILED
DEL00022,D048,Warehouse-South,Zone-22,28.05,2025-12-08 23:40:53,2025-12-09 00:03:12,SUCCESS
DEL00023,D035,Warehouse-North,Zone-20,73.96,2026-02-14 06:43:10,2026-02-14 07:58:09,SUCCESS
DEL00024,D082,Hub-West,Zone-24,36.49,2025-11-03 05:33:50,2025-11-03 06:11:58,SUCCESS
DEL00025,D032,Hub-Central,Zone-13,18.37,2025-11-01 17:30:38,2025-11-01 17:58:27,SUCCESS
DEL00026,D035,Hub-West,Zone-08,41.16,2026-03-29 16:38:07,2026-03-29 17:19:31,SUCCESS
DEL00027,D088,Warehouse-North,Zone-08,31.58,2025-12-02 23:16:01,2025-12-02 23:43:20,SUCCESS
DEL00028,D005,Warehouse-East,Zone-13,12.68,2026-03-06 07:47:07,2026-03-06 07:56:29,SUCCESS
DEL00029,D035,Warehouse-South,Zone-30,50.03,2025-10-13 20:27:40,2025-10-13 21:04:03,SUCCESS
DEL00030,D073,Warehouse-East,Zone-07,9.82,2026-03-20 04:10:08,2026-03-20 04:15:32,FAILED
DEL00031,D084,Hub-Central,Zone-29,42.67,2026-01-05 22:35:10,2026-01-05 23:11:26,SUCCESS
DEL00032,D083,Warehouse-South,Zone-09,50.87,2025-12-29 02:24:16,2025-12-29 03:35:27,SUCCESS
DEL00033,D018,Hub-West,Zone-18,14.32,2025-11-17 21:22:02,2025-11-17 21:43:35,SUCCESS
DEL00034,D034,Hub-West,Zone-14,14.06,2026-02-23 01:20:12,2026-02-23 01:31:14,SUCCESS
DEL00035,D075,Warehouse-East,Zone-08,37.64,2025-12-17 13:20:28,2025-12-17 13:50:30,SUCCESS
DEL00036,D018,Hub-Central,Zone-03,6.01,2026-01-07 22:33:52,2026-01-07 22:39:19,FAILED
DEL00037,D097,Warehouse-North,Zone-05,59.35,2025-10-10 03:34:41,2025-10-10 04:46:50,SUCCESS
DEL00038,D081,Hub-Central,Zone-20,62.48,2025-11-01 01:34:12,2025-11-01 02:23:29,FAILED
DEL00039,D009,Hub-Central,Zone-20,26.77,2025-12-14 17:08:44,2025-12-14 17:26:54,SUCCESS
DEL00040,D060,Warehouse-East,Zone-18,34.9,2026-01-11 17:51:05,2026-01-11 18:21:08,SUCCESS
DEL00041,D002,Warehouse-North,Zone-22,5.02,2026-02-10 02:21:01,2026-02-10 02:28:25,SUCCESS
DEL00042,D069,Warehouse-East,Zone-25,12.69,2026-02-23 19:20:39,2026-02-23 19:38:04,SUCCESS
DEL00043,D083,Warehouse-North,Zone-10,56.63,2025-12-06 01:19:57,2025-12-06 02:13:19,SUCCESS
DEL00044,D056,Hub-Central,Zone-01,27.19,2025-10-31 17:04:06,2025-10-31 17:43:55,SUCCESS
DEL00045,D093,Warehouse-East,Zone-17,24.26,2026-03-20 01:46:13,2026-03-20 02:03:08,SUCCESS
DEL00046,D098,Hub-West,Zone-30,50.74,2025-11-04 16:34:41,2025-11-04 17:17:59,SUCCESS
DEL00047,D014,Warehouse-East,Zone-27,8.4,2026-03-19 00:54:38,2026-03-19 01:02:47,SUCCESS
DEL00048,D082,Hub-West,Zone-07,33.7,2026-01-07 13:52:49,2026-01-07 14:23:35,SUCCESS
DEL00049,D020,Warehouse-South,Zone-18,31.8,2025-12-12 14:33:53,2025-12-12 14:47:08,FAILED
DEL00050,D100,Hub-West,Zone-30,8.41,2026-03-29 02:51:15,2026-03-29 02:57:41,SUCCESS
DEL00051,D001,Warehouse-East,Zone-16,26.8,2026-01-25 07:17:02,2026-01-25 07:55:09,SUCCESS
DEL00052,D003,Warehouse-East,Zone-29,37.71,2025-10-22 17:20:28,2025-10-22 17:46:58,SUCCESS
DEL00053,D040,Warehouse-North,Zone-08,47.55,2025-11-16 11:55:43,2025-11-16 12:46:15,SUCCESS
DEL00054,D073,Warehouse-North,Zone-24,34.98,2025-10-16 07:02:04,2025-10-16 07:36:26,SUCCESS
DEL00055,D063,Warehouse-North,Zone-25,54.31,2026-03-08 10:56:38,2026-03-08 11:43:25,FAILED
DEL00056,D069,Warehouse-South,Zone-05,20.67,2026-02-26 17:02:49,2026-02-26 17:11:41,FAILED
DEL00057,D085,Hub-West,Zone-06,24.66,2026-01-01 06:58:35,2026-01-01 07:24:53,SUCCESS
DEL00058,D034,Hub-West,Zone-14,37.5,2026-01-11 11:08:17,2026-01-11 11:55:12,SUCCESS
DEL00059,D028,Hub-West,Zone-25,14.97,2026-03-30 09:03:02,2026-03-30 09:10:24,FAILED
DEL00060,D094,Warehouse-South,Zone-23,95.07,2026-02-11 23:00:58,2026-02-11 23:36:25,FAILED
DEL00061,D040,Warehouse-East,Zone-15,14.07,2025-12-17 11:26:19,2025-12-17 11:38:28,SUCCESS
DEL00062,D067,Warehouse-North,Zone-08,38.8,2025-12-27 16:04:40,2025-12-27 16:46:55,SUCCESS
DEL00063,D029,Warehouse-East,Zone-01,15.25,2025-10-13 10:22:56,2025-10-13 10:35:35,SUCCESS
DEL00064,D076,Warehouse-South,Zone-19,48.27,2026-01-16 13:27:41,2026-01-16 14:04:58,SUCCESS
DEL00065,D029,Warehouse-North,Zone-23,27.26,2025-10-02 09:30:42,2025-10-02 09:56:43,SUCCESS
DEL00066,D081,Warehouse-South,Zone-03,37.01,2025-10-12 10:22:17,2025-10-12 10:59:01,SUCCESS
DEL00067,D005,Warehouse-East,Zone-03,39.02,2026-03-16 22:11:28,2026-03-16 22:30:48,FAILED
DEL00068,D066,Warehouse-East,Zone-22,31.73,2025-11-16 05:10:55,2025-11-16 05:32:48,SUCCESS
DEL00069,D063,Hub-West,Zone-05,58.18,2025-11-11 14:24:57,2025-11-11 15:17:14,SUCCESS
DEL00070,D093,Hub-West,Zone-19,79.44,2026-03-21 08:12:11,2026-03-21 09:11:51,SUCCESS
DEL00071,D061,Hub-Central,Zone-26,37.63,2025-11-17 04:26:57,2025-11-17 04:53:03,SUCCESS
DEL00072,D053,Warehouse-North,Zone-04,29.28,2025-11-06 23:22:28,2025-11-06 23:55:06,SUCCESS
DEL00073,D085,Warehouse-East,Zone-14,49.65,2025-12-23 16:50:38,2025-12-23 17:27:06,SUCCESS
DEL00074,D053,Warehouse-North,Zone-22,18.16,2025-12-30 16:29:33,2025-12-30 16:41:14,FAILED
DEL00075,D084,Warehouse-North,Zone-02,34.81,2026-02-03 11:24:57,2026-02-03 12:03:18,SUCCESS
DEL00076,D052,Warehouse-East,Zone-26,35.9,2026-02-19 09:43:16,2026-02-19 10:03:06,FAILED
DEL00077,D014,Warehouse-South,Zone-07,12.54,2025-11-18 06:49:21,2025-11-18 07:01:10,SUCCESS
DEL00078,D069,Warehouse-South,Zone-14,25.24,2025-12-27 02:41:26,2025-12-27 02:48:13,FAILED
DEL00079,D024,Hub-Central,Zone-08,41.15,2025-11-24 02:06:52,2025-11-24 02:43:47,SUCCESS
DEL00080,D010,Hub-West,Zone-04,45.72,2025-12-26 01:08:20,2025-12-26 01:46:17,SUCCESS
DEL00081,D007,Hub-West,Zone-27,15.14,2026-02-04 15:12:55,2026-02-04 15:30:25,SUCCESS
DEL00082,D002,Warehouse-South,Zone-06,29.15,2025-10-19 02:38:09,2025-10-19 03:00:05,SUCCESS
DEL00083,D053,Hub-Central,Zone-07,32.84,2026-01-03 07:15:06,2026-01-03 07:43:15,SUCCESS
DEL00084,D052,Warehouse-North,Zone-06,15.07,2026-03-25 05:41:18,2026-03-25 05:56:18,SUCCESS
DEL00085,D049,Hub-Central,Zone-09,13.09,2025-10-01 10:02:41,2025-10-01 10:17:57,SUCCESS
DEL00086,D059,Hub-Central,Zone-23,14.61,2025-11-25 09:21:27,2025-11-25 09:35:48,FAILED
DEL00087,D094,Hub-West,Zone-22,62.19,2026-03-02 02:43:45,2026-03-02 04:19:29,SUCCESS
DEL00088,D092,Warehouse-South,Zone-07,28.9,2026-01-03 12:03:11,2026-01-03 12:30:24,SUCCESS
DEL00089,D038,Warehouse-North,Zone-19,13.94,2025-11-12 06:33:34,2025-11-12 06:44:42,SUCCESS
DEL00090,D095,Warehouse-North,Zone-24,30.19,2026-01-14 06:48:46,2026-01-14 07:10:38,FAILED
DEL00091,D041,Warehouse-North,Zone-19,21.57,2025-10-12 02:24:34,2025-10-12 02:44:54,SUCCESS
DEL00092,D062,Hub-West,Zone-06,21.48,2026-01-06 15:27:09,2026-01-06 15:44:35,SUCCESS
DEL00093,D008,Warehouse-North,Zone-28,22.53,2026-01-07 14:39:08,2026-01-07 15:00:33,SUCCESS
DEL00094,D024,Hub-West,Zone-03,8.86,2025-10-14 07:19:57,2025-10-14 07:26:27,SUCCESS
DEL00095,D087,Warehouse-South,Zone-13,35.86,2026-03-17 08:22:06,2026-03-17 08:55:00,SUCCESS
DEL00096,D016,Hub-West,Zone-08,41.77,2026-03-22 21:02:22,2026-03-22 21:37:09,SUCCESS
DEL00097,D075,Warehouse-North,Zone-20,11.82,2026-01-24 10:39:36,2026-01-24 10:50:35,SUCCESS
DEL00098,D011,Hub-West,Zone-19,11.57,2025-12-21 09:43:46,2025-12-21 09:55:56,SUCCESS
DEL00099,D067,Warehouse-East,Zone-07,52.6,2025-12-01 10:23:25,2025-12-01 11:27:41,SUCCESS
DEL00100,D086,Warehouse-East,Zone-08,44.77,2026-02-17 01:41:44,2026-02-17 02:05:58,FAILED
DEL00101,D034,Warehouse-South,Zone-22,8.93,2025-12-16 20:29:44,2025-12-16 20:41:15,SUCCESS
DEL00102,D083,Hub-Central,Zone-11,59.76,2025-11-28 06:05:15,2025-11-28 06:23:10,FAILED
DEL00103,D097,Warehouse-North,Zone-15,53.0,2025-10-15 02:04:31,2025-10-15 02:45:32,SUCCESS
DEL00104,D080,Warehouse-North,Zone-03,25.76,2026-01-18 07:44:25,2026-01-18 08:05:54,SUCCESS
DEL00105,D069,Hub-West,Zone-09,32.94,2025-11-11 09:22:15,2025-11-11 09:39:32,FAILED
DEL00106,D017,Warehouse-North,Zone-29,11.85,2025-12-07 18:29:56,2025-12-07 18:41:23,SUCCESS
DEL00107,D032,Warehouse-East,Zone-06,15.38,2025-12-11 18:07:15,2025-12-11 18:23:22,SUCCESS
DEL00108,D057,Hub-West,Zone-23,6.6,2026-03-11 21:31:59,2026-03-11 21:36:41,FAILED
DEL00109,D039,Hub-West,Zone-01,39.82,2026-01-27 18:37:29,2026-01-27 19:12:51,SUCCESS
DEL00110,D086,Hub-West,Zone-10,6.19,2026-03-08 15:58:52,2026-03-08 16:03:22,FAILED
DEL00111,D085,Warehouse-South,Zone-09,47.59,2025-10-21 02:44:53,2025-10-21 03:17:09,SUCCESS
DEL00112,D015,Warehouse-North,Zone-24,9.51,2026-03-22 18:21:42,2026-03-22 18:35:54,SUCCESS
DEL00113,D071,Warehouse-East,Zone-10,35.67,2025-10-31 04:26:23,2025-10-31 05:06:31,SUCCESS
DEL00114,D078,Warehouse-East,Zone-07,10.74,2025-11-10 21:36:19,2025-11-10 21:41:21,FAILED
DEL00115,D088,Warehouse-East,Zone-17,17.4,2026-02-01 03:45:47,2026-02-01 04:05:03,SUCCESS
DEL00116,D063,Warehouse-North,Zone-03,22.67,2025-11-18 18:18:35,2025-11-18 18:42:35,FAILED
DEL00117,D082,Warehouse-East,Zone-02,37.59,2025-12-22 06:00:22,2025-12-22 06:39:21,SUCCESS
DEL00118,D001,Warehouse-South,Zone-21,39.3,2025-12-04 18:29:10,2025-12-04 18:59:44,SUCCESS
DEL00119,D034,Hub-Central,Zone-18,43.72,2025-11-01 09:01:35,2025-11-01 09:54:37,SUCCESS
DEL00120,D091,Hub-West,Zone-01,,2025-12-23 01:09:55,2025-12-23 02:14:15,SUCCESS
DEL00121,D015,Warehouse-South,Zone-18,28.28,2025-10-15 14:39:42,2025-10-15 15:00:17,SUCCESS
DEL00122,D005,Warehouse-East,Zone-19,44.43,2026-03-12 01:29:40,2026-03-12 02:21:05,SUCCESS
DEL00123,D071,Hub-Central,Zone-05,21.92,2025-10-29 18:10:01,2025-10-29 18:26:20,SUCCESS
DEL00124,D006,Warehouse-East,Zone-29,63.44,2025-11-29 20:35:16,2025-11-29 21:31:46,SUCCESS
DEL00125,D006,Warehouse-East,Zone-07,26.63,2026-03-24 13:17:32,2026-03-24 13:53:53,SUCCESS
DEL00126,D088,Warehouse-North,Zone-12,35.4,2025-11-18 10:53:34,2025-11-18 11:22:46,SUCCESS
DEL00127,D100,Hub-Central,Zone-20,7.71,2026-01-17 17:14:46,2026-01-17 17:26:01,SUCCESS
DEL00128,D096,Warehouse-South,Zone-28,39.31,2025-10-31 00:16:14,2025-10-31 00:48:24,SUCCESS
DEL00129,D021,Warehouse-South,Zone-29,44.64,2026-03-05 07:44:37,2026-03-05 08:33:20,SUCCESS
DEL00130,D053,Warehouse-South,Zone-24,35.24,2025-10-05 19:30:46,2025-10-05 20:06:12,SUCCESS
DEL00131,D043,Hub-Central,Zone-26,6.89,2026-03-01 22:11:07,2026-03-01 22:18:43,SUCCESS
DEL00132,D086,Warehouse-South,Zone-09,17.48,2026-03-17 18:49:48,2026-03-17 19:06:21,SUCCESS
DEL00133,D021,Warehouse-North,Zone-13,7.41,2026-03-02 21:25:52,2026-03-02 21:33:33,SUCCESS
DEL00134,D005,Hub-Central,Zone-08,40.22,2026-03-16 17:20:04,2026-03-16 18:06:55,SUCCESS
DEL00135,D026,Hub-Central,Zone-12,30.47,2026-03-08 13:34:09,2026-03-08 13:45:23,FAILED
DEL00136,D040,Warehouse-South,Zone-08,23.0,2026-03-09 07:58:36,2026-03-09 08:22:18,SUCCESS
DEL00137,D004,Warehouse-South,Zone-13,7.23,2026-02-06 03:58:39,2026-02-06 04:02:09,FAILED
DEL00138,D043,Warehouse-North,Zone-25,7.74,2025-11-24 02:23:03,2025-11-24 02:31:01,SUCCESS
DEL00139,D036,Hub-West,Zone-13,28.98,2025-12-08 04:27:34,2025-12-08 04:51:52,SUCCESS
DEL00140,D087,Hub-West,Zone-11,7.0,2026-03-13 19:44:45,2026-03-13 19:47:32,FAILED
DEL00141,D004,Warehouse-East,Zone-06,39.68,2025-10-23 09:31:53,2025-10-23 09:54:25,FAILED
DEL00142,D075,Warehouse-North,Zone-04,45.15,2025-11-21 13:09:46,2025-11-21 13:41:10,SUCCESS
DEL00143,D077,Warehouse-East,Zone-24,46.11,2025-12-24 09:12:50,2025-12-24 10:06:10,SUCCESS
DEL00144,D041,Hub-West,Zone-17,24.66,2025-12-24 17:44:34,2025-12-24 18:05:09,SUCCESS
DEL00145,D015,Hub-West,Zone-07,22.52,2025-12-14 19:08:26,2025-12-14 19:25:38,SUCCESS
DEL00146,D033,Hub-Central,Zone-01,24.66,2025-10-09 14:51:22,2025-10-09 15:18:44,SUCCESS
DEL00147,D067,Hub-West,Zone-22,,2026-03-29 17:29:34,2026-03-29 17:41:27,SUCCESS
DEL00148,D093,Warehouse-South,Zone-12,86.51,2026-02-22 01:44:16,2026-02-22 02:41:12,SUCCESS
DEL00149,D056,Warehouse-East,Zone-20,31.15,2025-10-14 14:06:05,2025-10-14 14:42:42,SUCCESS
DEL00150,D041,Warehouse-North,Zone-24,5.55,2026-02-06 19:36:34,2026-02-06 19:41:47,SUCCESS
DEL00151,D039,Warehouse-East,Zone-22,13.63,2026-01-07 11:21:43,2026-01-07 11:37:35,SUCCESS
DEL00152,D053,Hub-Central,Zone-23,20.54,2025-12-03 08:07:21,2025-12-03 08:33:53,SUCCESS
DEL00153,D038,Warehouse-South,Zone-07,40.08,2026-01-16 15:44:57,2026-01-16 16:36:44,SUCCESS
DEL00154,D054,Hub-Central,Zone-22,30.96,2026-02-07 02:47:44,2026-02-07 03:09:41,FAILED
DEL00155,D096,Warehouse-South,Zone-20,17.69,2026-03-25 07:22:43,2026-03-25 07:39:26,SUCCESS
DEL00156,D073,Hub-Central,Zone-18,20.13,2025-11-28 10:31:41,2025-11-28 10:38:53,FAILED
DEL00157,D001,Warehouse-East,Zone-07,31.4,2025-11-29 00:09:35,2025-11-29 00:25:37,FAILED
DEL00158,D056,Hub-West,Zone-20,11.81,2026-03-02 13:54:05,2026-03-02 14:04:24,SUCCESS
DEL00159,D084,Hub-Central,Zone-15,49.2,2025-12-02 13:47:24,2025-12-02 14:36:32,SUCCESS
DEL00160,D057,Warehouse-South,Zone-17,15.84,2026-02-09 04:39:04,2026-02-09 04:57:43,SUCCESS
DEL00161,D061,Warehouse-South,Zone-22,31.7,2026-03-04 03:04:30,2026-03-04 03:49:20,SUCCESS
DEL00162,D011,Hub-West,Zone-22,25.74,2025-11-25 02:32:25,2025-11-25 02:52:06,SUCCESS
DEL00163,D082,Warehouse-East,Zone-03,44.14,2026-01-29 05:57:52,2026-01-29 06:28:05,SUCCESS
DEL00164,D097,Warehouse-East,Zone-08,13.64,2025-11-15 14:34:01,2025-11-15 14:48:12,SUCCESS
DEL00165,D026,Warehouse-North,Zone-02,22.09,2025-10-29 14:43:09,2025-10-29 14:56:29,FAILED
DEL00166,D032,Hub-West,Zone-28,35.41,2026-01-01 06:17:45,2026-01-01 06:51:17,SUCCESS
DEL00167,D099,Hub-Central,Zone-14,17.23,2025-10-15 03:24:14,2025-10-15 03:33:18,FAILED
DEL00168,D081,Warehouse-South,Zone-23,23.4,2026-01-20 18:49:15,2026-01-20 19:10:52,SUCCESS
DEL00169,D090,Hub-Central,Zone-13,31.45,2025-12-14 13:28:09,2025-12-14 14:03:15,SUCCESS
DEL00170,D032,Warehouse-North,Zone-29,15.91,2025-10-29 15:43:56,2025-10-29 16:07:11,SUCCESS
DEL00171,D097,Warehouse-North,Zone-25,53.93,2026-03-17 01:56:37,2026-03-17 02:27:29,FAILED
DEL00172,D055,Warehouse-South,Zone-26,21.21,2025-11-12 11:52:25,2025-11-12 12:14:59,SUCCESS
DEL00173,D090,Hub-Central,Zone-02,75.43,2026-01-09 13:51:29,2026-01-09 14:52:51,SUCCESS
DEL00174,D072,Warehouse-North,Zone-15,21.78,2025-11-18 09:20:53,2025-11-18 09:32:09,FAILED
DEL00175,D018,Hub-Central,Zone-22,57.03,2026-03-05 14:52:19,2026-03-05 15:44:42,SUCCESS
DEL00176,D068,Hub-West,Zone-11,12.6,2026-01-17 12:46:50,2026-01-17 12:59:32,SUCCESS
DEL00177,D097,Hub-Central,Zone-20,34.32,2026-03-23 02:20:45,2026-03-23 02:46:30,SUCCESS
DEL00178,D093,Hub-West,Zone-14,67.91,2026-03-23 05:06:57,2026-03-23 05:57:17,SUCCESS
DEL00179,D071,Warehouse-South,Zone-24,31.16,2025-12-26 14:06:28,2025-12-26 14:28:41,SUCCESS
DEL00180,D061,Warehouse-East,Zone-25,24.34,2025-12-27 09:28:37,2025-12-27 09:48:15,SUCCESS
DEL00181,D032,Warehouse-East,Zone-25,27.56,2026-03-13 02:02:41,2026-03-13 02:12:26,FAILED
DEL00182,D100,Hub-Central,Zone-21,33.75,2026-01-10 05:25:59,2026-01-10 06:16:35,SUCCESS
DEL00183,D031,Hub-Central,Zone-03,30.94,2025-11-23 07:43:00,2025-11-23 07:56:12,FAILED
DEL00184,D092,Warehouse-South,Zone-09,33.48,2025-11-25 11:35:22,2025-11-25 12:05:45,SUCCESS
DEL00185,D043,Hub-West,Zone-03,19.94,2025-12-02 01:57:16,2025-12-02 02:22:32,SUCCESS
DEL00186,D018,Warehouse-South,Zone-13,28.54,2025-10-30 06:55:18,2025-10-30 07:35:47,SUCCESS
DEL00187,D089,Warehouse-South,Zone-03,23.55,2025-10-30 16:07:26,2025-10-30 16:34:12,SUCCESS
DEL00188,D054,Warehouse-East,Zone-18,41.97,2025-12-19 03:33:02,2025-12-19 04:16:50,SUCCESS
DEL00189,D060,Warehouse-North,Zone-07,29.41,2025-12-20 17:38:54,2025-12-20 18:12:38,SUCCESS
DEL00190,D054,Hub-West,Zone-23,48.81,2025-12-15 15:05:36,2025-12-15 15:48:34,SUCCESS
DEL00191,D003,Hub-West,Zone-13,20.37,2026-03-16 08:39:38,2026-03-16 08:56:14,SUCCESS
DEL00192,D062,Warehouse-East,Zone-10,15.84,2025-10-02 03:28:39,2025-10-02 03:47:35,SUCCESS
DEL00193,D097,Hub-Central,Zone-18,57.93,2025-12-15 17:28:10,2025-12-15 18:03:26,FAILED
DEL00194,D096,Hub-West,Zone-26,35.21,2026-02-20 15:38:34,2026-02-20 16:02:10,FAILED
DEL00195,D078,Warehouse-South,Zone-16,14.29,2026-03-24 08:06:14,2026-03-24 08:23:22,SUCCESS
DEL00196,D029,Hub-Central,Zone-16,27.81,2025-11-22 23:58:14,2025-11-23 00:17:40,SUCCESS
DEL00197,D004,Warehouse-East,Zone-22,32.39,2025-12-15 12:12:21,2025-12-15 12:27:16,FAILED
DEL00198,D087,Hub-Central,Zone-24,32.5,2026-03-04 23:36:46,2026-03-05 00:20:57,SUCCESS
DEL00199,D022,Hub-Central,Zone-30,30.63,2026-03-13 05:02:25,2026-03-13 05:24:14,SUCCESS
DEL00200,D017,Hub-West,Zone-01,19.19,2026-01-29 19:55:39,2026-01-29 20:11:55,SUCCESS
DEL00201,D051,Hub-West,Zone-22,9.2,2026-01-23 22:25:12,2026-01-23 22:31:10,SUCCESS
DEL00202,D004,Hub-Central,Zone-05,39.73,2025-10-17 07:13:24,2025-10-17 07:46:51,SUCCESS
DEL00203,D060,Warehouse-North,Zone-09,23.43,2025-11-05 06:55:07,2025-11-05 07:05:54,FAILED
DEL00204,D049,Warehouse-South,Zone-15,11.11,2025-12-03 13:34:26,2025-12-03 13:46:04,SUCCESS
DEL00205,D042,Hub-Central,Zone-09,26.52,2025-12-05 12:51:59,2025-12-05 13:06:31,FAILED
DEL00206,D097,Hub-Central,Zone-09,17.88,2026-03-11 13:02:53,2026-03-11 13:19:23,SUCCESS
DEL00207,D011,Warehouse-North,Zone-24,29.05,2025-12-31 07:47:19,2025-12-31 08:29:07,SUCCESS
DEL00208,D070,Warehouse-East,Zone-08,20.64,2025-10-11 02:44:11,2025-10-11 03:00:38,SUCCESS
DEL00209,D084,Warehouse-North,Zone-25,41.75,2025-10-14 07:47:05,2025-10-14 08:29:20,SUCCESS
DEL00210,D004,Warehouse-South,Zone-27,17.14,2025-11-18 00:25:25,2025-11-18 00:37:13,SUCCESS
DEL00211,D003,Warehouse-South,Zone-08,27.61,2026-01-29 15:38:02,2026-01-29 16:16:05,SUCCESS
DEL00212,D017,Warehouse-North,Zone-19,7.1,2025-12-31 22:57:16,2025-12-31 23:02:26,SUCCESS
DEL00213,D028,Warehouse-East,Zone-25,52.43,2025-12-30 07:12:55,2025-12-30 08:28:29,SUCCESS
DEL00214,D048,Hub-West,Zone-20,6.32,2025-11-02 13:57:14,2025-11-02 14:02:10,SUCCESS
DEL00215,D096,Warehouse-North,Zone-25,35.63,2026-02-17 11:47:14,2026-02-17 12:12:16,SUCCESS
DEL00216,D021,Warehouse-North,Zone-19,43.06,2025-11-30 09:32:47,2025-11-30 10:09:17,SUCCESS
DEL00217,D004,Warehouse-East,Zone-19,44.19,2026-03-30 08:55:40,2026-03-30 09:40:23,SUCCESS
DEL00218,D087,Hub-Central,Zone-13,8.86,2026-03-26 07:42:30,2026-03-26 07:48:59,SUCCESS
DEL00219,D092,Warehouse-North,Zone-19,8.17,2025-11-08 12:17:01,2025-11-08 12:24:18,SUCCESS
DEL00220,D089,Warehouse-South,Zone-04,21.32,2026-03-11 06:44:39,2026-03-11 06:58:04,FAILED
DEL00221,D090,Warehouse-East,Zone-28,86.27,2026-02-28 00:01:18,2026-02-28 01:28:55,SUCCESS
DEL00222,D088,Warehouse-North,Zone-26,34.94,2026-01-25 14:07:15,2026-01-25 14:20:43,FAILED
DEL00223,D073,Warehouse-North,Zone-12,28.31,2026-03-01 23:20:42,2026-03-01 23:53:14,SUCCESS
DEL00224,D069,Warehouse-East,Zone-03,9.45,2025-12-23 04:23:10,2025-12-23 04:36:50,SUCCESS
DEL00225,D065,Warehouse-East,Zone-01,31.13,2026-02-03 17:46:13,2026-02-03 18:11:52,SUCCESS
DEL00226,D054,Hub-Central,Zone-04,12.7,2026-03-09 16:20:23,2026-03-09 16:28:55,SUCCESS
DEL00227,D056,Hub-Central,Zone-23,34.79,2025-12-10 07:55:06,2025-12-10 08:21:42,FAILED
DEL00228,D020,Warehouse-South,Zone-24,23.51,2025-12-24 13:31:01,2025-12-24 14:02:09,SUCCESS
DEL00229,D067,Warehouse-East,Zone-20,28.87,2026-02-04 07:21:04,2026-02-04 07:45:37,SUCCESS
DEL00230,D069,Hub-Central,Zone-15,8.45,2026-02-28 10:05:26,2026-02-28 10:15:54,SUCCESS
DEL00231,D056,Hub-West,Zone-09,32.44,2026-03-10 08:12:07,2026-03-10 08:33:43,SUCCESS
DEL00232,D042,Warehouse-South,Zone-27,24.67,2026-03-15 09:16:15,2026-03-15 09:43:22,SUCCESS
DEL00233,D012,Hub-Central,Zone-08,81.35,2025-11-24 03:53:59,2025-11-24 05:37:11,SUCCESS
DEL00234,D097,Hub-West,Zone-20,23.17,2025-12-30 05:41:54,2025-12-30 06:03:28,SUCCESS
DEL00235,D086,Warehouse-East,Zone-01,27.28,2025-12-13 14:13:05,2025-12-13 14:32:45,SUCCESS
DEL00236,D064,Warehouse-East,Zone-06,21.19,2026-03-15 05:43:39,2026-03-15 06:02:22,SUCCESS
DEL00237,D063,Warehouse-East,Zone-26,29.23,2025-11-11 04:33:00,2025-11-11 05:17:04,SUCCESS
DEL00238,D034,Warehouse-East,Zone-29,46.61,2025-12-06 02:05:38,2025-12-06 02:54:48,SUCCESS
DEL00239,D077,Warehouse-East,Zone-18,24.77,2026-02-14 03:45:11,2026-02-14 04:16:08,SUCCESS
DEL00240,D002,Warehouse-South,Zone-03,60.32,2026-01-09 07:39:26,2026-01-09 08:25:22,SUCCESS
DEL00241,D031,Hub-Central,Zone-16,46.61,2026-02-17 19:47:28,2026-02-17 20:17:30,SUCCESS
DEL00242,D072,Warehouse-South,Zone-23,44.43,2026-02-25 05:18:12,2026-02-25 05:54:17,FAILED
DEL00243,D061,Hub-Central,Zone-15,49.15,2026-02-03 10:07:32,2026-02-03 11:16:45,SUCCESS
DEL00244,D003,Warehouse-East,Zone-08,40.73,2025-10-19 01:39:36,2025-10-19 02:19:11,SUCCESS
DEL00245,D052,Warehouse-South,Zone-10,18.01,2026-02-12 07:57:42,2026-02-12 08:23:37,SUCCESS
DEL00246,D085,Warehouse-East,Zone-16,15.9,2026-01-21 22:14:43,2026-01-21 22:32:51,SUCCESS
DEL00247,D071,Warehouse-East,Zone-14,17.79,2026-01-12 02:16:31,2026-01-12 02:35:30,SUCCESS
DEL00248,D096,Warehouse-East,Zone-12,55.81,2026-01-15 20:59:46,2026-01-15 21:44:53,SUCCESS
DEL00249,D090,Warehouse-East,Zone-10,44.36,2025-12-28 02:36:22,2025-12-28 03:32:41,SUCCESS
DEL00250,D033,Warehouse-North,Zone-24,30.77,2025-11-14 18:23:06,2025-11-14 18:47:39,FAILED
DEL00251,D025,Warehouse-North,Zone-24,47.63,2025-12-01 06:33:36,2025-12-01 07:21:29,SUCCESS
DEL00252,D069,Warehouse-South,Zone-07,18.16,2026-02-26 00:03:39,2026-02-26 00:22:16,SUCCESS
DEL00253,D028,Hub-Central,Zone-09,7.08,2026-02-21 10:08:49,2026-02-21 10:11:24,FAILED
DEL00254,D093,Hub-West,Zone-20,6.93,2026-01-23 11:40:26,2026-01-23 11:47:07,SUCCESS
DEL00255,D037,Warehouse-South,Zone-10,79.59,2025-10-20 12:29:08,2025-10-20 13:26:22,SUCCESS
DEL00256,D030,Warehouse-South,Zone-10,40.72,2025-12-10 01:49:39,2025-12-10 02:24:13,SUCCESS
DEL00257,D002,Hub-West,Zone-05,63.08,2026-02-15 11:36:19,2026-02-15 12:21:14,SUCCESS
DEL00258,D036,Warehouse-North,Zone-18,18.55,2025-10-09 20:07:06,2025-10-09 20:24:50,SUCCESS
DEL00259,D038,Warehouse-South,Zone-21,45.49,2026-02-13 10:12:02,2026-02-13 10:43:10,FAILED
DEL00260,D097,Warehouse-North,Zone-28,5.06,2026-01-04 07:39:37,2026-01-04 07:44:58,SUCCESS
DEL00261,D002,Warehouse-East,Zone-16,6.9,2026-01-20 11:19:59,2026-01-20 11:25:55,SUCCESS
DEL00262,D062,Warehouse-East,Zone-06,11.68,2025-12-25 12:44:00,2025-12-25 12:51:57,SUCCESS
DEL00263,D007,Hub-Central,Zone-04,52.39,2025-11-19 00:38:04,2025-11-19 01:22:50,SUCCESS
DEL00264,D009,Hub-Central,Zone-03,60.18,2025-12-17 19:25:55,2025-12-17 20:40:03,SUCCESS
DEL00265,D074,Warehouse-North,Zone-05,52.59,2026-01-31 05:25:46,2026-01-31 06:11:28,SUCCESS
DEL00266,D020,Hub-West,Zone-10,36.06,2026-03-07 12:11:45,2026-03-07 13:01:31,SUCCESS
DEL00267,D011,Warehouse-North,Zone-18,14.37,2025-11-18 04:39:13,2025-11-18 04:49:49,SUCCESS
DEL00268,D098,Hub-West,Zone-20,57.04,2025-12-20 19:30:41,2025-12-20 20:24:24,SUCCESS
DEL00269,D080,Hub-West,Zone-13,28.86,2025-11-13 19:46:41,2025-11-13 20:12:29,FAILED
DEL00270,D058,Hub-Central,Zone-10,41.18,2026-03-26 09:56:14,2026-03-26 10:43:24,SUCCESS
DEL00271,D076,Warehouse-East,Zone-19,36.5,2025-12-23 06:29:30,2025-12-23 07:06:17,SUCCESS
DEL00272,D080,Hub-West,Zone-24,20.76,2025-10-12 16:41:36,2025-10-12 16:49:48,FAILED
DEL00273,D013,Warehouse-South,Zone-21,38.3,2026-02-26 02:36:45,2026-02-26 03:01:15,FAILED
DEL00274,D028,Warehouse-North,Zone-06,54.23,2025-11-21 09:20:25,2025-11-21 10:15:19,SUCCESS
DEL00275,D031,Hub-West,Zone-03,82.48,2025-11-03 18:01:47,2025-11-03 18:31:59,FAILED
DEL00276,D021,Hub-Central,Zone-15,27.12,2025-10-01 12:28:11,2025-10-01 12:53:20,SUCCESS
DEL00277,D089,Hub-Central,Zone-10,38.78,2026-01-24 07:21:38,2026-01-24 07:51:10,SUCCESS
DEL00278,D005,Warehouse-East,Zone-23,45.01,2025-11-14 22:45:26,2025-11-14 23:20:17,SUCCESS
DEL00279,D037,Hub-Central,Zone-03,42.11,2026-02-14 12:09:34,2026-02-14 12:42:37,SUCCESS
DEL00280,D088,Warehouse-East,Zone-26,20.61,2025-11-15 07:50:01,2025-11-15 08:06:26,SUCCESS
DEL00281,D081,Warehouse-South,Zone-14,12.47,2026-01-23 12:37:07,2026-01-23 12:46:54,SUCCESS
DEL00282,D015,Warehouse-South,Zone-21,7.14,2026-01-14 17:50:40,2026-01-14 17:58:04,SUCCESS
DEL00283,D020,Warehouse-East,Zone-27,24.32,2026-03-26 09:30:15,2026-03-26 09:58:27,SUCCESS
DEL00284,D019,Warehouse-North,Zone-06,17.84,2025-10-14 20:47:38,2025-10-14 21:02:59,SUCCESS
DEL00285,D040,Hub-West,Zone-30,37.91,2026-01-24 13:06:22,2026-01-24 13:36:01,SUCCESS
DEL00286,D037,Warehouse-North,Zone-15,5.19,2025-12-25 06:36:12,2025-12-25 06:41:40,SUCCESS
DEL00287,D089,Hub-Central,Zone-09,25.37,2025-11-29 01:10:03,2025-11-29 01:38:42,SUCCESS
DEL00288,D065,Hub-Central,Zone-15,31.48,2026-01-13 20:29:47,2026-01-13 21:05:58,SUCCESS
DEL00289,D011,Warehouse-North,Zone-29,5.61,2026-01-25 03:03:10,2026-01-25 03:08:10,SUCCESS
DEL00290,D056,Warehouse-East,Zone-20,35.11,2026-02-20 15:10:34,2026-02-20 15:38:18,SUCCESS
DEL00291,D033,Warehouse-North,Zone-08,23.44,2025-10-06 00:32:20,2025-10-06 00:48:03,FAILED
DEL00292,D087,Hub-West,Zone-19,34.4,2026-03-12 07:50:58,2026-03-12 08:29:12,SUCCESS
DEL00293,D003,Warehouse-East,Zone-19,40.87,2026-02-26 12:02:30,2026-02-26 12:54:11,SUCCESS
DEL00294,D006,Warehouse-South,Zone-16,15.39,2026-02-26 04:20:44,2026-02-26 04:33:56,SUCCESS
DEL00295,D067,Hub-Central,Zone-30,17.77,2026-02-04 12:15:15,2026-02-04 12:29:45,SUCCESS
DEL00296,D036,Hub-West,Zone-14,25.35,2025-11-05 05:48:02,2025-11-05 05:57:44,FAILED
DEL00297,D082,Hub-Central,Zone-03,5.73,2026-03-08 02:39:23,2026-03-08 02:41:11,FAILED
DEL00298,D061,Hub-Central,Zone-11,44.93,2025-12-07 13:36:57,2025-12-07 14:18:44,SUCCESS
DEL00299,D042,Warehouse-North,Zone-28,8.55,2026-02-08 03:02:54,2026-02-08 03:09:29,SUCCESS
DEL00300,D021,Hub-Central,Zone-23,27.11,2025-12-04 00:59:47,2025-12-04 01:19:00,SUCCESS
DEL00301,D064,Hub-Central,Zone-27,29.72,2025-11-25 23:11:32,2025-11-25 23:34:52,SUCCESS
DEL00302,D098,Warehouse-North,Zone-15,32.03,2026-01-15 19:38:09,2026-01-15 20:12:30,SUCCESS
DEL00303,D012,Warehouse-East,Zone-11,26.12,2025-12-01 01:45:22,2025-12-01 02:14:27,SUCCESS
DEL00304,D015,Hub-Central,Zone-28,23.3,2026-02-28 00:20:03,2026-02-28 00:43:25,SUCCESS
DEL00305,D066,Warehouse-North,Zone-22,10.25,2026-03-10 04:26:21,2026-03-10 04:36:07,SUCCESS
DEL00306,D070,Hub-Central,Zone-02,,2025-12-29 16:57:56,2025-12-29 17:16:06,SUCCESS
DEL00307,D025,Warehouse-East,Zone-20,43.25,2026-01-09 16:06:09,2026-01-09 16:58:02,SUCCESS
DEL00308,D097,Hub-Central,Zone-25,5.91,2026-01-05 19:08:46,2026-01-05 19:14:06,SUCCESS
DEL00309,D007,Warehouse-East,Zone-18,64.23,2025-11-09 12:39:00,2025-11-09 13:33:54,FAILED
DEL00310,D017,Warehouse-East,Zone-15,13.95,2026-03-30 03:16:06,2026-03-30 03:34:09,SUCCESS
DEL00311,D090,Warehouse-North,Zone-01,84.31,2026-01-03 02:55:14,2026-01-03 04:17:58,SUCCESS
DEL00312,D081,Warehouse-South,Zone-23,54.15,2026-01-27 05:32:51,2026-01-27 06:34:37,SUCCESS
DEL00313,D021,Hub-West,Zone-01,19.22,2025-11-30 08:12:02,2025-11-30 08:33:44,SUCCESS
DEL00314,D071,Warehouse-North,Zone-08,25.78,2025-12-19 05:22:27,2025-12-19 05:50:25,SUCCESS
DEL00315,D015,Warehouse-North,Zone-21,12.15,2025-12-29 14:30:10,2025-12-29 14:38:28,SUCCESS
DEL00316,D020,Warehouse-East,Zone-17,12.33,2026-01-05 18:35:53,2026-01-05 18:49:50,SUCCESS
DEL00317,D091,Hub-Central,Zone-27,63.68,2025-11-23 02:15:08,2025-11-23 03:33:59,SUCCESS
DEL00318,D062,Warehouse-South,Zone-15,13.94,2025-12-31 16:42:13,2025-12-31 16:49:04,FAILED
DEL00319,D071,Hub-Central,Zone-07,30.41,2025-10-29 02:04:49,2025-10-29 02:38:31,SUCCESS
DEL00320,D077,Warehouse-South,Zone-28,14.51,2026-01-07 16:34:27,2026-01-07 16:48:01,SUCCESS
DEL00321,D009,Hub-Central,Zone-11,28.67,2025-11-23 15:24:22,2025-11-23 15:51:56,SUCCESS
DEL00322,D065,Warehouse-North,Zone-10,51.79,2025-11-21 21:06:53,2025-11-21 21:52:29,SUCCESS
DEL00323,D093,Hub-West,Zone-19,28.3,2025-11-27 23:22:15,2025-11-27 23:44:44,SUCCESS
DEL00324,D085,Warehouse-South,Zone-15,17.2,2026-01-04 01:53:21,2026-01-04 02:05:58,FAILED
DEL00325,D069,Warehouse-East,Zone-11,25.6,2026-01-03 01:11:40,2026-01-03 01:30:32,SUCCESS
DEL00326,D071,Hub-West,Zone-13,8.82,2026-02-26 03:14:39,2026-02-26 03:22:31,SUCCESS
DEL00327,D059,Warehouse-South,Zone-23,28.29,2025-12-02 11:35:28,2025-12-02 11:56:10,SUCCESS
DEL00328,D031,Hub-Central,Zone-08,76.69,2026-01-20 00:46:12,2026-01-20 01:38:53,SUCCESS
DEL00329,D100,Warehouse-North,Zone-11,32.14,2025-12-19 18:21:02,2025-12-19 18:46:12,SUCCESS
DEL00330,D096,Hub-Central,Zone-13,14.99,2025-12-31 20:13:44,2025-12-31 20:24:24,SUCCESS
DEL00331,D085,Warehouse-South,Zone-16,17.89,2026-03-03 20:49:19,2026-03-03 21:06:53,SUCCESS
DEL00332,D005,Hub-West,Zone-19,33.69,2025-10-25 12:21:00,2025-10-25 13:03:08,SUCCESS
DEL00333,D043,Warehouse-North,Zone-28,19.24,2026-03-18 21:05:50,2026-03-18 21:23:00,SUCCESS
DEL00334,D057,Hub-West,Zone-30,12.27,2025-10-20 08:41:24,2025-10-20 08:49:31,SUCCESS
DEL00335,D059,Warehouse-South,Zone-14,20.04,2025-10-03 23:31:29,2025-10-03 23:44:22,FAILED
DEL00336,D084,Warehouse-North,Zone-16,25.44,2025-10-30 23:22:31,2025-10-30 23:49:36,SUCCESS
DEL00337,D034,Hub-West,Zone-23,41.99,2025-12-05 17:48:34,2025-12-05 18:15:52,FAILED
DEL00338,D051,Warehouse-North,Zone-28,5.34,2026-02-04 04:27:29,2026-02-04 04:32:57,SUCCESS
DEL00339,D043,Hub-West,Zone-13,23.97,2026-03-15 12:11:54,2026-03-15 12:28:31,SUCCESS
DEL00340,D041,Hub-Central,Zone-28,32.15,2026-01-30 17:05:45,2026-01-30 17:29:41,FAILED
DEL00341,D070,Hub-West,Zone-03,9.4,2025-10-07 23:18:06,2025-10-07 23:22:44,FAILED
DEL00342,D031,Warehouse-East,Zone-08,49.84,2026-01-31 13:25:24,2026-01-31 14:06:49,SUCCESS
DEL00343,D096,Hub-Central,Zone-04,38.66,2025-10-18 13:11:53,2025-10-18 13:50:23,SUCCESS
DEL00344,D098,Warehouse-North,Zone-15,57.33,2026-02-01 01:28:44,2026-02-01 02:41:27,SUCCESS
DEL00345,D022,Warehouse-East,Zone-29,41.3,2026-02-12 18:16:47,2026-02-12 18:50:34,SUCCESS
DEL00346,D004,Warehouse-East,Zone-26,17.22,2025-10-09 22:20:00,2025-10-09 22:37:09,SUCCESS
DEL00347,D008,Warehouse-East,Zone-12,21.43,2025-11-26 23:11:34,2025-11-26 23:34:14,SUCCESS
DEL00348,D056,Warehouse-South,Zone-17,15.26,2025-10-29 06:24:15,2025-10-29 06:37:50,SUCCESS
DEL00349,D053,Warehouse-South,Zone-06,31.34,2026-01-18 21:24:57,2026-01-18 21:47:31,SUCCESS
DEL00350,D023,Hub-West,Zone-28,10.96,2025-10-16 08:01:09,2025-10-16 08:13:01,SUCCESS
DEL00351,D049,Warehouse-South,Zone-16,24.93,2026-01-29 08:03:34,2026-01-29 08:24:21,SUCCESS
DEL00352,D075,Warehouse-South,Zone-15,17.31,2025-10-28 18:58:36,2025-10-28 19:17:36,SUCCESS
DEL00353,D082,Hub-Central,Zone-09,26.59,2025-11-19 07:37:12,2025-11-19 08:00:59,SUCCESS
DEL00354,D086,Hub-Central,Zone-29,32.53,2025-10-02 19:47:42,2025-10-02 20:10:07,SUCCESS
DEL00355,D037,Hub-West,Zone-06,55.5,2026-02-09 13:53:44,2026-02-09 14:45:04,SUCCESS
DEL00356,D010,Warehouse-East,Zone-19,45.88,2025-12-25 18:36:35,2025-12-25 19:38:17,SUCCESS
DEL00357,D039,Hub-Central,Zone-23,34.64,2026-02-02 01:40:12,2026-02-02 02:24:37,SUCCESS
DEL00358,D033,Warehouse-East,Zone-07,5.59,2025-12-28 17:00:33,2025-12-28 17:04:14,FAILED
DEL00359,D050,Hub-Central,Zone-04,27.41,2026-03-15 16:49:53,2026-03-15 17:09:20,SUCCESS
DEL00360,D031,Hub-West,Zone-12,74.35,2025-12-14 01:17:11,2025-12-14 02:25:37,SUCCESS
DEL00361,D074,Warehouse-East,Zone-01,28.93,2025-11-27 10:51:54,2025-11-27 11:32:02,SUCCESS
DEL00362,D085,Warehouse-East,Zone-01,33.91,2025-12-16 20:35:18,2025-12-16 21:00:53,SUCCESS
DEL00363,D073,Warehouse-North,Zone-30,54.28,2026-03-17 23:30:22,2026-03-18 00:10:03,SUCCESS
DEL00364,D078,Hub-Central,Zone-27,5.22,2026-02-22 16:45:14,2026-02-22 16:47:27,FAILED
DEL00365,D037,Warehouse-South,Zone-20,10.06,2026-02-28 15:12:53,2026-02-28 15:27:16,SUCCESS
DEL00366,D046,Warehouse-South,Zone-20,48.86,2025-11-12 12:38:06,2025-11-12 13:29:16,SUCCESS
DEL00367,D033,Warehouse-South,Zone-21,18.03,2026-02-09 14:36:40,2026-02-09 14:50:48,SUCCESS
DEL00368,D013,Warehouse-North,Zone-10,25.68,2026-03-25 10:09:59,2026-03-25 10:30:52,SUCCESS
DEL00369,D057,Hub-West,Zone-12,7.02,2025-10-07 11:29:23,2025-10-07 11:35:18,FAILED
DEL00370,D094,Warehouse-North,Zone-30,27.63,2025-10-26 12:25:24,2025-10-26 12:53:39,SUCCESS
DEL00371,D038,Hub-Central,Zone-06,17.84,2025-12-03 10:37:17,2025-12-03 10:43:56,FAILED
DEL00372,D026,Hub-West,Zone-29,38.96,2025-10-26 15:54:33,2025-10-26 16:06:35,FAILED
DEL00373,D047,Hub-West,Zone-30,26.05,2026-01-12 01:57:04,2026-01-12 02:24:04,SUCCESS
DEL00374,D035,Warehouse-South,Zone-09,66.63,2026-03-11 06:16:58,2026-03-11 07:08:49,SUCCESS
DEL00375,D062,Warehouse-East,Zone-24,21.83,2026-03-06 14:30:31,2026-03-06 14:49:13,SUCCESS
DEL00376,D044,Warehouse-North,Zone-15,37.71,2026-03-06 03:59:43,2026-03-06 04:25:24,SUCCESS
DEL00377,D010,Warehouse-South,Zone-28,43.64,2025-10-28 07:58:30,2025-10-28 08:25:31,FAILED
DEL00378,D087,Hub-Central,Zone-28,19.45,2026-02-18 15:05:40,2026-02-18 15:32:03,SUCCESS
DEL00379,D072,Warehouse-North,Zone-26,19.11,2025-12-11 00:38:07,2025-12-11 00:58:01,SUCCESS
DEL00380,D051,Warehouse-East,Zone-18,22.41,2025-10-03 16:51:56,2025-10-03 17:20:20,SUCCESS
DEL00381,D016,Warehouse-East,Zone-22,24.73,2025-12-28 07:27:23,2025-12-28 07:46:02,SUCCESS
DEL00382,D096,Warehouse-East,Zone-19,7.78,2026-02-08 13:20:06,2026-02-08 13:26:36,SUCCESS
DEL00383,D049,Warehouse-East,Zone-04,56.42,2026-03-09 16:44:32,2026-03-09 17:31:10,SUCCESS
DEL00384,D087,Hub-Central,Zone-01,10.23,2025-11-15 09:41:20,2025-11-15 09:55:13,SUCCESS
DEL00385,D080,Hub-West,Zone-11,24.08,2026-03-21 16:49:58,2026-03-21 17:14:44,SUCCESS
DEL00386,D079,Warehouse-North,Zone-21,13.89,2025-11-12 23:38:45,2025-11-12 23:48:51,SUCCESS
DEL00387,D060,Warehouse-East,Zone-21,48.98,2026-03-26 14:03:12,2026-03-26 14:43:47,SUCCESS
DEL00388,D053,Warehouse-South,Zone-02,12.26,2025-10-23 15:44:57,2025-10-23 15:50:58,FAILED
DEL00389,D005,Hub-Central,Zone-04,49.99,2025-11-29 02:26:30,2025-11-29 03:09:17,SUCCESS
DEL00390,D013,Hub-West,Zone-05,24.67,2025-11-15 14:14:50,2025-11-15 14:39:02,SUCCESS
DEL00391,D050,Warehouse-East,Zone-22,25.48,2025-12-28 02:07:59,2025-12-28 02:30:27,SUCCESS
DEL00392,D096,Hub-West,Zone-14,54.2,2026-02-13 05:51:02,2026-02-13 06:40:29,FAILED
DEL00393,D076,Warehouse-South,Zone-29,34.36,2026-02-22 03:13:27,2026-02-22 04:01:34,SUCCESS
DEL00394,D054,Warehouse-North,Zone-27,27.11,2026-02-05 04:09:26,2026-02-05 04:28:40,SUCCESS
DEL00395,D063,Hub-Central,Zone-09,24.33,2026-01-28 13:08:50,2026-01-28 13:26:13,SUCCESS
DEL00396,D005,Warehouse-East,Zone-07,51.7,2026-02-12 00:56:27,2026-02-12 01:57:52,SUCCESS
DEL00397,D057,Warehouse-South,Zone-28,23.61,2025-12-26 08:25:58,2025-12-26 08:44:00,FAILED
DEL00398,D047,Warehouse-East,Zone-18,25.66,2025-10-20 07:01:33,2025-10-20 07:25:50,SUCCESS
DEL00399,D083,Warehouse-North,Zone-13,51.69,2025-12-09 15:32:28,2025-12-09 16:44:13,SUCCESS
DEL00400,D036,Warehouse-North,Zone-28,40.68,2025-11-06 20:34:19,2025-11-06 21:16:14,FAILED
DEL00401,D059,Warehouse-South,Zone-21,9.71,2025-10-18 19:13:44,2025-10-18 19:21:27,SUCCESS
DEL00402,D082,Warehouse-North,Zone-02,33.72,2026-01-24 22:54:06,2026-01-24 23:41:58,SUCCESS
DEL00403,D043,Warehouse-South,Zone-26,7.44,2025-11-17 07:06:47,2025-11-17 07:13:08,SUCCESS
DEL00404,D073,Warehouse-North,Zone-27,44.73,2025-11-09 20:19:38,2025-11-09 20:41:37,FAILED
DEL00405,D098,Warehouse-South,Zone-19,8.52,2026-01-16 14:47:43,2026-01-16 14:57:23,SUCCESS
DEL00406,D028,Warehouse-South,Zone-11,44.26,2026-03-07 21:06:05,2026-03-07 21:45:35,SUCCESS
DEL00407,D100,Hub-West,Zone-01,49.1,2025-10-29 15:39:08,2025-10-29 15:58:41,FAILED
DEL00408,D036,Warehouse-South,Zone-05,6.29,2026-03-16 16:27:44,2026-03-16 16:31:14,FAILED
DEL00409,D070,Warehouse-South,Zone-04,17.58,2025-11-18 16:07:59,2025-11-18 16:14:09,FAILED
DEL00410,D085,Warehouse-North,Zone-05,36.94,2026-03-18 05:56:23,2026-03-18 06:24:59,FAILED
DEL00411,D002,Warehouse-South,Zone-19,19.83,2025-12-09 13:31:48,2025-12-09 13:54:44,SUCCESS
DEL00412,D042,Warehouse-South,Zone-09,23.47,2025-10-04 01:32:42,2025-10-04 02:04:24,SUCCESS
DEL00413,D007,Hub-Central,Zone-17,12.24,2025-10-25 14:44:15,2025-10-25 14:52:22,SUCCESS
DEL00414,D015,Warehouse-North,Zone-16,6.09,2026-02-22 19:03:07,2026-02-22 19:11:22,SUCCESS
DEL00415,D058,Warehouse-East,Zone-17,6.89,2026-03-01 01:49:19,2026-03-01 01:54:34,FAILED
DEL00416,D076,Hub-Central,Zone-17,33.08,2025-10-22 04:13:42,2025-10-22 04:29:22,FAILED
DEL00417,D029,Warehouse-North,Zone-24,30.51,2026-01-28 10:36:20,2026-01-28 10:58:09,SUCCESS
DEL00418,D085,Warehouse-East,Zone-15,42.96,2026-01-10 06:08:19,2026-01-10 06:53:40,SUCCESS
DEL00419,D083,Warehouse-North,Zone-16,60.05,2025-10-07 01:10:21,2025-10-07 01:51:11,SUCCESS
DEL00420,D052,Warehouse-North,Zone-16,35.54,2025-12-22 18:34:44,2025-12-22 18:48:50,FAILED
DEL00421,D092,Hub-Central,Zone-03,27.61,2026-03-26 15:30:47,2026-03-26 15:52:50,SUCCESS
DEL00422,D011,Hub-West,Zone-05,25.87,2025-12-02 13:08:59,2025-12-02 13:35:18,SUCCESS
DEL00423,D009,Warehouse-East,Zone-20,33.22,2025-10-25 12:05:43,2025-10-25 12:31:37,SUCCESS
DEL00424,D082,Hub-West,Zone-23,24.01,2026-01-22 15:59:49,2026-01-22 16:32:05,SUCCESS
DEL00425,D042,Hub-West,Zone-17,33.41,2025-12-13 23:08:35,2025-12-13 23:33:33,SUCCESS
DEL00426,D038,Hub-West,Zone-20,30.16,2025-12-28 02:28:01,2025-12-28 02:59:38,SUCCESS
DEL00427,D056,Warehouse-North,Zone-28,20.27,2025-10-20 06:12:18,2025-10-20 06:20:41,FAILED
DEL00428,D084,Hub-West,Zone-24,19.34,2026-02-04 09:29:29,2026-02-04 09:46:15,SUCCESS
DEL00429,D028,Hub-Central,Zone-29,22.03,2025-12-23 12:16:16,2025-12-23 12:38:11,SUCCESS
DEL00430,D030,Warehouse-East,Zone-27,44.2,2025-12-20 08:30:39,2025-12-20 09:14:25,SUCCESS
DEL00431,D059,Hub-Central,Zone-24,6.68,2025-12-17 10:13:02,2025-12-17 10:16:16,FAILED
DEL00432,D013,Hub-Central,Zone-11,21.03,2025-11-30 16:34:51,2025-11-30 17:04:58,SUCCESS
DEL00433,D086,Warehouse-East,Zone-05,28.88,2025-11-19 11:52:21,2025-11-19 12:19:05,SUCCESS
DEL00434,D088,Hub-Central,Zone-03,41.43,2026-03-29 05:25:19,2026-03-29 05:58:51,SUCCESS
DEL00435,D012,Warehouse-North,Zone-03,12.67,2026-03-11 12:20:16,2026-03-11 12:25:52,FAILED
DEL00436,D056,Warehouse-East,Zone-26,22.88,2025-10-19 18:01:22,2025-10-19 18:23:38,SUCCESS
DEL00437,D017,Warehouse-North,Zone-19,18.95,2026-01-17 00:52:32,2026-01-17 01:05:48,SUCCESS
DEL00438,D072,Warehouse-East,Zone-22,36.38,2026-01-18 01:38:03,2026-01-18 02:29:36,SUCCESS
DEL00439,D016,Warehouse-East,Zone-28,55.17,2025-12-19 18:30:25,2025-12-19 19:16:42,SUCCESS
DEL00440,D086,Hub-Central,Zone-28,30.83,2026-02-23 16:34:40,2026-02-23 17:23:01,SUCCESS
DEL00441,D093,Warehouse-East,Zone-20,74.32,2025-10-10 23:45:21,2025-10-11 00:46:28,SUCCESS
DEL00442,D040,Warehouse-North,Zone-19,41.59,2025-12-08 06:47:24,2025-12-08 07:36:32,SUCCESS
DEL00443,D065,Warehouse-South,Zone-22,27.35,2025-11-11 07:26:04,2025-11-11 07:45:44,SUCCESS
DEL00444,D062,Warehouse-North,Zone-12,18.66,2025-11-13 13:03:24,2025-11-13 13:21:18,SUCCESS
DEL00445,D072,Warehouse-North,Zone-25,54.15,2025-12-11 08:57:31,2025-12-11 09:47:23,SUCCESS
DEL00446,D036,Warehouse-South,Zone-26,8.36,2026-01-20 11:29:59,2026-01-20 11:39:06,SUCCESS
DEL00447,D055,Hub-West,Zone-25,48.6,2026-03-14 02:42:30,2026-03-14 03:22:00,SUCCESS
DEL00448,D080,Hub-West,Zone-01,10.03,2026-01-28 03:27:31,2026-01-28 03:35:35,SUCCESS
DEL00449,D078,Warehouse-East,Zone-01,16.85,2026-03-30 09:50:47,2026-03-30 10:14:25,SUCCESS
DEL00450,D024,Warehouse-East,Zone-30,17.68,2025-11-23 01:31:56,2025-11-23 01:47:50,SUCCESS
DEL00451,D044,Warehouse-North,Zone-06,,2025-12-08 03:53:15,2025-12-08 03:59:05,FAILED
DEL00452,D019,Hub-Central,Zone-03,19.13,2026-01-18 23:14:51,2026-01-18 23:31:26,SUCCESS
DEL00453,D019,Warehouse-North,Zone-03,12.03,2026-02-21 21:09:57,2026-02-21 21:21:46,SUCCESS
DEL00454,D096,Warehouse-South,Zone-13,46.61,2026-01-12 00:13:42,2026-01-12 00:39:19,FAILED
DEL00455,D054,Warehouse-East,Zone-06,11.47,2025-12-28 02:08:33,2025-12-28 02:21:22,SUCCESS
DEL00456,D048,Warehouse-East,Zone-25,27.3,2025-11-30 12:20:07,2025-11-30 12:38:50,SUCCESS
DEL00457,D073,Warehouse-North,Zone-29,54.1,2026-01-24 18:36:15,2026-01-24 19:51:48,SUCCESS
DEL00458,D007,Warehouse-South,Zone-25,14.32,2025-10-31 05:03:17,2025-10-31 05:16:18,SUCCESS
DEL00459,D080,Warehouse-North,Zone-09,14.66,2025-10-10 15:54:36,2025-10-10 16:06:32,SUCCESS
DEL00460,D057,Hub-Central,Zone-16,14.08,2026-02-06 12:51:28,2026-02-06 13:00:44,SUCCESS
DEL00461,D078,Hub-Central,Zone-09,26.84,2025-12-25 20:04:30,2025-12-25 20:40:01,SUCCESS
DEL00462,D028,Hub-West,Zone-04,16.16,2026-02-24 14:17:24,2026-02-24 14:30:17,SUCCESS
DEL00463,D045,Warehouse-North,Zone-10,38.94,2025-12-23 11:32:33,2025-12-23 12:02:39,SUCCESS
DEL00464,D087,Hub-West,Zone-16,15.46,2026-02-09 17:58:30,2026-02-09 18:11:22,SUCCESS
DEL00465,D068,Warehouse-East,Zone-02,21.58,2026-02-07 13:03:47,2026-02-07 13:36:11,SUCCESS
DEL00466,D029,Hub-West,Zone-02,29.47,2025-12-16 18:03:39,2025-12-16 18:37:37,SUCCESS
DEL00467,D001,Warehouse-East,Zone-07,12.38,2025-11-09 16:40:50,2025-11-09 17:00:34,SUCCESS
DEL00468,D099,Warehouse-East,Zone-10,38.96,2025-10-27 15:33:37,2025-10-27 16:14:07,SUCCESS
DEL00469,D042,Warehouse-North,Zone-16,20.41,2025-10-24 07:10:03,2025-10-24 07:30:41,SUCCESS
DEL00470,D096,Warehouse-South,Zone-05,52.37,2025-12-23 14:59:52,2025-12-23 15:38:36,SUCCESS
DEL00471,D049,Warehouse-South,Zone-17,28.8,2026-01-12 10:00:49,2026-01-12 10:43:08,SUCCESS
DEL00472,D072,Warehouse-East,Zone-03,6.9,2026-03-11 19:42:43,2026-03-11 19:47:28,SUCCESS
DEL00473,D051,Warehouse-North,Zone-14,22.21,2026-03-17 08:06:46,2026-03-17 08:31:27,SUCCESS
DEL00474,D003,Warehouse-North,Zone-28,59.31,2025-12-29 06:36:36,2025-12-29 07:07:24,FAILED
DEL00475,D041,Hub-Central,Zone-19,13.12,2026-01-20 19:13:55,2026-01-20 19:24:28,FAILED
DEL00476,D052,Hub-Central,Zone-10,7.21,2026-02-15 18:30:17,2026-02-15 18:36:36,SUCCESS
DEL00477,D015,Warehouse-North,Zone-11,26.99,2025-12-18 15:35:14,2025-12-18 16:10:36,SUCCESS
DEL00478,D022,Hub-West,Zone-15,41.1,2026-03-05 14:25:54,2026-03-05 15:01:27,FAILED
DEL00479,D089,Warehouse-East,Zone-03,41.03,2026-03-28 14:26:15,2026-03-28 15:13:33,SUCCESS
DEL00480,D056,Warehouse-North,Zone-08,6.84,2026-03-13 23:34:56,2026-03-13 23:45:19,SUCCESS
DEL00481,D056,Hub-Central,Zone-17,37.47,2026-01-23 08:20:20,2026-01-23 09:02:15,SUCCESS
DEL00482,D011,Warehouse-East,Zone-24,22.44,2025-12-16 20:24:23,2025-12-16 20:48:44,SUCCESS
DEL00483,D044,Warehouse-East,Zone-25,54.58,2025-11-13 00:36:02,2025-11-13 01:30:54,SUCCESS
DEL00484,D022,Hub-West,Zone-21,26.84,2025-10-15 19:57:13,2025-10-15 20:09:00,FAILED
DEL00485,D015,Hub-West,Zone-07,24.58,2026-01-12 00:47:51,2026-01-12 00:59:12,FAILED
DEL00486,D100,Warehouse-East,Zone-24,19.83,2025-12-07 20:12:24,2025-12-07 20:30:24,SUCCESS
DEL00487,D083,Warehouse-South,Zone-08,67.03,2026-03-08 06:20:51,2026-03-08 07:23:47,SUCCESS
DEL00488,D014,Warehouse-East,Zone-07,34.7,2025-10-29 10:28:46,2025-10-29 10:56:49,SUCCESS
DEL00489,D023,Warehouse-South,Zone-25,16.89,2026-01-25 23:22:57,2026-01-25 23:42:59,SUCCESS
DEL00490,D098,Warehouse-North,Zone-06,41.52,2026-02-05 06:53:36,2026-02-05 07:51:33,SUCCESS
DEL00491,D099,Hub-Central,Zone-15,58.18,2026-01-30 22:27:12,2026-01-30 23:17:05,SUCCESS
DEL00492,D097,Hub-West,Zone-15,40.61,2026-01-18 11:11:51,2026-01-18 11:36:28,FAILED
DEL00493,D088,Hub-West,Zone-21,37.79,2026-03-29 10:52:15,2026-03-29 11:19:28,FAILED
DEL00494,D082,Warehouse-East,Zone-28,23.7,2026-01-30 06:28:56,2026-01-30 07:07:37,SUCCESS
DEL00495,D081,Warehouse-South,Zone-15,43.82,2025-12-01 09:18:50,2025-12-01 10:07:36,SUCCESS
DEL00496,D009,Hub-Central,Zone-21,22.76,2025-12-31 01:19:50,2025-12-31 01:50:39,SUCCESS
DEL00497,D039,Warehouse-East,Zone-19,27.47,2026-03-04 15:09:55,2026-03-04 15:31:02,SUCCESS
DEL00498,D008,Hub-West,Zone-03,21.66,2025-12-08 08:10:10,2025-12-08 08:33:31,SUCCESS
DEL00499,D040,Hub-Central,Zone-02,25.4,2025-12-29 15:52:33,2025-12-29 16:12:46,SUCCESS
DEL00500,D008,Warehouse-East,Zone-03,58.12,2025-12-11 14:26:30,2025-12-11 14:52:59,FAILED
DEL00501,D083,Warehouse-North,Zone-20,66.67,2026-03-17 19:41:49,2026-03-17 20:44:21,SUCCESS
DEL00502,D077,Hub-Central,Zone-15,48.89,2026-01-07 11:06:26,2026-01-07 11:37:46,SUCCESS
DEL00503,D075,Warehouse-North,Zone-15,36.08,2026-01-16 15:18:05,2026-01-16 15:47:59,SUCCESS
DEL00504,D074,Warehouse-South,Zone-11,62.36,2026-02-04 13:46:57,2026-02-04 14:35:28,FAILED
DEL00505,D078,Hub-West,Zone-05,21.46,2026-01-01 08:35:30,2026-01-01 08:52:48,SUCCESS
DEL00506,D008,Warehouse-North,Zone-26,35.92,2025-12-27 11:35:23,2025-12-27 12:04:40,SUCCESS
DEL00507,D044,Warehouse-North,Zone-17,35.65,2026-02-16 16:57:06,2026-02-16 17:53:05,SUCCESS
DEL00508,D083,Warehouse-North,Zone-08,9.67,2025-11-03 12:10:58,2025-11-03 12:19:59,FAILED
DEL00509,D091,Hub-Central,Zone-17,67.59,2025-12-25 00:06:05,2025-12-25 01:51:14,SUCCESS
DEL00510,D067,Warehouse-South,Zone-12,54.19,2026-01-27 09:53:57,2026-01-27 10:42:09,SUCCESS
DEL00511,D048,Warehouse-East,Zone-13,12.64,2026-03-28 05:53:43,2026-03-28 06:11:29,SUCCESS
DEL00512,D053,Warehouse-East,Zone-22,20.87,2026-02-28 09:16:03,2026-02-28 09:44:35,SUCCESS
DEL00513,D077,Warehouse-East,Zone-03,10.51,2025-10-11 04:02:27,2025-10-11 04:16:29,SUCCESS
DEL00514,D043,Hub-West,Zone-22,17.63,2025-10-19 08:25:46,2025-10-19 08:42:50,SUCCESS
DEL00515,D050,Warehouse-East,Zone-24,18.23,2025-11-25 04:13:15,2025-11-25 04:31:39,SUCCESS
DEL00516,D085,Hub-West,Zone-28,36.03,2026-03-25 23:51:47,2026-03-26 00:39:46,SUCCESS
DEL00517,D020,Warehouse-North,Zone-19,34.51,2025-12-04 17:34:46,2025-12-04 18:11:23,SUCCESS
DEL00518,D085,Warehouse-East,Zone-10,44.66,2025-10-28 11:06:14,2025-10-28 12:18:44,SUCCESS
DEL00519,D084,Hub-Central,Zone-05,37.92,2026-02-13 15:09:09,2026-02-13 15:33:02,FAILED
DEL00520,D077,Warehouse-North,Zone-10,17.14,2026-02-15 15:24:21,2026-02-15 15:37:48,SUCCESS
DEL00521,D072,Warehouse-East,Zone-27,51.03,2025-12-13 03:27:10,2025-12-13 04:00:38,FAILED
DEL00522,D017,Hub-West,Zone-03,13.44,2026-02-08 02:58:07,2026-02-08 03:17:56,SUCCESS
DEL00523,D083,Hub-Central,Zone-17,45.77,2026-02-08 04:33:05,2026-02-08 05:12:16,SUCCESS
DEL00524,D047,Warehouse-East,Zone-10,18.33,2025-10-04 12:57:37,2025-10-04 13:18:08,SUCCESS
DEL00525,D024,Warehouse-East,Zone-25,22.0,2025-11-11 14:12:36,2025-11-11 14:32:50,SUCCESS
DEL00526,D063,Warehouse-South,Zone-05,20.57,2025-11-07 06:48:33,2025-11-07 07:06:08,SUCCESS
DEL00527,D020,Warehouse-East,Zone-28,36.24,2025-10-15 23:36:55,2025-10-16 00:03:12,SUCCESS
DEL00528,D013,Hub-West,Zone-27,50.78,2026-01-07 14:00:19,2026-01-07 14:39:51,SUCCESS
DEL00529,D095,Hub-West,Zone-02,21.61,2026-03-21 14:15:26,2026-03-21 14:42:02,SUCCESS
DEL00530,D085,Hub-West,Zone-05,21.49,2025-12-05 09:26:08,2025-12-05 09:45:20,SUCCESS
DEL00531,D077,Warehouse-South,Zone-06,11.43,2025-12-13 03:38:30,2025-12-13 03:56:49,SUCCESS
DEL00532,D024,Hub-West,Zone-26,16.51,2026-03-11 10:20:55,2026-03-11 10:42:42,SUCCESS
DEL00533,D022,Hub-Central,Zone-02,64.69,2026-02-18 00:57:22,2026-02-18 02:18:05,SUCCESS
DEL00534,D053,Warehouse-South,Zone-15,30.09,2025-12-10 17:45:29,2025-12-10 18:21:09,SUCCESS
DEL00535,D079,Hub-Central,Zone-08,18.55,2025-11-25 07:51:37,2025-11-25 08:05:55,SUCCESS
DEL00536,D069,Warehouse-East,Zone-26,8.28,2025-11-16 10:36:21,2025-11-16 10:45:05,SUCCESS
DEL00537,D061,Warehouse-South,Zone-12,32.81,2026-03-25 12:49:32,2026-03-25 13:18:03,SUCCESS
DEL00538,D087,Hub-Central,Zone-15,31.19,2026-01-19 18:20:49,2026-01-19 18:55:38,SUCCESS
DEL00539,D099,Hub-Central,Zone-17,24.53,2025-11-24 17:09:05,2025-11-24 17:28:33,SUCCESS
DEL00540,D068,Warehouse-South,Zone-27,46.27,2025-12-21 07:06:03,2025-12-21 07:38:54,SUCCESS
DEL00541,D026,Hub-West,Zone-05,5.31,2026-03-05 14:08:19,2026-03-05 14:13:27,SUCCESS
DEL00542,D033,Hub-Central,Zone-28,42.18,2025-10-11 03:10:31,2025-10-11 03:54:45,SUCCESS
DEL00543,D048,Warehouse-North,Zone-23,47.44,2026-01-16 16:20:49,2026-01-16 16:59:41,SUCCESS
DEL00544,D067,Warehouse-North,Zone-10,49.89,2026-03-15 06:43:16,2026-03-15 07:38:13,SUCCESS
DEL00545,D011,Warehouse-South,Zone-09,17.94,2026-02-26 04:22:55,2026-02-26 04:47:36,SUCCESS
DEL00546,D058,Hub-West,Zone-05,35.55,2026-03-25 19:01:57,2026-03-25 19:29:47,FAILED
DEL00547,D056,Warehouse-South,Zone-27,37.86,2025-10-18 19:24:58,2025-10-18 19:54:15,SUCCESS
DEL00548,D058,Warehouse-East,Zone-30,45.28,2026-03-21 18:40:24,2026-03-21 19:20:32,SUCCESS
DEL00549,D004,Warehouse-North,Zone-13,37.7,2025-12-20 13:33:35,2025-12-20 14:10:58,SUCCESS
DEL00550,D065,Warehouse-South,Zone-13,18.86,2025-12-12 14:47:12,2025-12-12 15:07:05,SUCCESS
DEL00551,D011,Warehouse-South,Zone-01,25.79,2025-12-12 19:13:10,2025-12-12 19:50:34,SUCCESS
DEL00552,D041,Warehouse-North,Zone-27,9.72,2026-03-30 17:57:47,2026-03-30 18:11:27,SUCCESS
DEL00553,D092,Warehouse-East,Zone-26,6.71,2026-02-04 05:02:10,2026-02-04 05:07:30,SUCCESS
DEL00554,D019,Warehouse-North,Zone-10,8.53,2025-10-27 17:15:38,2025-10-27 17:23:07,SUCCESS
DEL00555,D061,Warehouse-South,Zone-25,11.67,2026-02-13 03:55:50,2026-02-13 04:05:55,SUCCESS
DEL00556,D091,Hub-Central,Zone-20,75.85,2025-12-31 02:12:41,2025-12-31 03:32:53,SUCCESS
DEL00557,D001,Warehouse-North,Zone-01,44.55,2026-03-25 21:36:06,2026-03-25 22:17:16,SUCCESS
DEL00558,D033,Warehouse-South,Zone-18,24.56,2025-11-11 21:01:26,2025-11-11 21:29:03,SUCCESS
DEL00559,D094,Hub-West,Zone-14,13.54,2026-01-27 05:35:12,2026-01-27 05:48:36,SUCCESS
DEL00560,D015,Warehouse-East,Zone-08,10.04,2026-02-28 17:13:35,2026-02-28 17:19:05,FAILED
DEL00561,D039,Warehouse-North,Zone-08,12.18,2025-10-24 15:51:16,2025-10-24 15:56:33,FAILED
DEL00562,D054,Hub-West,Zone-15,9.48,2026-02-02 01:43:51,2026-02-02 01:46:11,FAILED
DEL00563,D009,Hub-Central,Zone-20,32.57,2025-10-22 12:38:06,2025-10-22 12:48:14,FAILED
DEL00564,D069,Hub-West,Zone-19,27.52,2025-10-04 04:35:39,2025-10-04 04:57:09,FAILED
DEL00565,D031,Warehouse-South,Zone-10,81.39,2026-02-17 12:39:33,2026-02-17 14:21:10,SUCCESS
DEL00566,D055,Hub-West,Zone-12,43.22,2025-10-01 07:17:25,2025-10-01 07:50:33,SUCCESS
DEL00567,D031,Hub-Central,Zone-06,20.13,2026-01-19 19:29:08,2026-01-19 19:44:13,SUCCESS
DEL00568,D086,Warehouse-North,Zone-17,36.0,2026-02-07 18:06:25,2026-02-07 18:54:24,SUCCESS
DEL00569,D047,Hub-West,Zone-18,10.23,2025-10-14 03:24:30,2025-10-14 03:32:29,SUCCESS
DEL00570,D065,Hub-West,Zone-18,25.7,2026-03-02 16:56:49,2026-03-02 17:16:45,SUCCESS
DEL00571,D003,Hub-Central,Zone-02,32.04,2025-12-15 19:38:46,2025-12-15 20:10:27,SUCCESS
DEL00572,D082,Warehouse-East,Zone-09,23.33,2025-12-15 02:59:51,2025-12-15 03:15:28,SUCCESS
DEL00573,D096,Warehouse-East,Zone-26,19.44,2025-10-04 03:41:39,2025-10-04 04:03:28,SUCCESS
DEL00574,D009,Warehouse-South,Zone-24,66.07,2025-12-06 22:53:45,2025-12-06 23:41:15,SUCCESS
DEL00575,D085,Warehouse-North,Zone-25,44.91,2026-01-30 23:53:22,2026-01-31 00:38:59,SUCCESS
DEL00576,D075,Warehouse-East,Zone-05,40.17,2026-02-20 18:13:10,2026-02-20 18:53:01,SUCCESS
DEL00577,D006,Hub-West,Zone-11,64.02,2025-12-08 09:49:57,2025-12-08 11:08:14,SUCCESS
DEL00578,D083,Hub-Central,Zone-23,22.17,2025-11-03 23:58:28,2025-11-04 00:26:09,SUCCESS
DEL00579,D062,Warehouse-South,Zone-26,17.54,2026-01-31 16:06:08,2026-01-31 16:18:46,SUCCESS
DEL00580,D018,Hub-Central,Zone-02,47.4,2025-10-13 06:04:11,2025-10-13 07:11:46,SUCCESS
DEL00581,D038,Warehouse-North,Zone-26,38.07,2025-11-09 03:28:55,2025-11-09 04:05:35,SUCCESS
DEL00582,D026,Warehouse-North,Zone-11,59.5,2026-03-22 00:04:56,2026-03-22 00:51:27,SUCCESS
DEL00583,D040,Hub-Central,Zone-27,34.93,2026-01-09 01:51:41,2026-01-09 02:17:43,SUCCESS
DEL00584,D070,Warehouse-East,Zone-02,13.13,2025-12-31 22:12:10,2025-12-31 22:25:07,SUCCESS
DEL00585,D097,Warehouse-South,Zone-10,16.89,2026-02-03 14:46:29,2026-02-03 14:54:34,FAILED
DEL00586,D046,Warehouse-North,Zone-28,36.6,2026-03-17 09:51:24,2026-03-17 10:26:04,SUCCESS
DEL00587,D084,Warehouse-East,Zone-04,51.47,2025-12-04 10:52:52,2025-12-04 11:32:12,SUCCESS
DEL00588,D048,Hub-Central,Zone-24,11.06,2025-12-24 20:20:27,2025-12-24 20:32:48,SUCCESS
DEL00589,D057,Hub-Central,Zone-11,16.15,2026-03-23 17:18:46,2026-03-23 17:40:06,SUCCESS
DEL00590,D024,Hub-Central,Zone-12,23.37,2026-01-05 08:28:28,2026-01-05 08:40:56,FAILED
DEL00591,D067,Warehouse-North,Zone-24,14.7,2025-11-21 19:00:30,2025-11-21 19:16:53,SUCCESS
DEL00592,D055,Hub-Central,Zone-20,45.84,2025-10-16 07:49:35,2025-10-16 08:22:37,SUCCESS
DEL00593,D024,Warehouse-East,Zone-11,34.18,2026-01-14 22:05:41,2026-01-14 22:42:21,SUCCESS
DEL00594,D014,Warehouse-East,Zone-22,69.28,2025-10-16 13:08:53,2025-10-16 13:56:28,SUCCESS
DEL00595,D038,Hub-Central,Zone-20,45.18,2025-11-29 12:22:27,2025-11-29 13:09:17,SUCCESS
DEL00596,D092,Warehouse-South,Zone-23,35.88,2025-12-22 17:50:41,2025-12-22 18:23:44,SUCCESS
DEL00597,D057,Hub-Central,Zone-02,14.03,2025-12-08 06:19:39,2025-12-08 06:25:45,FAILED
DEL00598,D094,Warehouse-East,Zone-20,62.76,2026-03-18 22:40:01,2026-03-18 23:20:50,SUCCESS
DEL00599,D056,Warehouse-North,Zone-03,23.47,2025-11-23 07:31:14,2025-11-23 07:48:17,SUCCESS
DEL00600,D086,Hub-Central,Zone-12,16.26,2026-02-01 19:01:25,2026-02-01 19:07:37,FAILED
DEL00601,D066,Warehouse-South,Zone-01,39.18,2026-03-05 13:22:40,2026-03-05 13:58:02,SUCCESS
DEL00602,D019,Hub-West,Zone-22,31.35,2026-03-14 19:05:08,2026-03-14 19:37:22,SUCCESS
DEL00603,D057,Warehouse-South,Zone-03,12.37,2025-10-07 18:10:29,2025-10-07 18:21:19,SUCCESS
DEL00604,D031,Warehouse-East,Zone-12,25.86,2026-03-01 04:08:40,2026-03-01 04:48:06,SUCCESS
DEL00605,D050,Warehouse-North,Zone-20,16.92,2026-01-19 03:33:05,2026-01-19 03:45:22,SUCCESS
DEL00606,D020,Hub-Central,Zone-12,12.37,2026-02-09 20:39:30,2026-02-09 20:50:17,SUCCESS
DEL00607,D048,Warehouse-North,Zone-19,40.15,2025-12-26 04:54:25,2025-12-26 05:42:27,SUCCESS
DEL00608,D018,Warehouse-East,Zone-13,38.49,2026-01-11 19:27:42,2026-01-11 19:55:45,SUCCESS
DEL00609,D041,Warehouse-East,Zone-08,24.0,2026-02-04 03:10:20,2026-02-04 03:37:52,SUCCESS
DEL00610,D015,Warehouse-South,Zone-16,10.28,2025-10-06 00:45:53,2025-10-06 00:53:59,FAILED
DEL00611,D067,Hub-West,Zone-04,56.04,2025-12-15 03:29:30,2025-12-15 04:18:03,SUCCESS
DEL00612,D034,Warehouse-East,Zone-23,42.74,2026-02-28 11:35:46,2026-02-28 12:06:58,SUCCESS
DEL00613,D058,Hub-West,Zone-10,60.48,2025-11-11 15:58:14,2025-11-11 17:23:15,SUCCESS
DEL00614,D089,Hub-Central,Zone-07,36.39,2026-03-27 23:06:04,2026-03-27 23:58:48,SUCCESS
DEL00615,D016,Warehouse-North,Zone-15,38.63,2025-10-27 08:32:24,2025-10-27 09:09:45,SUCCESS
DEL00616,D023,Hub-Central,Zone-03,19.98,2026-03-24 12:08:52,2026-03-24 12:25:08,SUCCESS
DEL00617,D088,Warehouse-East,Zone-22,13.97,2026-03-14 04:24:52,2026-03-14 04:34:27,FAILED
DEL00618,D045,Warehouse-North,Zone-18,21.99,2026-02-15 18:41:54,2026-02-15 18:59:40,SUCCESS
DEL00619,D070,Warehouse-East,Zone-28,15.8,2025-11-26 09:11:10,2025-11-26 09:27:58,SUCCESS
DEL00620,D021,Warehouse-South,Zone-26,5.21,2026-02-16 05:16:15,2026-02-16 05:18:37,FAILED
DEL00621,D047,Warehouse-South,Zone-04,39.27,2026-01-07 18:58:25,2026-01-07 19:24:22,SUCCESS
DEL00622,D026,Warehouse-South,Zone-08,10.39,2026-03-03 19:17:36,2026-03-03 19:27:27,SUCCESS
DEL00623,D064,Warehouse-East,Zone-18,27.4,2025-10-06 02:29:32,2025-10-06 02:59:25,SUCCESS
DEL00624,D074,Hub-Central,Zone-26,28.56,2025-12-11 15:15:02,2025-12-11 15:49:59,SUCCESS
DEL00625,D071,Hub-West,Zone-29,12.27,2025-10-26 04:46:39,2025-10-26 05:03:31,SUCCESS
DEL00626,D012,Warehouse-East,Zone-13,97.26,2025-10-13 18:24:30,2025-10-13 20:00:54,SUCCESS
DEL00627,D092,Hub-Central,Zone-17,36.11,2026-02-17 14:10:31,2026-02-17 14:57:44,SUCCESS
DEL00628,D053,Hub-Central,Zone-27,21.68,2026-02-27 08:33:59,2026-02-27 09:00:02,SUCCESS
DEL00629,D074,Warehouse-South,Zone-11,56.99,2025-10-15 07:42:11,2025-10-15 08:40:02,SUCCESS
DEL00630,D083,Hub-Central,Zone-15,40.03,2025-10-15 09:38:02,2025-10-15 10:12:35,SUCCESS
DEL00631,D088,Warehouse-East,Zone-05,35.61,2026-01-09 11:04:20,2026-01-09 11:20:07,FAILED
DEL00632,D100,Hub-West,Zone-06,6.59,2026-01-16 01:15:36,2026-01-16 01:22:45,SUCCESS
DEL00633,D099,Hub-Central,Zone-17,10.92,2025-10-26 01:20:13,2025-10-26 01:26:48,FAILED
DEL00634,D008,Warehouse-North,Zone-17,78.4,2026-03-11 10:33:43,2026-03-11 11:50:13,SUCCESS
DEL00635,D020,Warehouse-South,Zone-06,16.84,2025-11-29 01:19:23,2025-11-29 01:31:41,SUCCESS
DEL00636,D042,Warehouse-South,Zone-12,14.95,2026-02-15 17:43:38,2026-02-15 17:57:16,SUCCESS
DEL00637,D067,Warehouse-East,Zone-28,15.36,2026-03-23 18:39:25,2026-03-23 18:52:49,SUCCESS
DEL00638,D011,Warehouse-South,Zone-21,22.74,2025-11-18 15:54:19,2025-11-18 16:05:08,FAILED
DEL00639,D071,Warehouse-South,Zone-21,11.92,2025-11-23 07:02:04,2025-11-23 07:10:44,SUCCESS
DEL00640,D039,Hub-West,Zone-03,15.18,2026-01-28 07:26:35,2026-01-28 07:43:41,SUCCESS
DEL00641,D065,Warehouse-South,Zone-19,51.84,2026-02-02 11:13:04,2026-02-02 11:54:34,SUCCESS
DEL00642,D075,Warehouse-South,Zone-22,25.75,2025-10-30 22:35:50,2025-10-30 22:55:27,SUCCESS
DEL00643,D080,Hub-West,Zone-11,24.92,2026-02-17 22:23:31,2026-02-17 22:36:43,FAILED
DEL00644,D073,Warehouse-North,Zone-03,50.87,2025-10-08 23:58:45,2025-10-09 00:16:02,FAILED
DEL00645,D006,Hub-West,Zone-09,53.8,2026-02-02 13:23:27,2026-02-02 14:09:37,SUCCESS
DEL00646,D084,Hub-West,Zone-14,,2025-11-10 22:26:17,2025-11-10 22:32:23,SUCCESS
DEL00647,D080,Warehouse-North,Zone-16,15.19,2026-02-02 01:54:53,2026-02-02 02:14:36,SUCCESS
DEL00648,D081,Warehouse-East,Zone-21,14.42,2026-01-14 22:34:31,2026-01-14 22:51:57,SUCCESS
DEL00649,D039,Warehouse-South,Zone-26,22.08,2026-01-02 18:41:09,2026-01-02 19:13:02,SUCCESS
DEL00650,D088,Warehouse-East,Zone-15,14.84,2025-12-18 20:31:42,2025-12-18 20:49:34,SUCCESS
DEL00651,D010,Warehouse-North,Zone-06,9.24,2026-02-11 17:10:18,2026-02-11 17:23:02,SUCCESS
DEL00652,D057,Hub-Central,Zone-15,6.92,2025-12-20 16:56:15,2025-12-20 17:03:21,FAILED
DEL00653,D027,Hub-West,Zone-05,46.05,2025-12-06 01:24:44,2025-12-06 02:06:55,SUCCESS
DEL00654,D041,Warehouse-East,Zone-24,30.51,2026-03-17 06:48:41,2026-03-17 07:18:13,SUCCESS
DEL00655,D045,Warehouse-South,Zone-25,55.47,2025-12-17 10:09:14,2025-12-17 11:24:04,SUCCESS
DEL00656,D048,Hub-West,Zone-04,46.4,2026-01-08 23:58:52,2026-01-09 00:47:56,SUCCESS
DEL00657,D041,Hub-Central,Zone-04,7.82,2025-11-16 22:34:48,2025-11-16 22:42:23,SUCCESS
DEL00658,D035,Warehouse-South,Zone-05,58.22,2025-12-27 07:16:09,2025-12-27 08:20:54,SUCCESS
DEL00659,D013,Warehouse-East,Zone-13,17.98,2025-10-10 19:50:15,2025-10-10 19:58:24,FAILED
DEL00660,D079,Warehouse-South,Zone-28,17.29,2025-12-21 04:38:56,2025-12-21 05:02:15,SUCCESS
DEL00661,D021,Warehouse-East,Zone-30,,2026-03-07 23:04:53,2026-03-07 23:39:57,SUCCESS
DEL00662,D074,Warehouse-East,Zone-07,20.46,2026-02-18 00:42:07,2026-02-18 01:08:12,SUCCESS
DEL00663,D098,Hub-Central,Zone-17,8.87,2025-10-31 22:35:22,2025-10-31 22:47:10,SUCCESS
DEL00664,D060,Warehouse-East,Zone-16,25.8,2026-01-05 20:23:19,2026-01-05 20:41:00,SUCCESS
DEL00665,D003,Hub-Central,Zone-17,7.0,2025-10-18 11:39:33,2025-10-18 11:46:32,SUCCESS
DEL00666,D059,Warehouse-South,Zone-19,28.45,2025-11-16 17:52:36,2025-11-16 18:08:26,FAILED
DEL00667,D046,Warehouse-North,Zone-10,41.89,2025-10-10 10:45:48,2025-10-10 11:28:12,SUCCESS
DEL00668,D064,Hub-Central,Zone-10,21.7,2026-01-25 00:38:21,2026-01-25 00:53:59,SUCCESS
DEL00669,D069,Warehouse-North,Zone-14,24.91,2025-10-02 14:06:34,2025-10-02 14:13:25,FAILED
DEL00670,D018,Warehouse-East,Zone-24,15.73,2026-03-21 08:32:30,2026-03-21 08:52:50,SUCCESS
DEL00671,D047,Hub-Central,Zone-12,18.66,2026-02-26 07:49:49,2026-02-26 08:02:07,SUCCESS
DEL00672,D006,Warehouse-North,Zone-19,50.79,2025-12-17 18:50:44,2025-12-17 20:05:09,SUCCESS
DEL00673,D072,Warehouse-East,Zone-18,13.07,2025-11-07 19:09:34,2025-11-07 19:20:16,SUCCESS
DEL00674,D037,Hub-Central,Zone-17,70.11,2025-10-15 06:40:58,2025-10-15 07:50:52,SUCCESS
DEL00675,D058,Hub-West,Zone-09,21.37,2026-02-26 10:22:52,2026-02-26 10:39:16,SUCCESS
DEL00676,D080,Hub-West,Zone-04,11.66,2026-02-10 02:53:14,2026-02-10 03:04:49,SUCCESS
DEL00677,D017,Hub-Central,Zone-12,7.68,2025-10-19 18:34:06,2025-10-19 18:41:36,SUCCESS
DEL00678,D044,Warehouse-East,Zone-25,11.63,2026-01-17 07:41:05,2026-01-17 07:53:21,SUCCESS
DEL00679,D019,Hub-West,Zone-17,16.01,2025-11-08 15:40:37,2025-11-08 16:02:07,SUCCESS
DEL00680,D052,Warehouse-North,Zone-02,6.99,2026-01-06 02:31:55,2026-01-06 02:40:19,SUCCESS
DEL00681,D005,Warehouse-East,Zone-26,20.46,2025-10-27 14:38:08,2025-10-27 14:58:10,SUCCESS
DEL00682,D061,Hub-Central,Zone-05,43.8,2026-01-09 20:15:57,2026-01-09 21:24:57,SUCCESS
DEL00683,D078,Hub-West,Zone-05,21.69,2026-03-23 10:17:43,2026-03-23 10:34:08,FAILED
DEL00684,D042,Hub-West,Zone-11,10.56,2026-03-30 20:29:34,2026-03-30 20:41:48,SUCCESS
DEL00685,D021,Hub-West,Zone-24,45.65,2025-12-16 07:18:03,2025-12-16 07:49:28,SUCCESS
DEL00686,D039,Warehouse-East,Zone-17,30.68,2026-01-24 06:57:26,2026-01-24 07:41:47,SUCCESS
DEL00687,D066,Hub-Central,Zone-23,17.78,2026-01-12 08:53:00,2026-01-12 09:12:22,SUCCESS
DEL00688,D073,Hub-Central,Zone-27,6.27,2025-11-28 05:07:31,2025-11-28 05:10:54,FAILED
DEL00689,D003,Warehouse-East,Zone-22,75.7,2025-12-11 12:40:18,2025-12-11 14:08:20,SUCCESS
DEL00690,D015,Hub-West,Zone-10,10.75,2025-12-20 21:13:06,2025-12-20 21:21:22,SUCCESS
DEL00691,D093,Warehouse-North,Zone-20,42.12,2026-03-19 08:16:35,2026-03-19 08:47:47,SUCCESS
DEL00692,D061,Hub-West,Zone-19,,2025-11-21 13:27:41,2025-11-21 13:33:23,FAILED
DEL00693,D030,Warehouse-North,Zone-19,10.69,2026-02-18 01:58:05,2026-02-18 02:06:05,SUCCESS
DEL00694,D062,Hub-West,Zone-21,7.57,2025-11-03 02:38:37,2025-11-03 02:46:11,SUCCESS
DEL00695,D093,Hub-Central,Zone-05,26.73,2026-01-29 08:10:41,2026-01-29 08:19:36,FAILED
DEL00696,D088,Warehouse-North,Zone-19,6.64,2025-11-17 00:43:04,2025-11-17 00:48:49,SUCCESS
DEL00697,D090,Warehouse-South,Zone-01,72.33,2025-10-22 08:09:00,2025-10-22 09:06:47,SUCCESS
DEL00698,D057,Hub-Central,Zone-05,15.1,2025-11-30 21:54:46,2025-11-30 22:09:36,SUCCESS
DEL00699,D053,Warehouse-South,Zone-14,35.99,2026-02-12 01:57:52,2026-02-12 02:32:28,SUCCESS
DEL00700,D065,Hub-West,Zone-30,27.37,2026-02-28 11:37:57,2026-02-28 11:57:38,SUCCESS
DEL00701,D061,Warehouse-North,Zone-23,57.13,2026-03-19 11:37:31,2026-03-19 12:53:49,SUCCESS
DEL00702,D018,Warehouse-South,Zone-18,26.83,2026-01-09 17:14:20,2026-01-09 17:50:00,SUCCESS
DEL00703,D042,Hub-Central,Zone-17,31.56,2026-02-06 14:12:02,2026-02-06 14:58:43,SUCCESS
DEL00704,D049,Warehouse-South,Zone-15,51.47,2025-11-30 22:11:35,2025-11-30 22:58:11,SUCCESS
DEL00705,D069,Hub-West,Zone-12,8.3,2025-12-06 11:21:34,2025-12-06 11:34:26,SUCCESS
DEL00706,D087,Warehouse-East,Zone-20,5.95,2026-02-27 21:43:59,2026-02-27 21:49:13,SUCCESS
DEL00707,D062,Warehouse-South,Zone-09,5.73,2025-11-07 08:00:57,2025-11-07 08:05:46,SUCCESS
DEL00708,D072,Warehouse-South,Zone-10,43.27,2025-11-27 23:06:24,2025-11-27 23:50:36,SUCCESS
DEL00709,D099,Warehouse-South,Zone-23,32.47,2025-11-26 02:51:24,2025-11-26 03:35:58,SUCCESS
DEL00710,D091,Warehouse-East,Zone-16,56.35,2026-01-03 22:55:10,2026-01-03 23:41:25,SUCCESS
DEL00711,D045,Warehouse-East,Zone-10,52.87,2026-01-17 20:03:41,2026-01-17 20:48:16,SUCCESS
DEL00712,D016,Hub-West,Zone-13,6.19,2026-01-20 08:35:44,2026-01-20 08:41:27,SUCCESS
DEL00713,D051,Warehouse-East,Zone-25,6.1,2026-03-08 21:54:55,2026-03-08 21:57:01,FAILED
DEL00714,D019,Warehouse-North,Zone-10,36.37,2025-11-26 09:36:26,2025-11-26 10:06:38,SUCCESS
DEL00715,D092,Warehouse-East,Zone-30,38.82,2025-10-16 08:18:13,2025-10-16 09:16:25,SUCCESS
DEL00716,D057,Warehouse-East,Zone-24,29.58,2026-02-05 09:03:04,2026-02-05 09:27:53,SUCCESS
DEL00717,D062,Warehouse-South,Zone-27,19.97,2025-11-11 13:15:02,2025-11-11 13:28:50,FAILED
DEL00718,D069,Hub-West,Zone-23,14.15,2025-11-22 15:34:12,2025-11-22 15:54:28,SUCCESS
DEL00719,D035,Warehouse-North,Zone-20,62.94,2025-10-27 15:44:18,2025-10-27 16:44:20,SUCCESS
DEL00720,D095,Warehouse-South,Zone-08,38.69,2026-01-22 22:49:42,2026-01-22 23:34:03,SUCCESS
DEL00721,D007,Hub-West,Zone-08,64.13,2026-02-08 01:39:09,2026-02-08 03:15:04,SUCCESS
DEL00722,D082,Warehouse-North,Zone-04,8.03,2025-11-15 05:05:49,2025-11-15 05:11:45,SUCCESS
DEL00723,D053,Hub-Central,Zone-04,19.38,2025-12-04 03:16:47,2025-12-04 03:33:33,SUCCESS
DEL00724,D088,Warehouse-South,Zone-01,39.62,2026-02-27 16:01:48,2026-02-27 16:35:54,SUCCESS
DEL00725,D071,Warehouse-South,Zone-14,25.71,2026-03-30 09:55:06,2026-03-30 10:33:56,SUCCESS
DEL00726,D084,Hub-Central,Zone-16,14.89,2026-03-21 00:06:52,2026-03-21 00:27:16,SUCCESS
DEL00727,D084,Warehouse-East,Zone-11,33.64,2025-11-08 17:31:55,2025-11-08 17:50:06,FAILED
DEL00728,D037,Warehouse-North,Zone-30,54.27,2026-02-03 10:06:08,2026-02-03 10:46:25,SUCCESS
DEL00729,D099,Hub-West,Zone-08,53.54,2025-10-18 08:55:01,2025-10-18 09:35:43,SUCCESS
DEL00730,D069,Warehouse-North,Zone-30,24.64,2026-02-21 10:31:43,2026-02-21 10:50:22,SUCCESS
DEL00731,D023,Warehouse-South,Zone-30,31.48,2025-12-21 03:29:06,2025-12-21 03:39:21,FAILED
DEL00732,D005,Hub-Central,Zone-26,46.87,2026-03-12 08:59:21,2026-03-12 09:53:36,SUCCESS
DEL00733,D064,Warehouse-East,Zone-29,13.64,2025-11-06 04:16:30,2025-11-06 04:26:34,SUCCESS
DEL00734,D005,Warehouse-East,Zone-19,47.19,2025-10-02 19:11:17,2025-10-02 19:55:04,SUCCESS
DEL00735,D078,Warehouse-East,Zone-10,7.54,2025-10-21 20:03:26,2025-10-21 20:09:50,SUCCESS
DEL00736,D059,Hub-West,Zone-17,19.69,2026-02-02 12:43:56,2026-02-02 13:04:05,SUCCESS
DEL00737,D064,Warehouse-South,Zone-28,48.48,2026-03-22 16:15:06,2026-03-22 16:51:58,FAILED
DEL00738,D065,Warehouse-East,Zone-07,5.54,2025-12-30 21:08:05,2025-12-30 21:13:26,SUCCESS
DEL00739,D015,Warehouse-South,Zone-24,27.96,2025-12-04 05:05:58,2025-12-04 05:44:21,SUCCESS
DEL00740,D059,Warehouse-East,Zone-23,20.81,2026-02-03 21:13:43,2026-02-03 21:41:30,SUCCESS
DEL00741,D024,Warehouse-East,Zone-26,23.57,2025-10-03 17:38:13,2025-10-03 17:57:07,SUCCESS
DEL00742,D038,Warehouse-South,Zone-06,13.77,2026-01-19 06:03:08,2026-01-19 06:13:07,SUCCESS
DEL00743,D079,Hub-Central,Zone-27,12.33,2026-03-16 05:55:54,2026-03-16 06:14:11,SUCCESS
DEL00744,D055,Warehouse-East,Zone-03,46.82,2026-01-09 01:22:54,2026-01-09 02:08:56,SUCCESS
DEL00745,D052,Warehouse-North,Zone-06,34.49,2026-02-07 22:57:30,2026-02-07 23:42:03,SUCCESS
DEL00746,D018,Warehouse-East,Zone-30,42.53,2026-01-01 17:05:50,2026-01-01 18:00:48,SUCCESS
DEL00747,D032,Warehouse-East,Zone-13,23.46,2025-10-02 07:49:50,2025-10-02 08:16:09,SUCCESS
DEL00748,D031,Warehouse-East,Zone-11,27.78,2025-12-26 17:56:18,2025-12-26 18:16:59,SUCCESS
DEL00749,D039,Hub-West,Zone-01,14.36,2026-01-22 02:27:49,2026-01-22 02:38:23,FAILED
DEL00750,D034,Warehouse-East,Zone-23,5.65,2026-02-04 22:23:07,2026-02-04 22:28:29,SUCCESS
DEL00751,D031,Warehouse-North,Zone-15,52.36,2025-10-13 01:31:13,2025-10-13 01:54:12,FAILED
DEL00752,D040,Hub-Central,Zone-22,71.84,2025-11-01 00:20:03,2025-11-01 00:40:24,FAILED
DEL00753,D065,Warehouse-East,Zone-23,27.23,2026-03-29 05:59:08,2026-03-29 06:23:31,SUCCESS
DEL00754,D016,Warehouse-East,Zone-12,9.2,2026-02-02 00:36:37,2026-02-02 00:46:01,SUCCESS
DEL00755,D079,Warehouse-South,Zone-05,14.05,2025-11-12 21:13:55,2025-11-12 21:33:40,SUCCESS
DEL00756,D062,Hub-Central,Zone-24,15.13,2025-10-30 17:53:47,2025-10-30 18:14:05,SUCCESS
DEL00757,D078,Hub-Central,Zone-23,16.99,2025-12-12 13:13:04,2025-12-12 13:27:43,SUCCESS
DEL00758,D071,Hub-Central,Zone-25,34.38,2026-03-27 05:56:30,2026-03-27 06:26:41,SUCCESS
DEL00759,D069,Warehouse-South,Zone-25,35.18,2026-03-05 17:34:03,2026-03-05 18:21:59,SUCCESS
DEL00760,D032,Hub-West,Zone-28,22.77,2026-02-10 02:37:23,2026-02-10 02:56:00,SUCCESS
DEL00761,D011,Hub-Central,Zone-17,31.22,2026-01-11 01:02:18,2026-01-11 01:37:06,SUCCESS
DEL00762,D091,Warehouse-North,Zone-30,6.97,2025-12-10 06:02:22,2025-12-10 06:04:58,FAILED
DEL00763,D073,Warehouse-North,Zone-27,37.31,2025-10-22 18:55:51,2025-10-22 19:16:58,FAILED
DEL00764,D071,Hub-West,Zone-07,36.36,2026-03-25 07:45:49,2026-03-25 08:27:54,SUCCESS
DEL00765,D074,Warehouse-South,Zone-06,34.78,2026-01-13 05:01:03,2026-01-13 05:50:34,SUCCESS
DEL00766,D042,Hub-West,Zone-15,13.81,2026-03-15 22:11:36,2026-03-15 22:23:32,SUCCESS
DEL00767,D015,Warehouse-South,Zone-23,19.45,2026-02-10 02:24:20,2026-02-10 02:44:40,SUCCESS
DEL00768,D075,Warehouse-North,Zone-29,53.42,2026-01-03 22:06:12,2026-01-03 23:07:00,SUCCESS
DEL00769,D066,Warehouse-North,Zone-15,46.44,2025-12-26 12:05:59,2025-12-26 12:38:11,SUCCESS
DEL00770,D017,Hub-Central,Zone-15,23.07,2026-01-08 15:54:29,2026-01-08 16:08:07,FAILED
DEL00771,D073,Hub-West,Zone-15,43.57,2025-10-12 05:04:22,2025-10-12 05:57:48,SUCCESS
DEL00772,D087,Warehouse-East,Zone-24,8.48,2026-03-06 16:29:53,2026-03-06 16:38:16,SUCCESS
DEL00773,D003,Warehouse-East,Zone-27,37.21,2025-12-16 21:15:17,2025-12-16 21:49:35,SUCCESS
DEL00774,D001,Warehouse-South,Zone-19,46.07,2026-02-22 19:42:02,2026-02-22 20:30:47,SUCCESS
DEL00775,D010,Hub-Central,Zone-12,28.34,2025-10-09 19:03:56,2025-10-09 19:26:21,SUCCESS
DEL00776,D090,Hub-West,Zone-02,73.31,2025-10-13 09:08:33,2025-10-13 10:55:56,SUCCESS
DEL00777,D009,Warehouse-North,Zone-10,47.59,2025-12-31 16:00:40,2025-12-31 17:14:58,SUCCESS
DEL00778,D053,Warehouse-South,Zone-25,11.77,2025-11-04 22:46:25,2025-11-04 22:59:15,SUCCESS
DEL00779,D083,Hub-Central,Zone-12,43.24,2026-02-19 14:44:07,2026-02-19 15:14:53,SUCCESS
DEL00780,D049,Hub-Central,Zone-13,20.68,2025-12-27 02:20:04,2025-12-27 02:38:52,SUCCESS
DEL00781,D011,Hub-West,Zone-05,17.83,2026-02-10 13:45:14,2026-02-10 13:59:15,SUCCESS
DEL00782,D084,Warehouse-East,Zone-04,39.06,2026-03-17 01:13:33,2026-03-17 01:34:20,FAILED
DEL00783,D023,Hub-Central,Zone-17,13.04,2026-01-13 07:48:21,2026-01-13 08:03:12,SUCCESS
DEL00784,D017,Warehouse-South,Zone-27,7.52,2026-02-19 08:03:53,2026-02-19 08:09:15,FAILED
DEL00785,D001,Warehouse-North,Zone-10,37.36,2026-02-24 20:03:05,2026-02-24 20:52:07,SUCCESS
DEL00786,D060,Hub-West,Zone-14,25.76,2026-02-08 18:44:12,2026-02-08 19:10:58,SUCCESS
DEL00787,D069,Warehouse-South,Zone-08,29.82,2025-12-13 15:33:23,2025-12-13 15:43:18,FAILED
DEL00788,D059,Warehouse-South,Zone-09,25.25,2025-12-07 05:13:16,2025-12-07 05:39:39,SUCCESS
DEL00789,D025,Warehouse-North,Zone-02,47.44,2026-03-19 22:45:56,2026-03-19 23:20:09,SUCCESS
DEL00790,D085,Hub-West,Zone-25,22.67,2025-12-21 09:48:10,2025-12-21 10:10:09,SUCCESS
DEL00791,D003,Warehouse-South,Zone-03,27.55,2025-11-16 17:35:10,2025-11-16 18:03:21,SUCCESS
DEL00792,D013,Warehouse-North,Zone-15,33.88,2026-01-24 07:58:49,2026-01-24 08:45:36,SUCCESS
DEL00793,D077,Warehouse-North,Zone-08,42.3,2026-02-08 11:51:25,2026-02-08 12:30:55,SUCCESS
DEL00794,D095,Hub-Central,Zone-15,15.07,2025-10-09 14:09:29,2025-10-09 14:21:06,SUCCESS
DEL00795,D030,Warehouse-South,Zone-25,12.97,2026-01-13 19:27:46,2026-01-13 19:35:20,FAILED
DEL00796,D100,Warehouse-South,Zone-17,38.44,2025-10-11 23:02:53,2025-10-11 23:25:02,FAILED
DEL00797,D038,Hub-West,Zone-11,24.61,2025-11-15 11:16:18,2025-11-15 11:34:58,SUCCESS
DEL00798,D074,Warehouse-East,Zone-08,21.1,2026-01-25 02:29:53,2026-01-25 02:59:22,SUCCESS
DEL00799,D039,Warehouse-South,Zone-22,31.76,2026-03-20 03:39:35,2026-03-20 04:06:48,SUCCESS
DEL00800,D067,Hub-Central,Zone-10,28.43,2025-11-12 22:08:01,2025-11-12 22:16:05,FAILED
DEL00801,D036,Hub-West,Zone-19,44.79,2025-10-12 20:04:59,2025-10-12 20:45:31,SUCCESS
DEL00802,D095,Warehouse-South,Zone-21,27.34,2026-03-27 00:15:35,2026-03-27 00:33:59,SUCCESS
DEL00803,D087,Hub-West,Zone-16,5.51,2025-12-22 22:53:56,2025-12-22 22:58:55,SUCCESS
DEL00804,D007,Hub-Central,Zone-26,32.59,2025-12-06 21:05:21,2025-12-06 21:19:29,FAILED
DEL00805,D068,Hub-Central,Zone-14,72.01,2025-12-01 21:24:36,2025-12-01 22:03:43,FAILED
DEL00806,D020,Hub-Central,Zone-06,17.09,2025-11-28 05:34:54,2025-11-28 05:49:31,SUCCESS
DEL00807,D097,Hub-Central,Zone-08,41.74,2026-01-13 10:55:38,2026-01-13 11:39:39,SUCCESS
DEL00808,D029,Warehouse-South,Zone-26,11.62,2025-11-28 09:31:59,2025-11-28 09:43:38,SUCCESS
DEL00809,D060,Warehouse-North,Zone-18,42.08,2026-03-27 15:00:10,2026-03-27 15:36:00,SUCCESS
DEL00810,D053,Hub-West,Zone-17,41.41,2025-12-20 21:04:02,2025-12-20 21:23:24,FAILED
DEL00811,D018,Warehouse-South,Zone-09,47.76,2025-12-15 10:09:50,2025-12-15 10:54:21,FAILED
DEL00812,D027,Warehouse-North,Zone-30,32.83,2025-12-04 03:08:13,2025-12-04 03:20:25,FAILED
DEL00813,D058,Warehouse-East,Zone-03,14.36,2026-03-14 11:55:39,2026-03-14 12:05:45,SUCCESS
DEL00814,D069,Warehouse-South,Zone-02,29.58,2026-02-18 16:48:34,2026-02-18 16:59:26,FAILED
DEL00815,D035,Hub-West,Zone-20,60.01,2025-12-13 05:43:48,2025-12-13 06:36:51,SUCCESS
DEL00816,D006,Warehouse-North,Zone-07,62.49,2026-03-19 15:21:59,2026-03-19 16:11:52,SUCCESS
DEL00817,D098,Hub-West,Zone-07,46.7,2026-01-23 02:20:18,2026-01-23 03:06:29,FAILED
DEL00818,D062,Warehouse-East,Zone-10,23.58,2025-11-10 13:29:37,2025-11-10 14:05:10,SUCCESS
DEL00819,D002,Warehouse-South,Zone-24,36.12,2025-11-11 03:05:44,2025-11-11 03:34:37,SUCCESS
DEL00820,D016,Hub-Central,Zone-30,24.49,2026-02-23 00:42:34,2026-02-23 01:10:25,SUCCESS
DEL00821,D032,Hub-West,Zone-23,38.99,2026-02-13 01:51:12,2026-02-13 02:04:30,FAILED
DEL00822,D027,Warehouse-South,Zone-18,84.97,2025-12-17 00:26:21,2025-12-17 01:38:04,SUCCESS
DEL00823,D042,Warehouse-East,Zone-13,31.28,2026-02-28 14:09:23,2026-02-28 14:24:08,FAILED
DEL00824,D060,Warehouse-East,Zone-10,16.36,2026-01-12 14:59:23,2026-01-12 15:10:06,SUCCESS
DEL00825,D034,Hub-West,Zone-29,24.94,2025-12-09 20:03:55,2025-12-09 20:28:46,SUCCESS
DEL00826,D064,Warehouse-North,Zone-26,67.27,2025-12-30 11:44:10,2025-12-30 12:44:11,SUCCESS
DEL00827,D093,Warehouse-East,Zone-30,48.77,2025-12-31 03:59:02,2025-12-31 04:37:16,SUCCESS
DEL00828,D027,Warehouse-East,Zone-14,71.82,2025-12-11 23:36:36,2025-12-12 00:35:12,SUCCESS
DEL00829,D006,Warehouse-South,Zone-24,61.48,2026-01-18 05:33:18,2026-01-18 06:42:47,SUCCESS
DEL00830,D019,Warehouse-East,Zone-18,13.5,2025-10-04 03:35:24,2025-10-04 03:45:12,FAILED
DEL00831,D075,Hub-Central,Zone-10,14.31,2026-01-21 11:00:05,2026-01-21 11:13:08,SUCCESS
DEL00832,D020,Warehouse-East,Zone-08,20.12,2025-11-08 02:19:11,2025-11-08 02:35:39,SUCCESS
DEL00833,D049,Warehouse-South,Zone-16,38.62,2026-01-19 15:24:41,2026-01-19 15:50:17,SUCCESS
DEL00834,D071,Warehouse-East,Zone-09,33.34,2026-02-05 02:41:39,2026-02-05 02:59:20,FAILED
DEL00835,D098,Hub-Central,Zone-24,58.16,2026-03-09 12:53:45,2026-03-09 13:35:49,SUCCESS
DEL00836,D083,Hub-Central,Zone-15,10.54,2026-02-21 14:45:29,2026-02-21 14:53:52,SUCCESS
DEL00837,D022,Warehouse-East,Zone-06,58.13,2026-02-20 06:57:58,2026-02-20 07:42:29,SUCCESS
DEL00838,D018,Hub-West,Zone-16,26.78,2026-02-17 20:54:15,2026-02-17 21:20:00,SUCCESS
DEL00839,D024,Hub-West,Zone-21,34.31,2026-03-28 01:03:39,2026-03-28 01:38:01,SUCCESS
DEL00840,D008,Warehouse-North,Zone-27,52.07,2026-01-10 17:45:28,2026-01-10 18:25:30,SUCCESS
DEL00841,D010,Warehouse-North,Zone-25,16.93,2026-03-08 20:08:14,2026-03-08 20:24:04,SUCCESS
DEL00842,D001,Warehouse-South,Zone-27,47.0,2025-12-20 01:53:13,2025-12-20 02:37:59,SUCCESS
DEL00843,D081,Warehouse-North,Zone-23,26.08,2025-11-14 22:33:28,2025-11-14 23:09:49,SUCCESS
DEL00844,D020,Warehouse-South,Zone-17,26.41,2025-10-02 18:36:08,2025-10-02 19:06:00,SUCCESS
DEL00845,D059,Warehouse-North,Zone-20,10.3,2025-12-12 11:14:28,2025-12-12 11:22:21,SUCCESS
DEL00846,D082,Hub-West,Zone-30,42.58,2026-02-07 11:18:08,2026-02-07 11:53:44,SUCCESS
DEL00847,D062,Hub-Central,Zone-01,10.68,2026-02-06 00:29:15,2026-02-06 00:36:41,SUCCESS
DEL00848,D001,Hub-West,Zone-14,27.62,2026-01-12 08:17:23,2026-01-12 08:44:06,SUCCESS
DEL00849,D002,Hub-West,Zone-24,12.64,2025-10-04 05:56:58,2025-10-04 06:08:18,SUCCESS
DEL00850,D036,Warehouse-East,Zone-01,28.45,2026-01-13 00:43:13,2026-01-13 01:13:55,SUCCESS
DEL00851,D065,Hub-Central,Zone-26,43.68,2026-03-07 21:35:14,2026-03-07 22:06:19,SUCCESS
DEL00852,D023,Warehouse-North,Zone-17,5.57,2025-10-21 18:43:57,2025-10-21 18:49:23,SUCCESS
DEL00853,D020,Warehouse-South,Zone-20,13.88,2025-11-16 18:59:46,2025-11-16 19:05:43,FAILED
DEL00854,D068,Warehouse-East,Zone-09,66.27,2025-11-19 00:21:14,2025-11-19 01:21:31,SUCCESS
DEL00855,D051,Warehouse-East,Zone-13,5.29,2025-10-16 08:15:22,2025-10-16 08:20:30,SUCCESS
DEL00856,D059,Warehouse-South,Zone-23,20.52,2026-01-18 17:06:03,2026-01-18 17:21:52,SUCCESS
DEL00857,D029,Warehouse-North,Zone-21,7.05,2025-11-28 05:58:59,2025-11-28 06:02:24,FAILED
DEL00858,D084,Warehouse-North,Zone-03,49.08,2026-02-25 11:55:35,2026-02-25 12:39:06,SUCCESS
DEL00859,D052,Hub-Central,Zone-18,35.3,2025-12-13 15:29:54,2025-12-13 15:59:56,SUCCESS
DEL00860,D061,Warehouse-North,Zone-23,42.61,2025-10-11 21:30:52,2025-10-11 22:17:51,SUCCESS
DEL00861,D022,Hub-Central,Zone-28,58.56,2025-10-17 01:20:42,2025-10-17 02:38:29,SUCCESS
DEL00862,D056,Warehouse-East,Zone-19,26.96,2026-02-03 05:29:08,2026-02-03 05:57:52,SUCCESS
DEL00863,D013,Hub-West,Zone-30,41.07,2026-03-23 18:01:45,2026-03-23 18:31:28,SUCCESS
DEL00864,D006,Warehouse-South,Zone-29,40.16,2025-11-14 14:47:22,2025-11-14 15:22:11,SUCCESS
DEL00865,D089,Hub-West,Zone-16,20.88,2026-03-22 08:18:10,2026-03-22 08:35:59,SUCCESS
DEL00866,D035,Warehouse-North,Zone-22,28.06,2025-10-10 00:59:40,2025-10-10 01:27:12,SUCCESS
DEL00867,D036,Hub-West,Zone-19,32.62,2026-03-24 15:05:45,2026-03-24 15:16:07,FAILED
DEL00868,D085,Warehouse-South,Zone-30,18.78,2025-10-07 09:20:00,2025-10-07 09:27:12,FAILED
DEL00869,D041,Warehouse-South,Zone-19,28.61,2025-10-04 00:58:19,2025-10-04 01:21:48,SUCCESS
DEL00870,D019,Hub-Central,Zone-30,33.43,2026-02-24 01:45:35,2026-02-24 02:11:13,SUCCESS
DEL00871,D010,Warehouse-South,Zone-19,27.17,2025-11-28 02:43:53,2025-11-28 03:03:36,SUCCESS
DEL00872,D031,Hub-Central,Zone-22,61.84,2026-01-19 00:59:39,2026-01-19 01:29:00,FAILED
DEL00873,D070,Hub-Central,Zone-25,9.45,2025-12-04 09:58:23,2025-12-04 10:06:27,FAILED
DEL00874,D095,Warehouse-North,Zone-17,42.37,2025-10-28 04:13:01,2025-10-28 04:45:07,SUCCESS
DEL00875,D096,Warehouse-North,Zone-04,22.1,2025-12-07 03:49:19,2025-12-07 04:07:31,SUCCESS
DEL00876,D056,Warehouse-North,Zone-11,31.44,2025-11-15 01:52:10,2025-11-15 02:16:35,SUCCESS
DEL00877,D078,Hub-West,Zone-20,8.1,2026-02-27 07:49:33,2026-02-27 08:00:48,SUCCESS
DEL00878,D051,Warehouse-East,Zone-01,32.95,2026-02-28 05:01:37,2026-02-28 05:26:21,SUCCESS
DEL00879,D082,Hub-Central,Zone-16,7.19,2025-11-23 01:47:46,2025-11-23 01:54:12,SUCCESS
DEL00880,D030,Hub-West,Zone-13,9.97,2025-12-09 02:12:01,2025-12-09 02:24:26,SUCCESS
DEL00881,D056,Hub-West,Zone-22,16.82,2025-11-06 01:36:03,2025-11-06 01:55:04,SUCCESS
DEL00882,D049,Hub-West,Zone-10,46.17,2025-10-17 15:21:48,2025-10-17 16:21:03,SUCCESS
DEL00883,D032,Warehouse-North,Zone-03,23.21,2026-02-16 11:19:35,2026-02-16 11:44:27,SUCCESS
DEL00884,D035,Hub-Central,Zone-23,27.49,2025-10-30 22:43:18,2025-10-30 23:11:56,SUCCESS
DEL00885,D082,Hub-Central,Zone-11,42.76,2025-10-30 22:58:56,2025-10-30 23:28:22,SUCCESS
DEL00886,D047,Warehouse-North,Zone-01,14.52,2025-10-21 16:33:47,2025-10-21 16:44:49,SUCCESS
DEL00887,D040,Warehouse-East,Zone-25,5.55,2025-12-26 08:37:09,2025-12-26 08:44:30,SUCCESS
DEL00888,D035,Warehouse-South,Zone-03,30.93,2025-10-20 20:25:58,2025-10-20 21:14:02,SUCCESS
DEL00889,D024,Hub-Central,Zone-18,39.19,2025-12-23 16:30:36,2025-12-23 17:14:58,SUCCESS
DEL00890,D072,Hub-Central,Zone-04,28.57,2026-01-08 12:08:50,2026-01-08 12:31:24,FAILED
DEL00891,D004,Warehouse-East,Zone-18,37.03,2025-10-18 09:39:14,2025-10-18 10:08:20,SUCCESS
DEL00892,D012,Hub-West,Zone-26,,2026-01-24 21:52:12,2026-01-24 23:01:59,SUCCESS
DEL00893,D042,Hub-Central,Zone-01,18.26,2026-03-17 17:13:06,2026-03-17 17:29:06,SUCCESS
DEL00894,D038,Hub-Central,Zone-25,43.67,2025-12-20 08:29:40,2025-12-20 09:24:37,SUCCESS
DEL00895,D011,Hub-West,Zone-29,21.94,2026-02-18 18:01:01,2026-02-18 18:32:46,SUCCESS
DEL00896,D032,Hub-West,Zone-06,40.63,2026-01-20 01:31:43,2026-01-20 02:11:13,SUCCESS
DEL00897,D088,Warehouse-South,Zone-05,21.96,2025-12-13 22:20:23,2025-12-13 22:40:29,SUCCESS
DEL00898,D035,Warehouse-East,Zone-16,37.69,2025-11-28 11:22:24,2025-11-28 11:47:47,SUCCESS
DEL00899,D019,Warehouse-South,Zone-14,7.5,2025-10-13 06:50:46,2025-10-13 06:53:25,FAILED
DEL00900,D036,Warehouse-East,Zone-16,25.97,2025-12-21 18:28:44,2025-12-21 18:59:27,SUCCESS
DEL00901,D010,Warehouse-East,Zone-08,16.29,2025-12-10 02:57:50,2025-12-10 03:11:30,FAILED
DEL00902,D093,Hub-Central,Zone-20,42.93,2026-01-30 08:52:05,2026-01-30 09:44:49,SUCCESS
DEL00903,D079,Hub-Central,Zone-04,20.07,2025-11-07 23:19:14,2025-11-07 23:43:33,SUCCESS
DEL00904,D018,Warehouse-North,Zone-13,11.5,2025-11-29 03:48:33,2025-11-29 04:01:37,SUCCESS
DEL00905,D043,Hub-West,Zone-13,7.96,2026-03-13 10:12:09,2026-03-13 10:19:22,SUCCESS
DEL00906,D043,Warehouse-East,Zone-14,23.67,2025-12-25 11:35:15,2025-12-25 11:51:24,SUCCESS
DEL00907,D084,Warehouse-South,Zone-10,19.79,2026-01-24 10:04:18,2026-01-24 10:21:31,SUCCESS
DEL00908,D042,Warehouse-South,Zone-16,33.19,2026-01-26 03:10:05,2026-01-26 03:29:05,FAILED
DEL00909,D041,Hub-Central,Zone-11,29.66,2025-11-04 11:50:58,2025-11-04 12:33:18,SUCCESS
DEL00910,D038,Hub-Central,Zone-19,28.47,2026-02-20 16:45:45,2026-02-20 17:17:12,SUCCESS
DEL00911,D032,Hub-Central,Zone-09,35.12,2025-12-03 06:44:23,2025-12-03 07:15:07,SUCCESS
DEL00912,D051,Warehouse-North,Zone-30,21.78,2025-12-10 21:05:44,2025-12-10 21:15:57,FAILED
DEL00913,D073,Hub-West,Zone-18,53.0,2025-11-08 19:08:08,2025-11-08 19:51:19,SUCCESS
DEL00914,D024,Hub-West,Zone-01,7.47,2026-02-10 09:00:40,2026-02-10 09:10:23,SUCCESS
DEL00915,D094,Warehouse-South,Zone-15,66.38,2025-12-29 15:18:55,2025-12-29 16:19:16,SUCCESS
DEL00916,D038,Warehouse-North,Zone-27,8.7,2026-03-11 10:03:14,2026-03-11 10:13:13,SUCCESS
DEL00917,D053,Hub-Central,Zone-05,27.13,2026-02-08 16:18:11,2026-02-08 16:45:21,SUCCESS
DEL00918,D082,Warehouse-South,Zone-09,19.63,2025-11-28 19:18:08,2025-11-28 19:28:24,FAILED
DEL00919,D085,Hub-Central,Zone-26,50.76,2025-10-30 22:21:34,2025-10-30 23:04:45,SUCCESS
DEL00920,D049,Hub-Central,Zone-20,25.67,2025-10-15 08:42:09,2025-10-15 09:09:53,SUCCESS
DEL00921,D062,Hub-Central,Zone-18,24.69,2026-01-22 01:27:13,2026-01-22 02:02:24,SUCCESS
DEL00922,D065,Hub-Central,Zone-18,49.05,2026-03-29 07:48:07,2026-03-29 08:32:20,SUCCESS
DEL00923,D005,Warehouse-East,Zone-23,18.0,2026-03-03 13:01:35,2026-03-03 13:13:55,SUCCESS
DEL00924,D069,Warehouse-North,Zone-04,5.49,2026-01-24 07:24:05,2026-01-24 07:28:59,FAILED
DEL00925,D099,Warehouse-East,Zone-06,9.71,2025-11-18 04:50:24,2025-11-18 04:57:48,SUCCESS
DEL00926,D083,Warehouse-North,Zone-19,12.02,2026-01-27 23:17:09,2026-01-27 23:26:15,SUCCESS
DEL00927,D083,Hub-Central,Zone-25,60.92,2026-02-09 13:14:52,2026-02-09 14:07:27,SUCCESS
DEL00928,D043,Hub-Central,Zone-04,19.39,2026-03-04 14:42:20,2026-03-04 14:55:37,SUCCESS
DEL00929,D002,Warehouse-East,Zone-08,18.04,2025-10-20 03:32:23,2025-10-20 03:46:56,SUCCESS
DEL00930,D066,Hub-West,Zone-18,11.59,2026-02-23 00:35:14,2026-02-23 00:49:01,SUCCESS
DEL00931,D075,Hub-West,Zone-08,49.92,2026-02-11 12:44:54,2026-02-11 13:32:00,SUCCESS
DEL00932,D058,Hub-Central,Zone-15,19.94,2025-12-12 15:31:24,2025-12-12 15:45:40,SUCCESS
DEL00933,D099,Hub-West,Zone-23,14.39,2026-02-09 22:57:29,2026-02-09 23:12:33,SUCCESS
DEL00934,D065,Warehouse-East,Zone-01,46.69,2025-10-30 06:31:20,2025-10-30 07:16:56,SUCCESS
DEL00935,D062,Warehouse-East,Zone-14,13.14,2025-10-21 07:14:07,2025-10-21 07:28:06,SUCCESS
DEL00936,D011,Warehouse-South,Zone-12,12.14,2025-10-23 12:55:20,2025-10-23 13:12:40,SUCCESS
DEL00937,D040,Hub-Central,Zone-26,,2025-12-06 14:48:23,2025-12-06 15:26:00,SUCCESS
DEL00938,D027,Hub-Central,Zone-12,68.56,2026-01-10 04:34:16,2026-01-10 06:05:39,SUCCESS
DEL00939,D061,Hub-Central,Zone-24,47.95,2025-10-19 22:57:22,2025-10-19 23:51:40,SUCCESS
DEL00940,D090,Warehouse-East,Zone-03,94.79,2025-12-27 20:33:24,2025-12-27 21:44:58,SUCCESS
DEL00941,D039,Warehouse-North,Zone-01,26.52,2025-10-09 16:14:17,2025-10-09 16:35:37,SUCCESS
DEL00942,D044,Warehouse-North,Zone-22,62.77,2026-02-03 19:45:31,2026-02-03 20:28:50,FAILED
DEL00943,D022,Warehouse-South,Zone-17,5.93,2026-03-30 13:45:09,2026-03-30 13:50:33,SUCCESS
DEL00944,D023,Warehouse-South,Zone-11,32.87,2026-01-16 04:05:18,2026-01-16 04:37:37,SUCCESS
DEL00945,D072,Hub-Central,Zone-08,13.4,2025-12-22 19:01:31,2025-12-22 19:13:08,SUCCESS
DEL00946,D052,Warehouse-South,Zone-06,28.27,2026-01-31 06:53:44,2026-01-31 07:13:21,FAILED
DEL00947,D082,Hub-Central,Zone-13,11.24,2026-02-05 15:16:36,2026-02-05 15:24:14,SUCCESS
DEL00948,D004,Hub-West,Zone-29,13.34,2026-02-21 04:28:43,2026-02-21 04:38:24,SUCCESS
DEL00949,D026,Hub-West,Zone-14,19.17,2025-12-27 07:10:17,2025-12-27 07:17:13,FAILED
DEL00950,D050,Warehouse-South,Zone-07,14.43,2025-10-01 20:44:19,2025-10-01 21:02:49,SUCCESS
DEL00951,D036,Warehouse-North,Zone-19,27.34,2026-02-24 02:05:27,2026-02-24 02:25:27,SUCCESS
DEL00952,D014,Hub-West,Zone-06,46.86,2026-03-05 05:57:03,2026-03-05 06:36:38,SUCCESS
DEL00953,D047,Warehouse-South,Zone-15,19.41,2025-12-03 07:11:59,2025-12-03 07:35:44,SUCCESS
DEL00954,D015,Hub-Central,Zone-17,10.95,2025-11-20 22:39:19,2025-11-20 22:49:17,SUCCESS
DEL00955,D082,Hub-West,Zone-13,10.99,2025-11-30 20:34:08,2025-11-30 20:39:42,FAILED
DEL00956,D079,Hub-West,Zone-04,12.26,2025-12-16 05:23:15,2025-12-16 05:36:49,SUCCESS
DEL00957,D045,Hub-Central,Zone-20,15.18,2025-12-08 08:22:07,2025-12-08 08:27:46,FAILED
DEL00958,D023,Warehouse-East,Zone-30,30.21,2026-03-08 00:17:42,2026-03-08 00:33:00,FAILED
DEL00959,D079,Warehouse-North,Zone-22,19.75,2026-01-23 14:23:02,2026-01-23 14:37:38,SUCCESS
DEL00960,D018,Warehouse-North,Zone-08,42.7,2025-11-30 19:33:04,2025-11-30 20:25:18,SUCCESS
DEL00961,D040,Warehouse-South,Zone-12,41.39,2025-10-23 17:01:17,2025-10-23 17:47:10,SUCCESS
DEL00962,D089,Hub-West,Zone-13,33.5,2025-10-28 10:46:42,2025-10-28 11:13:21,SUCCESS
DEL00963,D054,Warehouse-South,Zone-19,49.05,2026-01-24 19:32:44,2026-01-24 20:40:54,SUCCESS
DEL00964,D050,Warehouse-South,Zone-16,11.04,2025-12-22 03:30:13,2025-12-22 03:35:53,FAILED
DEL00965,D082,Warehouse-South,Zone-18,27.01,2026-01-13 08:22:08,2026-01-13 08:33:10,FAILED
DEL00966,D022,Warehouse-East,Zone-05,60.47,2026-01-04 01:53:50,2026-01-04 02:48:56,SUCCESS
DEL00967,D024,Hub-Central,Zone-20,38.24,2025-12-01 02:02:56,2025-12-01 02:29:20,SUCCESS
DEL00968,D007,Warehouse-East,Zone-01,31.56,2026-03-18 01:37:33,2026-03-18 02:21:34,SUCCESS
DEL00969,D063,Warehouse-South,Zone-27,15.39,2025-10-27 12:17:52,2025-10-27 12:29:22,SUCCESS
DEL00970,D050,Hub-West,Zone-21,21.68,2026-01-18 01:09:43,2026-01-18 01:39:55,SUCCESS
DEL00971,D064,Hub-Central,Zone-14,43.56,2025-12-19 10:42:15,2025-12-19 11:21:00,SUCCESS
DEL00972,D091,Hub-Central,Zone-16,13.48,2026-03-13 02:10:46,2026-03-13 02:19:36,FAILED
DEL00973,D022,Hub-West,Zone-01,63.74,2025-10-17 01:16:22,2025-10-17 01:46:15,FAILED
DEL00974,D098,Warehouse-East,Zone-02,24.74,2025-11-12 19:44:31,2025-11-12 20:04:53,SUCCESS
DEL00975,D036,Hub-West,Zone-10,12.16,2025-11-13 15:50:46,2025-11-13 16:02:16,SUCCESS
DEL00976,D022,Hub-Central,Zone-19,61.7,2026-03-01 14:30:46,2026-03-01 15:05:36,FAILED
DEL00977,D096,Hub-Central,Zone-18,68.15,2026-02-28 00:19:58,2026-02-28 01:13:16,SUCCESS
DEL00978,D066,Hub-West,Zone-04,29.72,2025-10-22 23:36:05,2025-10-23 00:17:37,SUCCESS
DEL00979,D035,Hub-West,Zone-27,20.4,2026-02-28 12:17:18,2026-02-28 12:37:31,SUCCESS
DEL00980,D047,Warehouse-North,Zone-25,30.47,2026-01-14 06:06:18,2026-01-14 06:51:42,SUCCESS
DEL00981,D093,Hub-West,Zone-07,17.87,2025-12-25 16:55:02,2025-12-25 17:05:40,FAILED
DEL00982,D055,Warehouse-South,Zone-10,71.85,2025-10-20 21:17:42,2025-10-20 22:34:17,SUCCESS
DEL00983,D005,Warehouse-East,Zone-12,18.49,2025-12-27 07:54:16,2025-12-27 08:05:43,FAILED
DEL00984,D012,Warehouse-North,Zone-25,15.02,2025-12-25 06:12:50,2025-12-25 06:29:28,SUCCESS
DEL00985,D031,Hub-West,Zone-23,35.63,2025-11-10 18:06:11,2025-11-10 18:42:10,SUCCESS
DEL00986,D045,Hub-West,Zone-21,57.79,2026-03-17 04:46:39,2026-03-17 05:25:30,SUCCESS
DEL00987,D055,Hub-West,Zone-05,24.36,2025-11-02 05:31:49,2025-11-02 05:52:00,SUCCESS
DEL00988,D027,Warehouse-South,Zone-26,5.42,2026-03-07 23:19:26,2026-03-07 23:23:03,FAILED
DEL00989,D008,Warehouse-East,Zone-18,53.35,2026-01-19 16:44:20,2026-01-19 17:45:14,SUCCESS
DEL00990,D036,Hub-West,Zone-06,26.78,2026-01-24 21:33:30,2026-01-24 22:10:12,SUCCESS
DEL00991,D042,Warehouse-East,Zone-10,34.1,2026-02-14 17:07:42,2026-02-14 17:41:22,SUCCESS
DEL00992,D074,Hub-West,Zone-29,21.97,2025-11-21 21:54:32,2025-11-21 22:11:25,SUCCESS
DEL00993,D087,Warehouse-North,Zone-05,8.54,2026-03-08 07:01:06,2026-03-08 07:05:50,FAILED
DEL00994,D097,Hub-Central,Zone-30,26.59,2026-03-02 13:35:08,2026-03-02 13:55:26,SUCCESS
DEL00995,D008,Warehouse-South,Zone-23,21.56,2025-11-23 20:25:16,2025-11-23 20:39:22,SUCCESS
DEL00996,D017,Warehouse-South,Zone-23,25.19,2025-11-18 11:34:49,2025-11-18 11:54:23,SUCCESS
DEL00997,D042,Warehouse-South,Zone-25,20.85,2026-03-10 21:00:18,2026-03-10 21:21:19,SUCCESS
DEL00998,D087,Hub-Central,Zone-05,37.32,2025-12-16 06:07:05,2025-12-16 06:39:00,FAILED
DEL00999,D074,Warehouse-East,Zone-21,61.91,2026-01-31 19:12:24,2026-01-31 20:26:07,SUCCESS
DEL01000,D054,Hub-Central,Zone-03,15.83,2025-12-12 20:25:47,2025-12-12 20:39:22,SUCCESS
DEL01001,D082,Warehouse-North,Zone-13,22.53,2026-03-04 07:05:52,2026-03-04 07:30:37,SUCCESS
DEL01002,D066,Warehouse-East,Zone-23,34.41,2026-02-23 14:19:56,2026-02-23 15:01:25,SUCCESS
DEL01003,D048,Hub-Central,Zone-11,24.63,2025-12-28 07:02:07,2025-12-28 07:18:30,SUCCESS
DEL01004,D075,Warehouse-North,Zone-24,9.89,2025-10-01 11:31:31,2025-10-01 11:41:03,SUCCESS
DEL01005,D059,Warehouse-East,Zone-28,17.7,2026-02-01 06:34:16,2026-02-01 06:50:13,SUCCESS
DEL01006,D009,Hub-West,Zone-13,54.19,2026-03-04 12:07:40,2026-03-04 13:22:28,SUCCESS
DEL01007,D028,Warehouse-South,Zone-16,23.81,2025-12-23 10:16:55,2025-12-23 10:27:11,FAILED
DEL01008,D035,Warehouse-East,Zone-11,35.34,2025-12-02 16:39:38,2025-12-02 16:54:23,FAILED
DEL01009,D071,Warehouse-South,Zone-19,16.66,2026-01-21 05:21:57,2026-01-21 05:35:07,SUCCESS
DEL01010,D063,Warehouse-East,Zone-29,21.63,2026-03-03 01:45:40,2026-03-03 02:04:29,SUCCESS
DEL01011,D088,Warehouse-North,Zone-02,19.31,2026-02-26 00:21:40,2026-02-26 00:34:57,SUCCESS
DEL01012,D013,Hub-Central,Zone-01,45.18,2026-01-30 14:12:29,2026-01-30 14:50:15,SUCCESS
DEL01013,D016,Warehouse-South,Zone-15,7.11,2026-03-30 11:28:16,2026-03-30 11:35:32,SUCCESS
DEL01014,D059,Hub-Central,Zone-07,12.01,2025-10-01 03:09:00,2025-10-01 03:22:15,SUCCESS
DEL01015,D089,Warehouse-South,Zone-29,11.2,2026-03-26 14:08:41,2026-03-26 14:16:35,SUCCESS
DEL01016,D084,Warehouse-South,Zone-28,30.53,2025-11-28 14:47:42,2025-11-28 15:19:52,SUCCESS
DEL01017,D036,Warehouse-East,Zone-09,22.47,2025-10-19 02:59:45,2025-10-19 03:15:38,SUCCESS
DEL01018,D011,Warehouse-South,Zone-02,29.59,2025-12-12 04:55:03,2025-12-12 05:41:09,SUCCESS
DEL01019,D051,Warehouse-East,Zone-24,8.24,2026-01-30 11:31:38,2026-01-30 11:42:58,SUCCESS
DEL01020,D090,Warehouse-South,Zone-14,58.94,2026-02-24 15:38:13,2026-02-24 16:34:29,SUCCESS
DEL01021,D084,Warehouse-North,Zone-01,40.64,2025-10-18 17:01:08,2025-10-18 17:38:34,SUCCESS
DEL01022,D028,Warehouse-North,Zone-05,61.5,2026-01-01 14:04:49,2026-01-01 14:37:47,FAILED
DEL01023,D076,Hub-West,Zone-22,11.07,2025-11-13 22:07:32,2025-11-13 22:19:08,SUCCESS
DEL01024,D057,Warehouse-North,Zone-23,18.56,2025-10-02 19:16:49,2025-10-02 19:27:43,FAILED
DEL01025,D044,Warehouse-North,Zone-28,64.0,2026-03-08 16:00:14,2026-03-08 16:47:06,SUCCESS
DEL01026,D055,Warehouse-South,Zone-16,72.91,2026-02-12 18:25:08,2026-02-12 18:56:17,FAILED
DEL01027,D010,Hub-Central,Zone-03,18.91,2025-11-14 10:58:11,2025-11-14 11:09:53,FAILED
DEL01028,D094,Warehouse-North,Zone-04,57.61,2026-03-06 12:01:51,2026-03-06 12:19:01,FAILED
DEL01029,D041,Warehouse-East,Zone-05,22.68,2025-12-11 08:57:41,2025-12-11 09:24:26,SUCCESS
DEL01030,D049,Warehouse-South,Zone-21,37.47,2026-02-28 04:35:13,2026-02-28 04:53:25,FAILED
DEL01031,D087,Warehouse-North,Zone-17,21.04,2025-10-28 17:44:36,2025-10-28 18:01:01,SUCCESS
DEL01032,D073,Hub-West,Zone-21,20.63,2025-10-02 15:29:42,2025-10-02 15:50:37,SUCCESS
DEL01033,D022,Warehouse-East,Zone-24,33.73,2025-12-25 11:00:43,2025-12-25 11:38:38,SUCCESS
DEL01034,D028,Warehouse-South,Zone-30,34.56,2026-01-30 23:03:54,2026-01-30 23:28:09,SUCCESS
DEL01035,D053,Hub-Central,Zone-28,18.72,2026-01-28 15:07:20,2026-01-28 15:24:09,SUCCESS
DEL01036,D028,Warehouse-North,Zone-05,47.13,2025-10-17 19:59:43,2025-10-17 20:56:46,SUCCESS
DEL01037,D097,Hub-West,Zone-24,45.89,2025-10-24 21:57:15,2025-10-24 22:39:20,SUCCESS
DEL01038,D050,Hub-Central,Zone-11,22.37,2025-12-08 06:16:29,2025-12-08 06:40:05,SUCCESS
DEL01039,D018,Warehouse-East,Zone-21,39.84,2025-11-18 02:46:05,2025-11-18 03:25:28,SUCCESS
DEL01040,D011,Hub-West,Zone-20,7.0,2025-11-18 04:32:31,2025-11-18 04:38:29,SUCCESS
DEL01041,D077,Hub-West,Zone-10,7.29,2026-02-18 00:56:26,2026-02-18 01:00:44,FAILED
DEL01042,D100,Warehouse-North,Zone-28,26.33,2026-02-12 01:51:06,2026-02-12 02:08:09,SUCCESS
DEL01043,D085,Warehouse-East,Zone-07,14.33,2026-03-20 01:39:01,2026-03-20 01:53:55,SUCCESS
DEL01044,D067,Hub-West,Zone-07,38.79,2026-01-26 20:29:03,2026-01-26 20:46:28,FAILED
DEL01045,D096,Warehouse-East,Zone-21,60.08,2025-12-16 01:41:31,2025-12-16 02:49:56,SUCCESS
DEL01046,D007,Warehouse-South,Zone-16,70.8,2026-03-02 04:46:48,2026-03-02 05:51:52,SUCCESS
DEL01047,D050,Warehouse-South,Zone-16,8.53,2025-10-22 21:25:24,2025-10-22 21:31:00,SUCCESS
DEL01048,D082,Warehouse-North,Zone-17,18.72,2026-01-24 07:54:48,2026-01-24 08:19:19,SUCCESS
DEL01049,D002,Warehouse-East,Zone-05,17.05,2025-12-10 02:50:22,2025-12-10 03:10:21,SUCCESS
DEL01050,D050,Hub-West,Zone-14,21.48,2026-03-17 03:41:02,2026-03-17 03:52:48,FAILED
DEL01051,D047,Warehouse-South,Zone-25,20.35,2026-01-15 02:12:16,2026-01-15 02:32:56,SUCCESS
DEL01052,D061,Warehouse-North,Zone-01,55.55,2026-02-27 14:10:14,2026-02-27 15:37:37,SUCCESS
DEL01053,D076,Warehouse-North,Zone-09,60.68,2025-10-14 02:43:28,2025-10-14 03:49:01,SUCCESS
DEL01054,D028,Warehouse-North,Zone-26,50.5,2025-10-08 17:36:23,2025-10-08 18:17:47,SUCCESS
DEL01055,D051,Warehouse-East,Zone-21,17.75,2026-01-07 08:58:35,2026-01-07 09:17:50,FAILED
DEL01056,D092,Hub-Central,Zone-14,15.37,2026-01-06 07:03:26,2026-01-06 07:10:56,FAILED
DEL01057,D090,Warehouse-North,Zone-21,92.44,2025-12-18 02:44:55,2025-12-18 03:52:58,SUCCESS
DEL01058,D069,Hub-West,Zone-05,35.82,2026-01-13 09:39:20,2026-01-13 10:05:35,SUCCESS
DEL01059,D036,Warehouse-East,Zone-03,19.81,2025-10-17 05:35:26,2025-10-17 05:49:29,SUCCESS
DEL01060,D066,Warehouse-South,Zone-26,22.41,2026-03-28 19:49:15,2026-03-28 20:06:28,SUCCESS
DEL01061,D020,Warehouse-East,Zone-13,17.17,2026-01-13 03:45:33,2026-01-13 04:05:08,SUCCESS
DEL01062,D076,Warehouse-North,Zone-10,55.17,2026-02-01 04:01:31,2026-02-01 04:39:24,SUCCESS
DEL01063,D090,Warehouse-South,Zone-02,60.94,2025-12-24 22:49:57,2025-12-24 23:26:17,FAILED
DEL01064,D032,Hub-Central,Zone-04,6.45,2025-10-17 17:46:50,2025-10-17 17:52:03,SUCCESS
DEL01065,D059,Hub-West,Zone-02,18.29,2026-01-27 21:30:35,2026-01-27 21:51:58,SUCCESS
DEL01066,D040,Warehouse-South,Zone-04,70.42,2026-02-07 08:09:20,2026-02-07 09:11:48,SUCCESS
DEL01067,D002,Warehouse-South,Zone-23,63.97,2026-02-15 11:03:21,2026-02-15 12:30:37,SUCCESS
DEL01068,D002,Hub-Central,Zone-12,10.87,2025-11-01 19:30:55,2025-11-01 19:39:11,SUCCESS
DEL01069,D067,Warehouse-East,Zone-06,54.77,2026-01-09 10:25:59,2026-01-09 11:10:02,SUCCESS
DEL01070,D048,Warehouse-East,Zone-24,22.98,2025-10-25 15:32:22,2025-10-25 15:41:01,FAILED
DEL01071,D016,Warehouse-North,Zone-11,36.3,2026-02-27 19:07:32,2026-02-27 19:21:14,FAILED
DEL01072,D055,Hub-West,Zone-03,47.0,2025-11-22 19:31:17,2025-11-22 20:21:16,SUCCESS
DEL01073,D034,Hub-West,Zone-21,14.1,2026-02-16 07:40:00,2026-02-16 07:45:15,FAILED
DEL01074,D010,Hub-Central,Zone-17,8.14,2026-01-05 08:12:54,2026-01-05 08:24:06,SUCCESS
DEL01075,D047,Hub-Central,Zone-28,50.54,2025-10-11 18:21:53,2025-10-11 18:45:43,FAILED
DEL01076,D073,Warehouse-East,Zone-06,28.98,2025-11-02 09:43:25,2025-11-02 09:52:32,FAILED
DEL01077,D033,Warehouse-North,Zone-29,34.87,2026-02-28 03:58:26,2026-02-28 04:21:47,SUCCESS
DEL01078,D074,Warehouse-North,Zone-08,17.65,2026-02-08 21:37:44,2026-02-08 21:51:33,SUCCESS
DEL01079,D095,Warehouse-North,Zone-02,8.76,2026-01-07 19:17:45,2026-01-07 19:24:23,SUCCESS
DEL01080,D002,Warehouse-North,Zone-16,48.31,2025-11-17 11:41:32,2025-11-17 12:22:07,SUCCESS
DEL01081,D047,Warehouse-South,Zone-06,10.45,2025-12-14 08:48:49,2025-12-14 08:56:29,SUCCESS
DEL01082,D005,Hub-Central,Zone-08,17.07,2026-01-16 08:32:11,2026-01-16 08:44:43,SUCCESS
DEL01083,D042,Hub-Central,Zone-30,12.54,2025-11-18 04:59:25,2025-11-18 05:12:12,SUCCESS
DEL01084,D093,Warehouse-East,Zone-27,75.06,2025-12-02 03:00:20,2025-12-02 04:44:24,SUCCESS
DEL01085,D010,Warehouse-East,Zone-04,31.57,2026-01-19 23:33:02,2026-01-19 23:57:35,SUCCESS
DEL01086,D065,Warehouse-North,Zone-06,48.41,2026-02-08 17:55:30,2026-02-08 18:28:07,SUCCESS
DEL01087,D029,Hub-West,Zone-02,30.61,2026-03-06 04:29:12,2026-03-06 05:13:45,SUCCESS
DEL01088,D052,Hub-Central,Zone-28,13.9,2025-10-14 09:13:13,2025-10-14 09:20:15,FAILED
DEL01089,D037,Warehouse-East,Zone-11,73.49,2026-02-28 04:53:57,2026-02-28 06:03:58,SUCCESS
DEL01090,D012,Hub-Central,Zone-01,91.73,2026-01-16 09:35:33,2026-01-16 10:55:48,SUCCESS
DEL01091,D048,Warehouse-East,Zone-19,40.86,2025-11-08 23:11:43,2025-11-08 23:48:48,SUCCESS
DEL01092,D039,Hub-West,Zone-08,18.56,2026-02-21 14:40:26,2026-02-21 14:53:49,SUCCESS
DEL01093,D060,Hub-West,Zone-16,38.98,2025-12-11 12:16:46,2025-12-11 12:44:17,SUCCESS
DEL01094,D099,Warehouse-South,Zone-24,26.3,2026-02-28 15:53:26,2026-02-28 16:02:14,FAILED
DEL01095,D070,Warehouse-South,Zone-05,8.19,2026-02-25 16:06:14,2026-02-25 16:13:33,SUCCESS
DEL01096,D001,Warehouse-North,Zone-08,28.82,2025-12-19 14:54:24,2025-12-19 15:15:52,SUCCESS
DEL01097,D070,Warehouse-North,Zone-11,21.98,2025-12-07 06:27:05,2025-12-07 06:49:06,SUCCESS
DEL01098,D001,Hub-Central,Zone-28,26.14,2026-02-25 08:51:58,2026-02-25 09:10:47,SUCCESS
DEL01099,D095,Warehouse-East,Zone-04,21.34,2026-02-19 05:04:03,2026-02-19 05:32:01,SUCCESS
DEL01100,D027,Warehouse-South,Zone-14,7.26,2026-01-11 21:06:52,2026-01-11 21:15:16,SUCCESS
DEL01101,D063,Warehouse-South,Zone-23,10.53,2025-10-12 15:07:52,2025-10-12 15:14:25,FAILED
DEL01102,D036,Warehouse-North,Zone-30,15.16,2025-10-19 01:32:08,2025-10-19 01:45:29,FAILED
DEL01103,D030,Hub-West,Zone-14,11.5,2026-03-24 05:39:45,2026-03-24 05:49:57,SUCCESS
DEL01104,D090,Warehouse-East,Zone-15,30.16,2026-03-23 21:41:44,2026-03-23 22:16:19,SUCCESS
DEL01105,D096,Hub-West,Zone-04,46.46,2025-10-17 11:40:26,2025-10-17 12:23:40,SUCCESS
DEL01106,D065,Hub-Central,Zone-03,53.47,2025-10-26 22:13:10,2025-10-26 22:48:37,SUCCESS
DEL01107,D076,Warehouse-North,Zone-14,7.99,2026-01-19 06:14:11,2026-01-19 06:20:19,SUCCESS
DEL01108,D085,Warehouse-South,Zone-10,26.99,2025-10-26 09:08:41,2025-10-26 09:42:58,SUCCESS
DEL01109,D034,Warehouse-East,Zone-30,27.6,2026-03-15 05:32:43,2026-03-15 06:09:28,SUCCESS
DEL01110,D051,Warehouse-East,Zone-11,18.2,2026-02-14 01:37:04,2026-02-14 01:53:24,SUCCESS
DEL01111,D058,Warehouse-South,Zone-03,61.23,2025-11-22 19:24:22,2025-11-22 20:30:10,SUCCESS
DEL01112,D026,Hub-West,Zone-04,41.15,2025-10-27 10:19:37,2025-10-27 11:21:32,SUCCESS
DEL01113,D020,Warehouse-South,Zone-15,13.77,2025-10-21 12:24:02,2025-10-21 12:37:04,SUCCESS
DEL01114,D060,Hub-Central,Zone-04,10.43,2025-11-30 23:30:04,2025-11-30 23:38:33,SUCCESS
DEL01115,D069,Warehouse-South,Zone-15,17.75,2025-12-09 13:44:25,2025-12-09 13:58:41,SUCCESS
DEL01116,D040,Warehouse-East,Zone-28,48.05,2025-12-29 23:21:05,2025-12-29 23:37:48,FAILED
DEL01117,D016,Warehouse-South,Zone-26,21.23,2025-10-18 13:23:30,2025-10-18 13:47:52,SUCCESS
DEL01118,D088,Hub-West,Zone-02,28.39,2025-11-29 01:44:40,2025-11-29 02:05:01,SUCCESS
DEL01119,D028,Warehouse-East,Zone-05,43.4,2026-03-12 07:41:30,2026-03-12 08:40:34,SUCCESS
DEL01120,D012,Warehouse-South,Zone-12,92.16,2026-02-16 02:14:01,2026-02-16 04:06:07,SUCCESS
DEL01121,D051,Warehouse-North,Zone-22,5.33,2026-01-08 16:53:43,2026-01-08 16:59:04,SUCCESS
DEL01122,D039,Warehouse-South,Zone-01,5.56,2025-11-20 12:27:54,2025-11-20 12:30:50,FAILED
DEL01123,D052,Hub-Central,Zone-18,36.97,2026-03-15 22:43:50,2026-03-15 23:15:13,SUCCESS
DEL01124,D096,Warehouse-South,Zone-04,58.33,2026-01-15 19:44:57,2026-01-15 20:45:46,SUCCESS
DEL01125,D060,Warehouse-South,Zone-04,32.54,2025-10-20 18:55:21,2025-10-20 19:31:34,SUCCESS
DEL01126,D002,Warehouse-South,Zone-05,52.76,2025-10-12 23:23:57,2025-10-13 00:13:45,SUCCESS
DEL01127,D026,Hub-Central,Zone-12,9.6,2026-03-09 22:35:46,2026-03-09 22:42:41,SUCCESS
DEL01128,D088,Warehouse-North,Zone-19,32.38,2026-01-31 09:23:58,2026-01-31 09:46:41,SUCCESS
DEL01129,D076,Warehouse-North,Zone-01,54.23,2025-11-20 06:11:29,2025-11-20 06:45:33,FAILED
DEL01130,D009,Hub-Central,Zone-26,20.63,2025-11-08 09:35:00,2025-11-08 09:50:36,SUCCESS
DEL01131,D017,Warehouse-East,Zone-04,12.61,2025-10-18 20:39:05,2025-10-18 20:53:52,SUCCESS
DEL01132,D006,Warehouse-North,Zone-06,25.4,2025-12-29 12:23:31,2025-12-29 12:43:20,SUCCESS
DEL01133,D074,Hub-Central,Zone-16,30.08,2025-12-24 02:39:18,2025-12-24 03:10:42,SUCCESS
DEL01134,D004,Hub-Central,Zone-06,24.48,2025-12-14 07:38:54,2025-12-14 08:00:47,SUCCESS
DEL01135,D046,Warehouse-South,Zone-09,27.0,2025-11-11 16:38:58,2025-11-11 17:03:44,SUCCESS
DEL01136,D036,Warehouse-South,Zone-02,32.5,2025-12-26 14:33:50,2025-12-26 14:55:32,FAILED
DEL01137,D079,Hub-West,Zone-08,28.78,2026-01-29 05:34:18,2026-01-29 06:07:59,SUCCESS
DEL01138,D083,Hub-Central,Zone-14,27.98,2025-11-27 07:17:23,2025-11-27 07:45:12,SUCCESS
DEL01139,D071,Warehouse-North,Zone-03,31.45,2026-01-02 00:26:45,2026-01-02 00:50:34,SUCCESS
DEL01140,D036,Warehouse-South,Zone-14,42.42,2025-12-14 08:58:50,2025-12-14 09:40:16,SUCCESS
DEL01141,D026,Hub-West,Zone-08,56.76,2026-02-02 18:58:40,2026-02-02 20:11:43,SUCCESS
DEL01142,D081,Hub-West,Zone-26,42.41,2026-03-05 18:22:27,2026-03-05 19:19:22,SUCCESS
DEL01143,D003,Warehouse-East,Zone-16,53.09,2025-12-14 06:34:12,2025-12-14 07:31:59,SUCCESS
DEL01144,D070,Hub-Central,Zone-12,5.01,2026-03-01 17:45:05,2026-03-01 17:47:36,FAILED
DEL01145,D073,Warehouse-East,Zone-13,31.11,2026-01-06 13:19:20,2026-01-06 13:55:23,SUCCESS
DEL01146,D035,Warehouse-North,Zone-11,17.14,2025-11-04 22:00:09,2025-11-04 22:19:28,SUCCESS
DEL01147,D077,Warehouse-North,Zone-29,20.58,2025-11-12 12:42:29,2025-11-12 12:57:58,SUCCESS
DEL01148,D100,Warehouse-North,Zone-26,11.65,2025-11-24 13:14:28,2025-11-24 13:24:59,FAILED
DEL01149,D061,Warehouse-East,Zone-25,32.3,2026-01-11 19:19:59,2026-01-11 20:04:03,SUCCESS
DEL01150,D075,Warehouse-South,Zone-04,32.33,2025-11-15 04:45:00,2025-11-15 05:19:30,SUCCESS
DEL01151,D032,Warehouse-South,Zone-09,18.52,2026-02-05 13:12:36,2026-02-05 13:29:24,SUCCESS
DEL01152,D069,Warehouse-North,Zone-25,30.95,2026-03-08 12:09:52,2026-03-08 12:52:01,SUCCESS
DEL01153,D029,Hub-Central,Zone-12,20.86,2026-01-20 18:55:10,2026-01-20 19:09:17,SUCCESS
DEL01154,D023,Warehouse-South,Zone-19,21.19,2025-11-04 04:41:13,2025-11-04 04:54:07,FAILED
DEL01155,D041,Warehouse-East,Zone-30,16.17,2026-03-06 13:12:43,2026-03-06 13:18:15,FAILED
DEL01156,D076,Warehouse-East,Zone-19,49.38,2025-10-06 11:27:07,2025-10-06 12:40:03,SUCCESS
DEL01157,D073,Hub-West,Zone-07,24.03,2025-10-28 14:14:40,2025-10-28 14:39:36,SUCCESS
DEL01158,D064,Warehouse-East,Zone-06,44.67,2026-01-14 06:29:01,2026-01-14 07:16:01,SUCCESS
DEL01159,D063,Warehouse-North,Zone-02,23.03,2025-10-08 08:55:25,2025-10-08 09:25:28,SUCCESS
DEL01160,D030,Warehouse-South,Zone-01,35.7,2026-01-25 19:57:06,2026-01-25 20:21:00,SUCCESS
DEL01161,D068,Warehouse-North,Zone-11,50.62,2026-01-01 19:35:24,2026-01-01 20:15:47,SUCCESS
DEL01162,D079,Warehouse-South,Zone-11,15.38,2025-11-09 02:53:31,2025-11-09 03:06:32,SUCCESS
DEL01163,D092,Warehouse-East,Zone-02,8.32,2025-11-04 11:01:22,2025-11-04 11:07:15,SUCCESS
DEL01164,D003,Hub-West,Zone-23,56.28,2025-10-29 16:23:16,2025-10-29 17:29:00,SUCCESS
DEL01165,D019,Warehouse-North,Zone-28,8.33,2026-02-28 08:48:34,2026-02-28 08:55:09,SUCCESS
DEL01166,D068,Warehouse-East,Zone-03,42.62,2026-03-17 03:00:37,2026-03-17 03:45:43,SUCCESS
DEL01167,D048,Hub-Central,Zone-19,29.49,2026-02-14 19:23:06,2026-02-14 19:38:22,FAILED
DEL01168,D013,Warehouse-East,Zone-11,44.38,2025-12-05 08:29:17,2025-12-05 09:34:00,SUCCESS
DEL01169,D018,Hub-Central,Zone-26,22.56,2025-10-31 14:01:16,2025-10-31 14:19:37,SUCCESS
DEL01170,D082,Warehouse-East,Zone-06,11.79,2026-01-03 14:30:59,2026-01-03 14:41:40,SUCCESS
DEL01171,D091,Hub-West,Zone-26,78.27,2026-01-18 03:00:14,2026-01-18 04:30:49,SUCCESS
DEL01172,D046,Hub-West,Zone-27,22.38,2025-11-13 08:21:38,2025-11-13 08:44:43,SUCCESS
DEL01173,D023,Warehouse-East,Zone-24,31.44,2025-12-13 11:23:51,2025-12-13 11:56:32,SUCCESS
DEL01174,D089,Warehouse-South,Zone-06,28.43,2025-11-27 04:32:59,2025-11-27 05:11:32,SUCCESS
DEL01175,D094,Hub-West,Zone-13,91.62,2025-10-01 08:22:43,2025-10-01 08:51:28,FAILED
DEL01176,D099,Warehouse-North,Zone-06,31.99,2026-01-19 04:39:40,2026-01-19 05:07:51,SUCCESS
DEL01177,D078,Hub-West,Zone-08,10.7,2025-12-01 18:59:53,2025-12-01 19:04:34,FAILED
DEL01178,D082,Warehouse-North,Zone-30,12.1,2026-01-18 19:39:18,2026-01-18 19:52:54,SUCCESS
DEL01179,D064,Warehouse-East,Zone-24,33.59,2025-10-28 07:26:44,2025-10-28 07:59:32,FAILED
DEL01180,D010,Warehouse-East,Zone-11,27.06,2025-11-16 05:08:29,2025-11-16 05:37:07,SUCCESS
DEL01181,D022,Warehouse-North,Zone-27,41.07,2026-02-01 12:50:42,2026-02-01 13:23:38,SUCCESS
DEL01182,D091,Warehouse-East,Zone-15,26.74,2026-02-08 02:32:26,2026-02-08 03:09:23,SUCCESS
DEL01183,D002,Warehouse-South,Zone-08,51.54,2025-11-21 11:58:46,2025-11-21 12:37:58,SUCCESS
DEL01184,D089,Warehouse-East,Zone-09,6.93,2025-10-14 03:56:47,2025-10-14 04:02:00,SUCCESS
DEL01185,D014,Warehouse-North,Zone-02,42.34,2026-02-17 21:22:14,2026-02-17 22:00:03,SUCCESS
DEL01186,D050,Hub-Central,Zone-06,10.16,2025-12-25 02:15:13,2025-12-25 02:23:59,SUCCESS
DEL01187,D053,Hub-Central,Zone-12,21.57,2026-01-04 17:55:43,2026-01-04 18:14:41,SUCCESS
DEL01188,D070,Warehouse-North,Zone-27,25.87,2025-12-12 21:14:47,2025-12-12 21:48:59,SUCCESS
DEL01189,D062,Hub-West,Zone-21,27.0,2026-03-03 03:44:53,2026-03-03 04:07:52,SUCCESS
DEL01190,D098,Warehouse-South,Zone-06,46.36,2026-02-11 10:23:58,2026-02-11 10:59:11,SUCCESS
DEL01191,D058,Warehouse-North,Zone-10,36.38,2025-10-15 07:30:38,2025-10-15 08:22:51,SUCCESS
DEL01192,D003,Warehouse-East,Zone-04,38.46,2025-12-01 21:19:42,2025-12-01 21:50:11,SUCCESS
DEL01193,D010,Warehouse-South,Zone-29,46.98,2025-12-06 08:56:30,2025-12-06 09:21:46,FAILED
DEL01194,D049,Warehouse-North,Zone-18,18.29,2025-11-01 05:52:09,2025-11-01 06:07:57,SUCCESS
DEL01195,D012,Hub-West,Zone-20,76.56,2025-12-05 14:57:49,2025-12-05 15:34:35,FAILED
DEL01196,D062,Warehouse-North,Zone-14,5.71,2026-02-14 19:13:46,2026-02-14 19:20:37,SUCCESS
DEL01197,D084,Hub-West,Zone-29,23.01,2025-11-02 00:56:33,2025-11-02 01:12:14,SUCCESS
DEL01198,D056,Warehouse-North,Zone-04,38.05,2025-10-31 12:09:24,2025-10-31 12:45:04,SUCCESS
DEL01199,D043,Warehouse-South,Zone-14,30.09,2025-11-09 21:56:04,2025-11-09 22:37:47,SUCCESS
DEL01200,D090,Hub-West,Zone-09,36.41,2026-01-16 14:21:03,2026-01-16 15:06:39,SUCCESS
DEL01201,D085,Warehouse-East,Zone-08,26.54,2025-11-24 15:59:33,2025-11-24 16:08:28,FAILED
DEL01202,D013,Hub-Central,Zone-19,20.28,2025-10-10 15:19:04,2025-10-10 15:37:00,SUCCESS
DEL01203,D071,Hub-Central,Zone-05,15.26,2026-03-13 02:00:20,2026-03-13 02:11:09,FAILED
DEL01204,D007,Warehouse-North,Zone-14,25.48,2025-12-10 01:35:04,2025-12-10 01:55:18,SUCCESS
DEL01205,D012,Hub-West,Zone-16,89.82,2025-11-27 04:41:59,2025-11-27 05:53:12,SUCCESS
DEL01206,D026,Warehouse-North,Zone-07,19.43,2025-10-19 19:59:30,2025-10-19 20:16:46,SUCCESS
DEL01207,D022,Warehouse-East,Zone-03,52.6,2026-02-01 22:11:02,2026-02-01 22:52:10,SUCCESS
DEL01208,D061,Warehouse-North,Zone-10,54.78,2026-03-13 20:14:56,2026-03-13 20:50:27,SUCCESS
DEL01209,D051,Hub-Central,Zone-29,11.16,2025-12-31 10:45:36,2025-12-31 10:56:17,SUCCESS
DEL01210,D085,Warehouse-North,Zone-21,23.77,2025-11-21 11:00:36,2025-11-21 11:17:28,FAILED
DEL01211,D070,Warehouse-South,Zone-12,8.92,2025-12-15 06:00:26,2025-12-15 06:07:26,SUCCESS
DEL01212,D049,Warehouse-South,Zone-15,48.47,2025-12-11 17:32:11,2025-12-11 18:11:51,SUCCESS
DEL01213,D006,Hub-Central,Zone-15,12.57,2025-11-21 03:02:53,2025-11-21 03:15:21,SUCCESS
DEL01214,D034,Warehouse-East,Zone-19,25.8,2025-11-13 22:21:55,2025-11-13 22:55:55,SUCCESS
DEL01215,D008,Warehouse-North,Zone-03,13.2,2025-10-30 08:19:11,2025-10-30 08:33:46,SUCCESS
DEL01216,D086,Hub-West,Zone-14,22.3,2025-12-06 18:11:02,2025-12-06 18:35:11,SUCCESS
DEL01217,D097,Warehouse-South,Zone-18,35.74,2026-01-23 12:19:27,2026-01-23 12:38:26,FAILED
DEL01218,D008,Hub-Central,Zone-27,81.88,2026-03-13 06:23:55,2026-03-13 07:33:09,SUCCESS
DEL01219,D067,Hub-West,Zone-22,45.15,2025-12-21 06:58:00,2025-12-21 07:27:57,SUCCESS
DEL01220,D061,Warehouse-South,Zone-16,51.75,2026-01-20 05:02:31,2026-01-20 05:55:59,SUCCESS
DEL01221,D039,Hub-Central,Zone-29,15.53,2025-10-16 07:57:25,2025-10-16 08:12:01,SUCCESS
DEL01222,D092,Hub-West,Zone-19,19.53,2025-10-07 17:50:47,2025-10-07 18:05:19,SUCCESS
DEL01223,D067,Hub-West,Zone-22,32.42,2026-03-05 10:22:08,2026-03-05 10:47:57,SUCCESS
DEL01224,D080,Warehouse-North,Zone-25,15.91,2025-10-29 15:09:21,2025-10-29 15:18:27,FAILED
DEL01225,D058,Warehouse-South,Zone-07,63.73,2025-11-03 13:40:27,2025-11-03 14:13:48,FAILED
DEL01226,D025,Warehouse-North,Zone-14,48.86,2025-10-25 12:04:09,2025-10-25 12:52:28,SUCCESS
DEL01227,D011,Hub-Central,Zone-07,25.63,2026-02-10 15:35:43,2026-02-10 16:11:46,SUCCESS
DEL01228,D081,Hub-West,Zone-09,44.71,2025-10-29 17:09:45,2025-10-29 17:45:39,SUCCESS
DEL01229,D041,Warehouse-North,Zone-03,23.22,2026-03-26 20:39:23,2026-03-26 21:14:50,SUCCESS
DEL01230,D050,Hub-Central,Zone-18,13.23,2026-01-17 00:50:42,2026-01-17 01:03:12,SUCCESS
DEL01231,D042,Warehouse-East,Zone-17,,2026-03-16 08:09:28,2026-03-16 08:25:24,FAILED
DEL01232,D059,Warehouse-North,Zone-26,23.73,2026-03-28 02:17:03,2026-03-28 02:37:15,SUCCESS
DEL01233,D090,Hub-West,Zone-17,77.99,2026-01-29 23:39:37,2026-01-30 00:40:43,SUCCESS
DEL01234,D054,Hub-Central,Zone-05,35.01,2025-10-22 20:22:32,2025-10-22 20:45:21,FAILED
DEL01235,D019,Hub-West,Zone-19,8.82,2026-01-19 00:31:08,2026-01-19 00:42:36,SUCCESS
DEL01236,D098,Warehouse-North,Zone-19,13.62,2025-10-20 10:59:04,2025-10-20 11:13:15,SUCCESS
DEL01237,D100,Warehouse-East,Zone-28,32.24,2025-10-20 14:38:58,2025-10-20 15:03:10,SUCCESS
DEL01238,D069,Warehouse-East,Zone-29,21.78,2026-03-20 21:43:48,2026-03-20 21:56:45,FAILED
DEL01239,D053,Hub-Central,Zone-21,9.09,2025-11-21 06:57:57,2025-11-21 07:06:39,SUCCESS
DEL01240,D063,Hub-West,Zone-16,13.14,2026-01-20 01:49:17,2026-01-20 01:59:06,SUCCESS
DEL01241,D005,Warehouse-East,Zone-13,31.35,2025-11-03 10:30:32,2025-11-03 10:46:23,FAILED
DEL01242,D019,Hub-West,Zone-22,26.86,2026-01-29 01:13:41,2026-01-29 01:37:36,SUCCESS
DEL01243,D089,Warehouse-North,Zone-13,33.68,2025-12-18 00:09:01,2025-12-18 01:01:23,SUCCESS
DEL01244,D043,Warehouse-South,Zone-02,20.33,2026-02-12 02:01:38,2026-02-12 02:17:49,SUCCESS
DEL01245,D096,Warehouse-East,Zone-29,7.12,2026-01-01 06:40:38,2026-01-01 06:45:39,SUCCESS
DEL01246,D048,Warehouse-East,Zone-27,35.58,2025-10-04 22:17:31,2025-10-04 22:49:14,SUCCESS
DEL01247,D039,Warehouse-East,Zone-27,23.47,2025-11-30 09:07:43,2025-11-30 09:34:30,SUCCESS
DEL01248,D063,Warehouse-North,Zone-28,34.36,2026-03-16 15:39:50,2026-03-16 16:07:49,SUCCESS
DEL01249,D030,Warehouse-East,Zone-24,35.07,2025-10-27 02:16:54,2025-10-27 02:43:44,SUCCESS
DEL01250,D057,Warehouse-East,Zone-09,15.18,2026-02-28 07:14:43,2026-02-28 07:26:22,SUCCESS
DEL01251,D094,Hub-West,Zone-21,35.99,2025-12-20 22:18:06,2025-12-20 22:45:18,SUCCESS
DEL01252,D012,Hub-Central,Zone-07,95.94,2025-11-06 11:50:37,2025-11-06 13:15:46,SUCCESS
DEL01253,D053,Hub-Central,Zone-25,10.88,2026-02-21 21:03:10,2026-02-21 21:11:12,SUCCESS
DEL01254,D067,Warehouse-East,Zone-27,35.59,2026-03-18 09:23:36,2026-03-18 09:56:00,SUCCESS
DEL01255,D008,Warehouse-South,Zone-03,29.98,2026-01-09 01:19:51,2026-01-09 01:47:31,SUCCESS
DEL01256,D040,Hub-West,Zone-13,72.42,2026-02-15 18:49:59,2026-02-15 19:45:52,SUCCESS
DEL01257,D018,Hub-West,Zone-29,54.24,2026-03-01 13:28:12,2026-03-01 13:45:02,FAILED
DEL01258,D073,Warehouse-South,Zone-07,6.88,2025-10-06 14:54:29,2025-10-06 15:04:38,SUCCESS
DEL01259,D026,Warehouse-North,Zone-08,6.69,2026-03-12 12:35:38,2026-03-12 12:41:31,SUCCESS
DEL01260,D005,Warehouse-North,Zone-30,46.33,2025-12-28 15:12:17,2025-12-28 16:08:45,SUCCESS
DEL01261,D047,Warehouse-South,Zone-09,9.69,2026-02-14 19:49:55,2026-02-14 19:54:53,FAILED
DEL01262,D048,Hub-Central,Zone-17,10.47,2026-03-09 21:49:02,2026-03-09 21:55:36,FAILED
DEL01263,D051,Warehouse-North,Zone-22,9.81,2026-02-01 09:13:27,2026-02-01 09:18:27,FAILED
DEL01264,D004,Warehouse-East,Zone-16,13.09,2025-11-16 23:30:47,2025-11-16 23:37:29,FAILED
DEL01265,D077,Warehouse-South,Zone-28,41.83,2025-12-26 14:59:33,2025-12-26 16:00:30,SUCCESS
DEL01266,D061,Hub-West,Zone-12,9.03,2026-01-22 23:03:36,2026-01-22 23:11:34,SUCCESS
DEL01267,D045,Warehouse-East,Zone-24,29.15,2025-11-01 18:01:43,2025-11-01 18:26:22,SUCCESS
DEL01268,D089,Warehouse-East,Zone-01,6.32,2025-10-18 13:15:24,2025-10-18 13:23:45,SUCCESS
DEL01269,D050,Warehouse-South,Zone-28,7.24,2025-10-10 15:23:26,2025-10-10 15:29:47,SUCCESS
DEL01270,D074,Warehouse-South,Zone-28,48.69,2026-03-01 10:16:18,2026-03-01 11:22:31,SUCCESS
DEL01271,D029,Warehouse-South,Zone-22,7.19,2026-02-03 17:00:32,2026-02-03 17:06:58,SUCCESS
DEL01272,D027,Hub-Central,Zone-17,43.85,2025-11-22 06:01:13,2025-11-22 06:20:47,FAILED
DEL01273,D003,Warehouse-North,Zone-16,36.57,2026-03-17 21:28:03,2026-03-17 21:56:46,FAILED
DEL01274,D017,Warehouse-South,Zone-20,8.91,2026-02-03 16:58:12,2026-02-03 17:10:10,SUCCESS
DEL01275,D002,Warehouse-East,Zone-20,24.81,2025-11-13 10:50:38,2025-11-13 11:09:33,SUCCESS
DEL01276,D040,Warehouse-East,Zone-14,33.6,2026-02-16 09:36:41,2026-02-16 10:04:30,SUCCESS
DEL01277,D049,Warehouse-East,Zone-15,11.15,2026-03-15 08:40:45,2026-03-15 08:52:49,SUCCESS
DEL01278,D033,Hub-Central,Zone-10,19.89,2025-11-12 08:55:40,2025-11-12 09:24:40,SUCCESS
DEL01279,D087,Hub-West,Zone-13,34.77,2026-01-10 02:20:54,2026-01-10 03:01:22,SUCCESS
DEL01280,D075,Warehouse-North,Zone-17,43.43,2025-10-20 20:48:32,2025-10-20 21:19:54,SUCCESS
DEL01281,D085,Warehouse-East,Zone-18,24.88,2026-03-13 17:59:16,2026-03-13 18:19:21,SUCCESS
DEL01282,D083,Hub-West,Zone-10,10.45,2026-01-24 07:10:50,2026-01-24 07:18:00,SUCCESS
DEL01283,D039,Warehouse-North,Zone-16,19.63,2026-02-10 21:35:47,2026-02-10 21:41:38,FAILED
DEL01284,D009,Warehouse-East,Zone-21,70.12,2025-12-05 07:11:43,2025-12-05 08:11:30,SUCCESS
DEL01285,D042,Warehouse-East,Zone-09,18.65,2026-03-17 06:50:30,2026-03-17 07:00:47,FAILED
DEL01286,D084,Warehouse-East,Zone-07,51.77,2026-02-16 01:56:13,2026-02-16 02:32:48,SUCCESS
DEL01287,D020,Warehouse-South,Zone-29,23.13,2026-01-09 10:45:46,2026-01-09 11:12:55,SUCCESS
DEL01288,D008,Hub-West,Zone-13,52.05,2026-03-06 09:34:30,2026-03-06 10:45:03,SUCCESS
DEL01289,D085,Warehouse-South,Zone-24,28.73,2025-12-02 01:22:38,2025-12-02 01:53:18,SUCCESS
DEL01290,D004,Hub-Central,Zone-10,11.86,2026-02-05 06:23:16,2026-02-05 06:28:55,FAILED
DEL01291,D034,Hub-Central,Zone-13,46.66,2026-03-26 02:30:51,2026-03-26 03:12:11,SUCCESS
DEL01292,D050,Warehouse-North,Zone-19,13.41,2026-02-21 01:25:13,2026-02-21 01:35:41,SUCCESS
DEL01293,D091,Warehouse-South,Zone-11,48.16,2026-01-20 01:54:39,2026-01-20 02:41:07,SUCCESS
DEL01294,D093,Warehouse-South,Zone-22,90.6,2026-02-16 12:32:30,2026-02-16 14:19:48,SUCCESS
DEL01295,D069,Hub-Central,Zone-30,13.73,2026-02-01 22:45:24,2026-02-01 22:56:38,SUCCESS
DEL01296,D086,Hub-West,Zone-10,24.84,2025-12-09 14:43:03,2025-12-09 15:03:16,SUCCESS
DEL01297,D022,Hub-West,Zone-06,53.93,2026-03-13 05:39:36,2026-03-13 06:48:04,SUCCESS
DEL01298,D038,Hub-Central,Zone-05,5.34,2025-10-19 22:51:47,2025-10-19 22:55:06,FAILED
DEL01299,D095,Hub-West,Zone-25,39.31,2025-11-20 05:24:17,2025-11-20 05:59:10,SUCCESS
DEL01300,D024,Warehouse-East,Zone-21,42.18,2026-02-09 23:41:21,2026-02-10 00:01:39,FAILED
DEL01301,D012,Warehouse-East,Zone-08,21.79,2025-11-13 03:46:35,2025-11-13 04:01:52,SUCCESS
DEL01302,D096,Warehouse-East,Zone-14,61.42,2026-03-19 05:10:06,2026-03-19 05:51:30,SUCCESS
DEL01303,D043,Warehouse-East,Zone-19,16.99,2025-12-12 04:09:56,2025-12-12 04:29:20,SUCCESS
DEL01304,D038,Warehouse-North,Zone-16,9.52,2025-12-30 01:16:52,2025-12-30 01:26:21,SUCCESS
DEL01305,D007,Hub-West,Zone-19,71.46,2026-03-18 05:41:08,2026-03-18 06:51:27,SUCCESS
DEL01306,D080,Hub-Central,Zone-29,17.62,2025-10-14 19:53:21,2025-10-14 20:15:10,SUCCESS
DEL01307,D025,Warehouse-North,Zone-28,8.77,2026-01-06 04:23:37,2026-01-06 04:29:44,SUCCESS
DEL01308,D088,Hub-West,Zone-10,39.16,2025-12-14 02:42:26,2025-12-14 03:26:25,SUCCESS
DEL01309,D053,Warehouse-South,Zone-05,5.02,2025-10-11 11:56:49,2025-10-11 11:58:50,FAILED
DEL01310,D026,Hub-Central,Zone-19,18.7,2025-12-06 12:57:26,2025-12-06 13:13:17,SUCCESS
DEL01311,D059,Warehouse-East,Zone-28,19.66,2025-10-28 19:28:22,2025-10-28 19:46:15,SUCCESS
DEL01312,D092,Warehouse-North,Zone-16,8.95,2025-11-05 00:31:24,2025-11-05 00:37:54,SUCCESS
DEL01313,D043,Warehouse-South,Zone-11,19.51,2026-01-31 12:49:33,2026-01-31 13:07:50,SUCCESS
DEL01314,D082,Warehouse-North,Zone-15,9.3,2025-10-12 06:21:46,2025-10-12 06:28:37,SUCCESS
DEL01315,D036,Warehouse-South,Zone-19,5.58,2025-11-10 15:47:33,2025-11-10 15:52:21,SUCCESS
DEL01316,D098,Hub-Central,Zone-26,57.23,2025-10-31 18:21:40,2025-10-31 19:06:07,SUCCESS
DEL01317,D098,Warehouse-North,Zone-05,19.09,2026-03-01 09:54:35,2026-03-01 10:14:34,SUCCESS
DEL01318,D079,Hub-Central,Zone-13,11.79,2025-12-24 05:14:30,2025-12-24 05:23:18,SUCCESS
DEL01319,D055,Hub-Central,Zone-01,56.63,2026-01-01 16:50:47,2026-01-01 17:33:51,SUCCESS
DEL01320,D005,Warehouse-South,Zone-24,49.05,2026-01-12 15:36:26,2026-01-12 16:04:58,FAILED
DEL01321,D048,Warehouse-East,Zone-25,20.21,2025-10-03 17:36:14,2025-10-03 17:52:44,SUCCESS
DEL01322,D068,Warehouse-North,Zone-22,26.72,2025-11-07 00:09:06,2025-11-07 00:36:36,SUCCESS
DEL01323,D001,Warehouse-South,Zone-08,5.69,2026-01-30 16:34:21,2026-01-30 16:37:18,FAILED
DEL01324,D089,Warehouse-East,Zone-10,38.69,2026-03-20 07:02:49,2026-03-20 07:37:51,SUCCESS
DEL01325,D017,Hub-Central,Zone-17,20.85,2025-10-20 22:39:18,2025-10-20 23:11:05,SUCCESS
DEL01326,D076,Warehouse-South,Zone-03,13.84,2025-11-29 10:35:59,2025-11-29 10:46:23,SUCCESS
DEL01327,D006,Warehouse-East,Zone-15,22.05,2025-11-27 21:43:23,2025-11-27 21:53:48,FAILED
DEL01328,D094,Hub-West,Zone-17,69.35,2026-01-10 00:43:11,2026-01-10 02:07:12,SUCCESS
DEL01329,D044,Warehouse-South,Zone-11,27.37,2025-12-24 05:01:35,2025-12-24 05:26:52,SUCCESS
DEL01330,D063,Warehouse-South,Zone-06,18.83,2025-12-09 18:13:49,2025-12-09 18:31:56,SUCCESS
DEL01331,D052,Warehouse-South,Zone-08,36.72,2025-10-04 17:07:39,2025-10-04 17:57:05,SUCCESS
DEL01332,D094,Warehouse-South,Zone-24,62.32,2025-10-26 11:27:47,2025-10-26 12:35:30,SUCCESS
DEL01333,D003,Hub-West,Zone-06,71.31,2026-01-23 12:10:04,2026-01-23 13:02:41,SUCCESS
DEL01334,D016,Warehouse-North,Zone-13,29.6,2025-12-11 04:26:23,2025-12-11 04:54:55,SUCCESS
DEL01335,D082,Hub-West,Zone-20,18.65,2025-11-19 16:03:50,2025-11-19 16:25:52,SUCCESS
DEL01336,D007,Warehouse-North,Zone-22,60.09,2026-01-24 07:53:12,2026-01-24 09:16:37,SUCCESS
DEL01337,D014,Warehouse-North,Zone-02,46.24,2026-02-04 21:50:45,2026-02-04 22:28:31,FAILED
DEL01338,D089,Hub-Central,Zone-15,30.95,2025-10-23 11:37:10,2025-10-23 12:07:43,SUCCESS
DEL01339,D049,Hub-West,Zone-09,17.68,2025-10-24 23:59:41,2025-10-25 00:14:45,SUCCESS
DEL01340,D061,Warehouse-South,Zone-07,54.49,2026-02-14 06:56:34,2026-02-14 07:37:21,SUCCESS
DEL01341,D089,Warehouse-North,Zone-10,13.2,2026-02-11 03:46:48,2026-02-11 03:56:16,SUCCESS
DEL01342,D054,Warehouse-North,Zone-22,44.68,2026-02-06 11:34:49,2026-02-06 12:17:23,SUCCESS
DEL01343,D067,Hub-West,Zone-20,,2025-11-22 10:11:04,2025-11-22 11:05:55,SUCCESS
DEL01344,D090,Hub-Central,Zone-27,11.75,2025-10-27 15:13:42,2025-10-27 15:22:49,SUCCESS
DEL01345,D014,Hub-West,Zone-04,30.3,2026-01-08 08:09:28,2026-01-08 08:21:59,FAILED
DEL01346,D037,Warehouse-North,Zone-16,36.02,2025-10-23 03:20:13,2025-10-23 03:49:52,SUCCESS
DEL01347,D026,Warehouse-South,Zone-25,56.18,2026-01-27 06:09:14,2026-01-27 07:09:43,SUCCESS
DEL01348,D034,Hub-West,Zone-07,23.51,2026-03-11 11:03:55,2026-03-11 11:24:16,SUCCESS
DEL01349,D046,Hub-Central,Zone-10,13.25,2026-02-14 14:15:10,2026-02-14 14:35:44,SUCCESS
DEL01350,D021,Hub-West,Zone-16,18.52,2025-10-08 15:38:38,2025-10-08 15:54:44,SUCCESS
DEL01351,D027,Hub-Central,Zone-11,81.62,2026-02-11 15:15:45,2026-02-11 16:21:31,SUCCESS
DEL01352,D031,Warehouse-North,Zone-22,30.46,2025-10-01 12:45:36,2025-10-01 13:06:35,SUCCESS
DEL01353,D012,Warehouse-North,Zone-27,42.38,2026-03-26 02:22:02,2026-03-26 02:50:21,FAILED
DEL01354,D074,Hub-Central,Zone-05,39.32,2026-02-07 21:52:05,2026-02-07 22:30:28,SUCCESS
DEL01355,D012,Hub-West,Zone-03,31.04,2026-03-01 08:51:19,2026-03-01 09:31:17,SUCCESS
DEL01356,D093,Warehouse-North,Zone-29,38.82,2026-02-18 12:06:35,2026-02-18 13:03:33,SUCCESS
DEL01357,D033,Warehouse-South,Zone-15,18.37,2026-02-03 02:49:37,2026-02-03 03:02:47,SUCCESS
DEL01358,D038,Hub-Central,Zone-02,5.12,2025-11-21 06:54:42,2025-11-21 07:01:24,SUCCESS
DEL01359,D013,Warehouse-South,Zone-28,24.59,2026-03-07 21:41:09,2026-03-07 21:57:04,SUCCESS
DEL01360,D006,Warehouse-East,Zone-12,51.57,2026-03-15 11:46:00,2026-03-15 12:19:28,SUCCESS
DEL01361,D087,Hub-Central,Zone-24,15.1,2025-11-30 17:19:14,2025-11-30 17:33:53,SUCCESS
DEL01362,D015,Warehouse-North,Zone-01,26.3,2025-10-19 10:43:29,2025-10-19 11:01:30,SUCCESS
DEL01363,D018,Warehouse-South,Zone-11,55.03,2026-02-06 19:27:30,2026-02-06 20:04:07,SUCCESS
DEL01364,D046,Hub-Central,Zone-20,20.21,2026-03-23 16:48:03,2026-03-23 17:01:56,FAILED
DEL01365,D035,Warehouse-North,Zone-12,20.13,2026-03-20 13:59:33,2026-03-20 14:22:16,SUCCESS
DEL01366,D044,Warehouse-North,Zone-13,26.27,2025-11-05 12:13:59,2025-11-05 12:40:08,SUCCESS
DEL01367,D052,Warehouse-East,Zone-27,33.06,2025-12-28 15:37:28,2025-12-28 15:59:49,SUCCESS
DEL01368,D050,Hub-Central,Zone-26,6.43,2026-02-11 23:10:42,2026-02-11 23:16:38,SUCCESS
DEL01369,D054,Warehouse-South,Zone-04,42.25,2026-02-03 23:50:37,2026-02-04 00:48:41,SUCCESS
DEL01370,D017,Warehouse-North,Zone-28,10.06,2026-02-13 04:23:12,2026-02-13 04:26:44,FAILED
DEL01371,D021,Hub-Central,Zone-30,51.21,2025-10-21 03:20:17,2025-10-21 04:16:32,SUCCESS
DEL01372,D076,Hub-West,Zone-22,60.48,2026-01-02 17:25:40,2026-01-02 18:42:16,SUCCESS
DEL01373,D057,Hub-West,Zone-13,16.73,2025-11-05 04:44:07,2025-11-05 04:58:50,SUCCESS
DEL01374,D100,Hub-West,Zone-01,15.08,2025-12-09 15:11:31,2025-12-09 15:25:00,SUCCESS
DEL01375,D088,Warehouse-South,Zone-16,34.97,2026-03-20 20:51:55,2026-03-20 21:30:41,SUCCESS
DEL01376,D063,Hub-Central,Zone-15,47.34,2025-10-22 22:19:36,2025-10-22 22:53:53,SUCCESS
DEL01377,D006,Warehouse-East,Zone-21,44.72,2025-10-13 07:10:02,2025-10-13 07:48:08,SUCCESS
DEL01378,D041,Hub-West,Zone-25,5.76,2025-10-03 09:36:09,2025-10-03 09:42:36,FAILED
DEL01379,D096,Hub-West,Zone-08,55.13,2026-01-20 23:22:44,2026-01-21 00:22:31,SUCCESS
DEL01380,D086,Warehouse-East,Zone-17,35.67,2026-03-19 13:08:38,2026-03-19 13:35:09,SUCCESS
DEL01381,D067,Hub-West,Zone-04,56.88,2026-02-11 15:26:18,2026-02-11 16:11:40,SUCCESS
DEL01382,D056,Warehouse-South,Zone-16,7.69,2026-02-06 11:48:26,2026-02-06 11:54:18,SUCCESS
DEL01383,D045,Hub-Central,Zone-05,18.36,2026-02-06 21:06:56,2026-02-06 21:16:14,FAILED
DEL01384,D072,Hub-West,Zone-02,36.09,2026-03-23 05:18:34,2026-03-23 05:54:31,SUCCESS
DEL01385,D002,Warehouse-South,Zone-17,40.11,2026-02-02 22:27:19,2026-02-02 22:58:37,SUCCESS
DEL01386,D061,Hub-Central,Zone-28,47.56,2026-03-15 10:00:26,2026-03-15 10:34:03,SUCCESS
DEL01387,D022,Hub-Central,Zone-11,,2025-10-15 12:53:50,2025-10-15 13:04:02,SUCCESS
DEL01388,D031,Warehouse-East,Zone-02,81.81,2025-12-04 06:04:54,2025-12-04 06:33:01,FAILED
DEL01389,D065,Hub-West,Zone-21,33.78,2025-11-13 05:53:15,2025-11-13 06:19:20,SUCCESS
DEL01390,D049,Warehouse-South,Zone-03,32.62,2025-12-18 07:24:25,2025-12-18 07:58:43,SUCCESS
DEL01391,D059,Hub-West,Zone-15,19.0,2025-12-26 06:04:12,2025-12-26 06:28:17,SUCCESS
DEL01392,D012,Hub-Central,Zone-15,42.19,2026-03-16 07:59:42,2026-03-16 08:33:17,SUCCESS
DEL01393,D041,Hub-Central,Zone-24,19.75,2025-10-24 01:12:50,2025-10-24 01:21:51,FAILED
DEL01394,D084,Warehouse-North,Zone-13,19.95,2025-10-04 10:48:36,2025-10-04 11:09:50,SUCCESS
DEL01395,D053,Hub-West,Zone-18,12.95,2025-10-07 22:59:20,2025-10-07 23:19:48,SUCCESS
DEL01396,D001,Warehouse-North,Zone-26,42.81,2026-03-10 09:00:49,2026-03-10 09:54:34,SUCCESS
DEL01397,D078,Warehouse-East,Zone-29,16.21,2026-01-29 05:03:26,2026-01-29 05:20:18,SUCCESS
DEL01398,D066,Warehouse-South,Zone-21,18.93,2026-01-18 04:39:35,2026-01-18 04:52:19,SUCCESS
DEL01399,D086,Warehouse-East,Zone-12,7.71,2025-12-28 14:04:58,2025-12-28 14:15:23,SUCCESS
DEL01400,D007,Warehouse-South,Zone-28,89.61,2026-03-08 13:34:44,2026-03-08 14:58:26,FAILED
DEL01401,D059,Hub-West,Zone-25,16.99,2025-12-04 11:06:16,2025-12-04 11:20:22,FAILED
DEL01402,D080,Hub-Central,Zone-23,29.05,2026-01-25 11:58:30,2026-01-25 12:41:22,SUCCESS
DEL01403,D085,Hub-Central,Zone-04,33.12,2025-12-10 13:04:31,2025-12-10 13:32:33,SUCCESS
DEL01404,D013,Warehouse-South,Zone-01,14.93,2026-02-25 10:41:14,2026-02-25 10:59:00,SUCCESS
DEL01405,D044,Warehouse-East,Zone-18,69.72,2025-12-08 23:04:03,2025-12-09 00:27:47,SUCCESS
DEL01406,D067,Warehouse-North,Zone-02,54.25,2025-12-12 14:27:19,2025-12-12 15:05:16,SUCCESS
DEL01407,D022,Warehouse-South,Zone-27,59.6,2026-01-04 14:51:12,2026-01-04 15:49:39,SUCCESS
DEL01408,D092,Hub-Central,Zone-04,16.22,2026-02-22 04:21:05,2026-02-22 04:45:06,SUCCESS
DEL01409,D033,Warehouse-South,Zone-07,18.73,2026-01-27 14:46:32,2026-01-27 15:01:24,SUCCESS
DEL01410,D016,Hub-Central,Zone-07,43.01,2026-03-30 15:07:19,2026-03-30 15:38:45,SUCCESS
DEL01411,D059,Warehouse-South,Zone-23,14.04,2026-03-10 02:42:02,2026-03-10 02:57:56,SUCCESS
DEL01412,D044,Hub-Central,Zone-02,13.45,2025-10-21 22:13:29,2025-10-21 22:22:47,FAILED
DEL01413,D082,Hub-West,Zone-04,39.67,2026-03-12 14:52:31,2026-03-12 15:29:06,SUCCESS
DEL01414,D099,Hub-Central,Zone-15,28.94,2026-03-23 03:52:35,2026-03-23 04:12:07,SUCCESS
DEL01415,D085,Hub-West,Zone-05,27.85,2026-01-23 10:24:44,2026-01-23 11:04:52,SUCCESS
DEL01416,D064,Hub-West,Zone-24,12.6,2025-10-01 20:12:53,2025-10-01 20:22:02,FAILED
DEL01417,D007,Hub-Central,Zone-27,15.72,2026-01-16 10:13:17,2026-01-16 10:21:32,FAILED
DEL01418,D075,Hub-West,Zone-25,45.91,2026-01-02 18:37:33,2026-01-02 19:10:02,SUCCESS
DEL01419,D023,Hub-West,Zone-06,14.34,2026-02-12 08:06:15,2026-02-12 08:28:11,SUCCESS
DEL01420,D094,Warehouse-South,Zone-04,30.47,2026-03-08 07:18:47,2026-03-08 07:56:08,SUCCESS
DEL01421,D050,Hub-West,Zone-20,6.79,2026-02-05 16:16:25,2026-02-05 16:24:52,SUCCESS
DEL01422,D042,Hub-Central,Zone-14,21.62,2026-01-06 21:19:24,2026-01-06 21:36:05,SUCCESS
DEL01423,D078,Warehouse-South,Zone-09,14.11,2026-03-27 20:27:03,2026-03-27 20:37:27,FAILED
DEL01424,D051,Warehouse-East,Zone-15,27.56,2025-12-06 13:50:16,2025-12-06 14:20:04,SUCCESS
DEL01425,D018,Hub-Central,Zone-20,55.57,2025-10-27 19:57:55,2025-10-27 20:35:47,SUCCESS
DEL01426,D090,Hub-West,Zone-10,69.57,2026-03-22 03:05:42,2026-03-22 03:30:12,FAILED
DEL01427,D090,Warehouse-East,Zone-23,46.99,2026-01-15 08:57:39,2026-01-15 09:37:42,SUCCESS
DEL01428,D095,Warehouse-South,Zone-07,6.37,2026-01-16 11:52:37,2026-01-16 11:57:56,SUCCESS
DEL01429,D027,Warehouse-East,Zone-22,75.22,2026-01-30 04:49:54,2026-01-30 05:14:19,FAILED
DEL01430,D045,Warehouse-South,Zone-23,6.39,2026-03-28 21:03:53,2026-03-28 21:09:03,SUCCESS
DEL01431,D084,Hub-West,Zone-18,35.37,2025-11-04 12:40:02,2025-11-04 13:16:49,SUCCESS
DEL01432,D089,Warehouse-East,Zone-23,34.89,2026-02-01 16:03:50,2026-02-01 16:22:28,FAILED
DEL01433,D015,Warehouse-East,Zone-18,25.94,2026-02-25 17:28:06,2026-02-25 17:49:56,SUCCESS
DEL01434,D062,Hub-West,Zone-22,29.5,2026-01-22 04:04:26,2026-01-22 04:27:11,FAILED
DEL01435,D091,Hub-West,Zone-10,65.78,2025-12-21 01:35:17,2025-12-21 02:04:45,FAILED
DEL01436,D055,Warehouse-North,Zone-17,59.13,2026-03-06 22:58:23,2026-03-06 23:51:27,SUCCESS
DEL01437,D014,Hub-Central,Zone-05,65.17,2025-10-05 21:46:36,2025-10-05 23:01:55,SUCCESS
DEL01438,D007,Warehouse-North,Zone-07,85.6,2026-02-08 03:36:39,2026-02-08 04:40:23,FAILED
DEL01439,D035,Warehouse-South,Zone-10,76.1,2026-02-23 16:06:56,2026-02-23 16:38:33,FAILED
DEL01440,D088,Warehouse-South,Zone-27,16.84,2025-11-18 15:41:56,2025-11-18 15:52:54,FAILED
DEL01441,D008,Warehouse-East,Zone-07,6.52,2026-02-12 02:24:18,2026-02-12 02:31:53,SUCCESS
DEL01442,D097,Warehouse-North,Zone-12,38.98,2026-01-14 02:02:41,2026-01-14 02:34:29,SUCCESS
DEL01443,D058,Hub-West,Zone-28,64.8,2025-10-20 21:35:29,2025-10-20 22:23:29,SUCCESS
DEL01444,D087,Hub-West,Zone-28,30.47,2026-02-21 14:17:05,2026-02-21 14:46:14,SUCCESS
DEL01445,D029,Hub-West,Zone-13,6.14,2026-02-22 03:53:38,2026-02-22 03:59:08,SUCCESS
DEL01446,D031,Warehouse-East,Zone-23,54.47,2026-01-08 05:04:13,2026-01-08 06:20:00,SUCCESS
DEL01447,D086,Hub-Central,Zone-13,9.42,2025-10-10 02:56:31,2025-10-10 03:08:20,SUCCESS
DEL01448,D054,Warehouse-East,Zone-18,23.79,2026-03-03 00:51:57,2026-03-03 01:01:18,FAILED
DEL01449,D007,Warehouse-East,Zone-07,86.0,2025-10-03 12:25:20,2025-10-03 13:33:24,SUCCESS
DEL01450,D080,Hub-Central,Zone-27,31.23,2026-03-18 17:08:03,2026-03-18 17:32:54,SUCCESS
DEL01451,D029,Warehouse-East,Zone-25,22.74,2026-03-26 23:50:03,2026-03-27 00:00:03,FAILED
DEL01452,D076,Hub-West,Zone-07,51.91,2026-01-15 03:24:40,2026-01-15 03:54:02,FAILED
DEL01453,D100,Warehouse-South,Zone-10,48.91,2026-02-18 18:20:47,2026-02-18 19:15:25,SUCCESS
DEL01454,D058,Warehouse-North,Zone-06,38.78,2025-11-04 10:51:52,2025-11-04 11:17:42,SUCCESS
DEL01455,D023,Hub-West,Zone-04,25.23,2026-02-20 17:43:07,2026-02-20 18:19:23,SUCCESS
DEL01456,D049,Hub-Central,Zone-09,14.68,2025-10-08 21:22:09,2025-10-08 21:33:56,SUCCESS
DEL01457,D072,Warehouse-South,Zone-06,49.3,2025-11-21 07:26:44,2025-11-21 08:22:39,SUCCESS
DEL01458,D075,Warehouse-East,Zone-01,29.36,2026-03-14 06:42:42,2026-03-14 07:05:40,SUCCESS
DEL01459,D043,Warehouse-South,Zone-02,8.5,2025-12-30 13:15:41,2025-12-30 13:22:49,FAILED
DEL01460,D020,Warehouse-East,Zone-20,14.72,2026-03-30 07:43:16,2026-03-30 08:01:56,SUCCESS
DEL01461,D007,Hub-West,Zone-27,40.67,2026-02-28 05:31:16,2026-02-28 05:46:28,FAILED
DEL01462,D085,Hub-Central,Zone-26,28.67,2025-11-28 11:28:59,2025-11-28 11:56:59,SUCCESS
DEL01463,D074,Warehouse-East,Zone-03,33.37,2026-01-15 19:55:56,2026-01-15 20:28:45,SUCCESS
DEL01464,D091,Hub-West,Zone-08,65.27,2025-12-01 17:19:49,2025-12-01 18:08:19,SUCCESS
DEL01465,D024,Warehouse-North,Zone-26,32.5,2026-01-10 02:12:04,2026-01-10 03:00:30,SUCCESS
DEL01466,D065,Hub-Central,Zone-18,32.45,2025-10-31 22:43:13,2025-10-31 23:01:53,FAILED
DEL01467,D069,Warehouse-North,Zone-12,19.86,2025-12-18 08:03:35,2025-12-18 08:27:43,SUCCESS
DEL01468,D029,Warehouse-South,Zone-22,29.94,2026-03-21 12:55:37,2026-03-21 13:14:56,SUCCESS
DEL01469,D043,Warehouse-East,Zone-10,18.52,2025-12-04 06:52:54,2025-12-04 07:07:28,SUCCESS
DEL01470,D028,Hub-West,Zone-17,51.41,2026-02-24 03:37:47,2026-02-24 04:27:53,SUCCESS
DEL01471,D061,Warehouse-North,Zone-04,15.77,2026-01-18 00:00:33,2026-01-18 00:15:57,SUCCESS
DEL01472,D086,Hub-Central,Zone-08,36.12,2025-12-07 04:30:39,2025-12-07 05:05:27,SUCCESS
DEL01473,D083,Hub-West,Zone-08,15.67,2026-01-28 04:03:15,2026-01-28 04:15:33,SUCCESS
DEL01474,D006,Warehouse-East,Zone-13,10.8,2026-02-10 12:55:11,2026-02-10 13:10:54,SUCCESS
DEL01475,D015,Warehouse-East,Zone-18,26.19,2025-12-14 22:18:43,2025-12-14 22:27:47,FAILED
DEL01476,D093,Warehouse-North,Zone-30,69.09,2025-11-24 22:04:43,2025-11-24 23:33:28,SUCCESS
DEL01477,D067,Warehouse-East,Zone-17,49.08,2026-03-09 15:18:21,2026-03-09 15:52:13,SUCCESS
DEL01478,D066,Hub-Central,Zone-02,46.53,2025-12-26 12:26:44,2025-12-26 12:45:56,FAILED
DEL01479,D038,Warehouse-South,Zone-11,15.9,2026-03-24 10:17:44,2026-03-24 10:29:34,SUCCESS
DEL01480,D066,Warehouse-North,Zone-06,26.17,2025-10-16 23:45:27,2025-10-17 00:20:22,SUCCESS
DEL01481,D099,Hub-West,Zone-01,45.19,2026-01-13 11:08:39,2026-01-13 11:31:37,FAILED
DEL01482,D081,Warehouse-South,Zone-22,13.32,2025-10-13 17:07:14,2025-10-13 17:25:57,SUCCESS
DEL01483,D081,Warehouse-South,Zone-28,39.42,2026-02-28 05:09:16,2026-02-28 05:43:17,SUCCESS
DEL01484,D088,Warehouse-North,Zone-07,5.77,2025-12-22 08:57:33,2025-12-22 09:02:41,SUCCESS
DEL01485,D069,Hub-Central,Zone-21,12.21,2026-03-10 22:14:55,2026-03-10 22:24:18,SUCCESS
DEL01486,D010,Warehouse-South,Zone-01,37.21,2026-02-23 00:45:48,2026-02-23 01:31:24,SUCCESS
DEL01487,D059,Warehouse-East,Zone-02,15.65,2026-02-17 04:50:54,2026-02-17 05:04:59,SUCCESS
DEL01488,D012,Warehouse-North,Zone-06,27.96,2025-10-15 05:21:38,2025-10-15 05:54:38,SUCCESS
DEL01489,D033,Warehouse-North,Zone-19,25.74,2026-01-17 08:51:39,2026-01-17 09:23:23,SUCCESS
DEL01490,D030,Warehouse-East,Zone-14,47.99,2026-03-26 21:30:18,2026-03-26 22:04:28,SUCCESS
DEL01491,D050,Hub-Central,Zone-14,26.16,2025-12-27 14:23:52,2025-12-27 14:43:48,SUCCESS
DEL01492,D041,Hub-Central,Zone-22,7.54,2025-10-04 06:43:03,2025-10-04 06:49:06,SUCCESS
DEL01493,D016,Warehouse-North,Zone-21,44.88,2026-01-12 20:30:31,2026-01-12 21:12:36,SUCCESS
DEL01494,D093,Warehouse-North,Zone-25,90.8,2026-01-29 01:43:00,2026-01-29 03:04:30,SUCCESS
DEL01495,D096,Warehouse-North,Zone-23,26.57,2026-01-22 17:07:52,2026-01-22 17:24:48,SUCCESS
DEL01496,D010,Hub-West,Zone-04,16.9,2025-12-09 11:00:12,2025-12-09 11:14:17,SUCCESS
DEL01497,D038,Warehouse-East,Zone-20,15.04,2026-03-02 19:10:55,2026-03-02 19:22:12,FAILED
DEL01498,D012,Hub-Central,Zone-13,18.41,2025-11-24 15:57:58,2025-11-24 16:24:31,SUCCESS
DEL01499,D051,Warehouse-North,Zone-16,37.33,2026-03-09 15:22:04,2026-03-09 16:02:59,SUCCESS
DEL01500,D021,Warehouse-South,Zone-05,30.34,2026-01-12 14:08:23,2026-01-12 14:52:28,SUCCESS
DEL01501,D096,Hub-West,Zone-10,51.23,2025-12-15 22:09:26,2025-12-15 22:48:40,SUCCESS
DEL01502,D082,Warehouse-East,Zone-22,7.88,2025-10-28 23:26:26,2025-10-28 23:32:12,SUCCESS
DEL01503,D094,Warehouse-East,Zone-01,28.56,2026-02-03 19:37:19,2026-02-03 19:59:29,SUCCESS
DEL01504,D071,Hub-West,Zone-05,18.06,2026-03-19 20:42:33,2026-03-19 21:05:27,SUCCESS
DEL01505,D016,Warehouse-North,Zone-19,21.88,2025-10-09 02:40:37,2025-10-09 02:57:20,SUCCESS
DEL01506,D077,Hub-West,Zone-18,7.35,2025-12-16 12:33:13,2025-12-16 12:39:08,FAILED
DEL01507,D011,Warehouse-South,Zone-24,21.28,2025-11-29 03:57:49,2025-11-29 04:05:37,FAILED
DEL01508,D095,Warehouse-East,Zone-07,24.25,2026-03-25 10:49:52,2026-03-25 11:24:11,SUCCESS
DEL01509,D053,Hub-West,Zone-05,11.68,2026-03-25 20:31:57,2026-03-25 20:37:26,FAILED
DEL01510,D021,Warehouse-South,Zone-20,32.18,2025-11-05 17:28:05,2025-11-05 17:47:51,FAILED
DEL01511,D033,Warehouse-North,Zone-06,11.24,2025-11-07 17:37:32,2025-11-07 17:45:23,SUCCESS
DEL01512,D086,Hub-West,Zone-28,36.61,2026-03-05 06:41:09,2026-03-05 07:23:44,SUCCESS
DEL01513,D007,Hub-West,Zone-15,58.66,2026-03-15 07:45:15,2026-03-15 09:14:58,SUCCESS
DEL01514,D083,Warehouse-North,Zone-10,18.8,2026-01-15 17:37:21,2026-01-15 17:53:07,SUCCESS
DEL01515,D086,Warehouse-East,Zone-04,9.17,2025-10-14 01:55:59,2025-10-14 02:07:23,SUCCESS
DEL01516,D026,Hub-West,Zone-16,38.47,2026-02-18 21:29:27,2026-02-18 22:09:15,SUCCESS
DEL01517,D043,Warehouse-South,Zone-22,17.35,2025-12-09 08:23:07,2025-12-09 08:36:40,SUCCESS
DEL01518,D084,Warehouse-North,Zone-10,45.69,2025-11-15 13:00:08,2025-11-15 13:50:36,SUCCESS
DEL01519,D080,Warehouse-South,Zone-11,5.71,2025-10-14 13:19:58,2025-10-14 13:23:23,FAILED
DEL01520,D063,Warehouse-East,Zone-20,34.56,2025-12-27 12:09:44,2025-12-27 12:42:15,FAILED
DEL01521,D085,Hub-West,Zone-05,39.65,2025-11-29 08:33:03,2025-11-29 09:00:10,SUCCESS
DEL01522,D073,Warehouse-East,Zone-26,27.83,2026-01-19 01:46:04,2026-01-19 02:27:54,SUCCESS
DEL01523,D041,Warehouse-South,Zone-01,17.13,2025-12-23 04:03:25,2025-12-23 04:28:19,SUCCESS
DEL01524,D041,Warehouse-South,Zone-23,22.48,2025-11-17 19:15:33,2025-11-17 19:29:10,FAILED
DEL01525,D095,Hub-Central,Zone-09,17.44,2026-02-02 10:31:26,2026-02-02 10:46:25,SUCCESS
DEL01526,D047,Warehouse-East,Zone-29,30.5,2025-10-27 01:54:37,2025-10-27 02:36:11,SUCCESS
DEL01527,D062,Hub-Central,Zone-12,30.17,2025-12-29 21:01:47,2025-12-29 21:30:34,SUCCESS
DEL01528,D100,Hub-Central,Zone-18,5.65,2025-11-29 07:36:06,2025-11-29 07:40:02,FAILED
DEL01529,D014,Hub-West,Zone-03,5.72,2025-11-04 03:08:53,2025-11-04 03:14:50,SUCCESS
DEL01530,D036,Warehouse-South,Zone-29,13.01,2026-03-16 17:53:44,2026-03-16 18:02:45,SUCCESS
DEL01531,D069,Warehouse-East,Zone-24,32.74,2025-11-08 03:26:20,2025-11-08 03:41:35,FAILED
DEL01532,D081,Warehouse-North,Zone-29,50.2,2025-10-15 20:20:25,2025-10-15 21:11:17,SUCCESS
DEL01533,D003,Hub-West,Zone-21,53.64,2026-03-14 23:21:49,2026-03-15 00:03:52,SUCCESS
DEL01534,D004,Hub-West,Zone-19,22.14,2026-03-07 19:11:17,2026-03-07 19:41:31,SUCCESS
DEL01535,D052,Hub-West,Zone-07,14.44,2026-02-27 08:43:58,2026-02-27 09:02:54,SUCCESS
DEL01536,D005,Warehouse-East,Zone-18,41.49,2026-01-16 02:36:51,2026-01-16 03:34:16,SUCCESS
DEL01537,D070,Warehouse-South,Zone-12,21.78,2025-12-31 16:09:49,2025-12-31 16:28:04,FAILED
DEL01538,D051,Hub-West,Zone-24,11.84,2025-11-13 08:41:03,2025-11-13 08:51:32,SUCCESS
DEL01539,D038,Hub-Central,Zone-17,17.39,2025-10-26 23:55:54,2025-10-27 00:09:18,SUCCESS
DEL01540,D066,Hub-Central,Zone-12,22.26,2025-10-18 14:00:44,2025-10-18 14:11:52,FAILED
DEL01541,D065,Warehouse-South,Zone-28,23.68,2025-10-03 01:21:38,2025-10-03 01:49:04,SUCCESS
DEL01542,D079,Warehouse-South,Zone-25,32.29,2026-02-10 20:25:27,2026-02-10 20:50:09,SUCCESS
DEL01543,D066,Hub-Central,Zone-06,13.78,2025-10-28 06:10:29,2025-10-28 06:23:48,SUCCESS
DEL01544,D023,Hub-West,Zone-22,9.6,2026-01-18 23:24:57,2026-01-18 23:36:33,SUCCESS
DEL01545,D019,Hub-Central,Zone-12,5.2,2026-02-20 21:38:05,2026-02-20 21:44:39,SUCCESS
DEL01546,D006,Hub-Central,Zone-08,17.14,2025-11-12 11:46:15,2025-11-12 12:10:59,SUCCESS
DEL01547,D009,Warehouse-East,Zone-08,48.76,2025-11-21 07:59:36,2025-11-21 08:55:12,SUCCESS
DEL01548,D006,Warehouse-South,Zone-17,46.19,2026-02-07 19:50:05,2026-02-07 20:23:05,SUCCESS
DEL01549,D047,Hub-Central,Zone-30,27.24,2025-12-15 08:38:41,2025-12-15 08:51:51,FAILED
DEL01550,D059,Warehouse-North,Zone-02,13.0,2026-03-21 04:19:48,2026-03-21 04:35:13,SUCCESS
DEL01551,D084,Warehouse-North,Zone-23,42.64,2025-12-02 22:16:51,2025-12-02 23:03:28,SUCCESS
DEL01552,D067,Warehouse-East,Zone-27,44.2,2026-02-01 00:38:10,2026-02-01 01:20:38,SUCCESS
DEL01553,D095,Hub-West,Zone-18,14.61,2025-11-21 03:08:30,2025-11-21 03:22:22,SUCCESS
DEL01554,D073,Hub-Central,Zone-21,11.66,2025-11-03 18:11:55,2025-11-03 18:28:27,SUCCESS
DEL01555,D049,Hub-West,Zone-21,51.9,2025-12-10 22:24:22,2025-12-10 23:39:50,SUCCESS
DEL01556,D010,Warehouse-East,Zone-13,16.19,2026-01-09 07:49:25,2026-01-09 08:04:30,SUCCESS
DEL01557,D029,Hub-Central,Zone-12,15.21,2026-01-09 06:28:00,2026-01-09 06:38:53,SUCCESS
DEL01558,D045,Hub-Central,Zone-29,52.02,2026-01-03 12:56:21,2026-01-03 13:49:35,SUCCESS
DEL01559,D078,Hub-West,Zone-29,17.29,2025-10-02 06:44:50,2025-10-02 07:02:53,SUCCESS
DEL01560,D018,Warehouse-South,Zone-08,37.26,2025-12-25 10:04:35,2025-12-25 10:39:43,SUCCESS
DEL01561,D010,Warehouse-East,Zone-07,46.23,2026-01-08 21:56:10,2026-01-08 22:31:37,SUCCESS
DEL01562,D020,Warehouse-South,Zone-12,13.53,2025-11-06 07:02:36,2025-11-06 07:12:46,SUCCESS
DEL01563,D078,Warehouse-North,Zone-22,13.24,2026-02-17 06:52:22,2026-02-17 07:02:12,SUCCESS
DEL01564,D030,Warehouse-East,Zone-24,8.2,2025-12-20 12:14:23,2025-12-20 12:25:48,SUCCESS
DEL01565,D015,Hub-Central,Zone-16,15.81,2026-01-02 12:01:48,2026-01-02 12:17:39,SUCCESS
DEL01566,D027,Warehouse-South,Zone-21,53.83,2026-01-23 17:17:06,2026-01-23 18:25:51,SUCCESS
DEL01567,D053,Warehouse-South,Zone-02,10.9,2025-10-05 08:36:22,2025-10-05 08:44:32,SUCCESS
DEL01568,D017,Hub-West,Zone-06,,2026-01-20 08:38:27,2026-01-20 08:43:49,FAILED
DEL01569,D018,Hub-West,Zone-02,5.12,2026-01-31 05:52:15,2026-01-31 05:57:12,SUCCESS
DEL01570,D074,Warehouse-North,Zone-06,16.46,2025-10-29 12:26:27,2025-10-29 12:44:57,SUCCESS
DEL01571,D034,Warehouse-South,Zone-17,,2026-03-29 02:54:50,2026-03-29 03:19:25,SUCCESS
DEL01572,D052,Hub-West,Zone-21,26.38,2026-01-25 09:12:30,2026-01-25 09:49:19,SUCCESS
DEL01573,D003,Warehouse-East,Zone-03,62.47,2026-03-20 14:08:54,2026-03-20 15:13:07,SUCCESS
DEL01574,D028,Hub-West,Zone-16,15.54,2025-12-27 05:26:21,2025-12-27 05:38:11,SUCCESS
DEL01575,D062,Warehouse-South,Zone-27,8.45,2025-11-03 02:53:55,2025-11-03 03:02:57,SUCCESS
DEL01576,D053,Warehouse-South,Zone-26,15.68,2026-01-25 16:06:40,2026-01-25 16:22:09,SUCCESS
DEL01577,D075,Warehouse-South,Zone-20,43.44,2026-03-09 07:35:20,2026-03-09 08:21:46,SUCCESS
DEL01578,D085,Warehouse-East,Zone-06,51.29,2026-01-08 04:31:24,2026-01-08 04:45:09,FAILED
DEL01579,D093,Warehouse-East,Zone-30,7.88,2026-02-11 03:05:11,2026-02-11 03:12:18,SUCCESS
DEL01580,D059,Hub-West,Zone-03,31.81,2026-01-24 20:02:49,2026-01-24 20:37:13,SUCCESS
DEL01581,D030,Hub-Central,Zone-05,41.33,2025-12-13 10:35:33,2025-12-13 11:17:35,SUCCESS
DEL01582,D014,Warehouse-South,Zone-17,35.63,2025-10-04 05:11:14,2025-10-04 05:51:37,SUCCESS
DEL01583,D065,Hub-Central,Zone-27,30.38,2026-02-10 21:23:06,2026-02-10 21:49:48,SUCCESS
DEL01584,D020,Warehouse-North,Zone-06,25.32,2026-01-26 13:53:09,2026-01-26 14:14:25,SUCCESS
DEL01585,D061,Hub-West,Zone-20,14.34,2026-03-25 01:47:55,2026-03-25 02:00:01,SUCCESS
DEL01586,D005,Hub-West,Zone-17,22.4,2026-03-20 10:37:25,2026-03-20 10:53:37,SUCCESS
DEL01587,D097,Warehouse-North,Zone-16,31.33,2025-10-23 19:39:58,2025-10-23 19:50:18,FAILED
DEL01588,D085,Hub-West,Zone-18,27.31,2025-10-26 07:22:35,2025-10-26 07:45:58,SUCCESS
DEL01589,D001,Hub-Central,Zone-17,11.12,2026-03-24 04:10:41,2026-03-24 04:22:27,SUCCESS
DEL01590,D054,Warehouse-North,Zone-23,21.46,2025-12-11 22:05:02,2025-12-11 22:31:11,SUCCESS
DEL01591,D068,Warehouse-South,Zone-26,39.05,2025-12-23 07:04:51,2025-12-23 07:35:27,SUCCESS
DEL01592,D062,Hub-Central,Zone-12,22.56,2026-03-03 07:35:44,2026-03-03 08:05:08,SUCCESS
DEL01593,D076,Hub-West,Zone-04,11.13,2026-03-06 05:48:20,2026-03-06 06:04:36,SUCCESS
DEL01594,D055,Warehouse-East,Zone-16,31.1,2025-10-26 23:56:25,2025-10-27 00:45:56,SUCCESS
DEL01595,D099,Warehouse-North,Zone-10,24.12,2025-11-15 03:35:18,2025-11-15 04:03:20,SUCCESS
DEL01596,D077,Hub-West,Zone-14,22.96,2026-03-20 06:01:37,2026-03-20 06:10:41,FAILED
DEL01597,D033,Warehouse-North,Zone-23,37.0,2025-11-06 16:54:06,2025-11-06 17:27:45,SUCCESS
DEL01598,D096,Warehouse-North,Zone-19,17.75,2026-03-03 06:58:31,2026-03-03 07:16:54,SUCCESS
DEL01599,D067,Hub-West,Zone-01,21.25,2025-10-23 21:07:15,2025-10-23 21:22:49,SUCCESS
DEL01600,D049,Warehouse-South,Zone-23,36.6,2026-02-05 02:24:21,2026-02-05 03:14:30,SUCCESS
DEL01601,D041,Warehouse-East,Zone-04,9.12,2025-12-19 09:21:22,2025-12-19 09:30:58,SUCCESS
DEL01602,D020,Hub-West,Zone-09,14.04,2025-12-22 17:38:15,2025-12-22 17:52:51,SUCCESS
DEL01603,D034,Hub-West,Zone-14,29.98,2026-03-16 00:28:52,2026-03-16 00:47:56,FAILED
DEL01604,D073,Hub-West,Zone-09,56.92,2025-12-11 00:01:29,2025-12-11 01:23:53,SUCCESS
DEL01605,D088,Warehouse-South,Zone-14,17.53,2025-12-17 04:16:14,2025-12-17 04:40:36,SUCCESS
DEL01606,D071,Hub-West,Zone-16,24.52,2026-03-02 04:43:07,2026-03-02 05:04:13,SUCCESS
DEL01607,D023,Hub-West,Zone-18,16.4,2025-12-11 21:19:02,2025-12-11 21:27:09,FAILED
DEL01608,D062,Warehouse-East,Zone-19,6.52,2025-11-19 06:41:22,2025-11-19 06:50:53,SUCCESS
DEL01609,D045,Hub-Central,Zone-24,55.4,2026-02-28 08:00:28,2026-02-28 09:07:33,SUCCESS
DEL01610,D018,Warehouse-North,Zone-24,31.44,2026-03-16 00:35:01,2026-03-16 01:20:44,SUCCESS
DEL01611,D030,Warehouse-South,Zone-04,48.11,2025-12-26 17:16:58,2025-12-26 18:25:53,SUCCESS
DEL01612,D028,Hub-Central,Zone-26,17.69,2026-01-07 17:03:09,2026-01-07 17:16:49,SUCCESS
DEL01613,D044,Hub-West,Zone-20,44.92,2026-03-05 12:14:56,2026-03-05 12:44:48,SUCCESS
DEL01614,D090,Warehouse-North,Zone-06,34.77,2026-02-10 22:18:05,2026-02-10 23:06:10,SUCCESS
DEL01615,D050,Warehouse-North,Zone-26,22.92,2026-02-01 11:23:59,2026-02-01 11:45:22,SUCCESS
DEL01616,D012,Warehouse-South,Zone-16,51.45,2026-03-09 20:38:54,2026-03-09 21:47:24,SUCCESS
DEL01617,D077,Warehouse-North,Zone-03,48.96,2025-12-24 13:00:21,2025-12-24 13:35:52,SUCCESS
DEL01618,D034,Warehouse-East,Zone-03,7.14,2025-11-13 01:31:27,2025-11-13 01:36:25,SUCCESS
DEL01619,D078,Hub-Central,Zone-30,26.59,2025-10-08 07:57:09,2025-10-08 08:20:25,SUCCESS
DEL01620,D052,Hub-West,Zone-10,23.84,2026-01-28 05:17:13,2026-01-28 05:45:25,SUCCESS
DEL01621,D092,Warehouse-North,Zone-25,17.17,2026-01-25 00:25:26,2026-01-25 00:47:27,SUCCESS
DEL01622,D023,Hub-Central,Zone-15,37.0,2026-02-02 07:58:25,2026-02-02 08:24:50,SUCCESS
DEL01623,D002,Hub-West,Zone-10,59.47,2025-11-09 04:01:25,2025-11-09 04:40:03,FAILED
DEL01624,D025,Hub-West,Zone-17,30.31,2025-10-07 12:37:51,2025-10-07 13:16:54,SUCCESS
DEL01625,D067,Warehouse-South,Zone-20,43.72,2026-02-13 15:00:42,2026-02-13 15:38:13,SUCCESS
DEL01626,D022,Warehouse-North,Zone-12,63.73,2026-02-08 21:10:52,2026-02-08 21:45:55,FAILED
DEL01627,D031,Warehouse-North,Zone-06,23.8,2026-02-05 04:36:37,2026-02-05 05:03:03,SUCCESS
DEL01628,D012,Hub-Central,Zone-12,65.55,2025-11-23 13:57:32,2025-11-23 14:32:54,FAILED
DEL01629,D086,Hub-Central,Zone-19,37.11,2025-12-16 17:30:01,2025-12-16 18:25:01,SUCCESS
DEL01630,D026,Warehouse-North,Zone-24,68.7,2026-01-09 12:51:21,2026-01-09 14:24:38,SUCCESS
DEL01631,D091,Warehouse-North,Zone-18,57.02,2025-10-14 07:46:45,2025-10-14 08:54:31,SUCCESS
DEL01632,D037,Hub-West,Zone-30,43.99,2026-02-19 00:03:05,2026-02-19 00:28:42,FAILED
DEL01633,D075,Warehouse-East,Zone-27,18.65,2025-12-07 14:14:29,2025-12-07 14:34:40,SUCCESS
DEL01634,D036,Hub-West,Zone-07,36.79,2025-11-13 22:36:48,2025-11-13 23:23:47,SUCCESS
DEL01635,D059,Hub-Central,Zone-19,21.63,2026-03-30 12:46:49,2026-03-30 13:05:17,SUCCESS
DEL01636,D001,Warehouse-South,Zone-14,41.04,2025-11-20 16:50:57,2025-11-20 17:24:56,SUCCESS
DEL01637,D065,Hub-West,Zone-03,31.73,2025-10-21 16:09:45,2025-10-21 16:33:42,SUCCESS
DEL01638,D065,Warehouse-East,Zone-04,21.52,2025-11-27 03:18:46,2025-11-27 03:38:00,SUCCESS
DEL01639,D066,Hub-West,Zone-27,29.61,2025-11-20 00:56:17,2025-11-20 01:17:19,SUCCESS
DEL01640,D074,Hub-Central,Zone-13,8.31,2025-11-18 13:44:37,2025-11-18 13:54:51,SUCCESS
DEL01641,D073,Warehouse-South,Zone-25,33.68,2026-01-02 21:52:43,2026-01-02 22:08:54,FAILED
DEL01642,D044,Hub-Central,Zone-22,63.17,2026-02-28 14:33:08,2026-02-28 15:38:08,SUCCESS
DEL01643,D059,Hub-West,Zone-28,29.85,2026-03-24 02:06:13,2026-03-24 02:27:05,SUCCESS
DEL01644,D004,Warehouse-North,Zone-09,21.33,2026-01-02 14:08:37,2026-01-02 14:23:39,SUCCESS
DEL01645,D009,Warehouse-South,Zone-22,55.38,2025-12-14 07:23:11,2025-12-14 08:32:11,SUCCESS
DEL01646,D090,Warehouse-East,Zone-14,67.06,2025-11-14 15:33:07,2025-11-14 16:09:53,FAILED
DEL01647,D046,Hub-West,Zone-01,31.26,2026-01-09 07:05:02,2026-01-09 07:32:51,SUCCESS
DEL01648,D090,Warehouse-East,Zone-08,35.07,2026-03-11 14:13:34,2026-03-11 14:33:28,FAILED
DEL01649,D037,Hub-Central,Zone-22,45.91,2025-10-19 01:27:19,2025-10-19 02:24:13,SUCCESS
DEL01650,D096,Warehouse-East,Zone-03,19.73,2026-03-09 10:29:07,2026-03-09 10:46:43,SUCCESS
DEL01651,D071,Warehouse-South,Zone-16,22.25,2026-03-30 20:37:15,2026-03-30 20:52:52,SUCCESS
DEL01652,D041,Warehouse-South,Zone-29,14.22,2025-12-08 15:36:22,2025-12-08 15:46:59,SUCCESS
DEL01653,D074,Warehouse-South,Zone-24,41.14,2025-11-22 05:59:02,2025-11-22 06:29:12,SUCCESS
DEL01654,D088,Warehouse-South,Zone-16,14.45,2026-03-30 15:18:13,2026-03-30 15:28:53,SUCCESS
DEL01655,D095,Warehouse-South,Zone-24,30.33,2025-11-08 18:30:48,2025-11-08 18:51:06,SUCCESS
DEL01656,D031,Warehouse-East,Zone-07,10.98,2026-03-19 11:16:29,2026-03-19 11:24:43,SUCCESS
DEL01657,D030,Warehouse-South,Zone-27,7.24,2025-11-09 08:57:38,2025-11-09 09:04:08,SUCCESS
DEL01658,D080,Warehouse-South,Zone-25,18.71,2025-12-09 03:12:28,2025-12-09 03:37:46,SUCCESS
DEL01659,D014,Warehouse-North,Zone-22,46.36,2025-10-24 06:40:27,2025-10-24 07:26:51,SUCCESS
DEL01660,D085,Hub-West,Zone-01,30.84,2026-01-04 15:59:04,2026-01-04 16:18:44,FAILED
DEL01661,D098,Hub-West,Zone-02,30.99,2026-03-16 10:19:32,2026-03-16 10:28:44,FAILED
DEL01662,D062,Hub-West,Zone-11,29.08,2025-12-12 01:54:04,2025-12-12 02:15:04,SUCCESS
DEL01663,D064,Hub-West,Zone-28,33.89,2026-03-24 09:32:53,2026-03-24 10:23:54,SUCCESS
DEL01664,D036,Warehouse-South,Zone-25,5.18,2026-01-04 07:19:07,2026-01-04 07:23:57,SUCCESS
DEL01665,D066,Hub-Central,Zone-08,19.76,2025-11-24 10:08:13,2025-11-24 10:25:27,SUCCESS
DEL01666,D097,Warehouse-South,Zone-02,19.9,2026-01-20 23:27:16,2026-01-20 23:40:42,FAILED
DEL01667,D068,Hub-Central,Zone-16,60.36,2026-03-05 04:52:04,2026-03-05 05:50:10,SUCCESS
DEL01668,D070,Hub-West,Zone-12,10.69,2025-10-07 07:45:10,2025-10-07 07:53:11,SUCCESS
DEL01669,D051,Warehouse-South,Zone-15,,2026-03-17 01:45:18,2026-03-17 02:12:06,SUCCESS
DEL01670,D016,Hub-West,Zone-15,10.67,2026-02-13 14:03:19,2026-02-13 14:16:26,SUCCESS
DEL01671,D041,Warehouse-North,Zone-01,7.89,2026-02-11 19:57:14,2026-02-11 20:02:24,SUCCESS
DEL01672,D087,Hub-Central,Zone-19,10.25,2025-11-10 22:10:38,2025-11-10 22:21:31,SUCCESS
DEL01673,D013,Warehouse-East,Zone-20,47.84,2025-12-03 04:38:33,2025-12-03 05:26:38,FAILED
DEL01674,D034,Hub-West,Zone-09,38.14,2025-11-06 08:11:36,2025-11-06 08:42:49,SUCCESS
DEL01675,D031,Hub-Central,Zone-20,11.91,2025-11-22 07:32:00,2025-11-22 07:40:43,SUCCESS
DEL01676,D044,Warehouse-South,Zone-16,51.34,2025-12-11 01:19:48,2025-12-11 02:13:11,SUCCESS
DEL01677,D055,Hub-Central,Zone-23,8.83,2025-11-10 21:09:08,2025-11-10 21:15:48,SUCCESS
DEL01678,D097,Warehouse-East,Zone-28,37.8,2025-12-12 07:05:19,2025-12-12 07:43:00,SUCCESS
DEL01679,D052,Hub-Central,Zone-06,7.19,2025-11-24 07:10:05,2025-11-24 07:13:26,FAILED
DEL01680,D074,Hub-West,Zone-22,32.35,2025-10-26 11:09:10,2025-10-26 11:51:01,SUCCESS
DEL01681,D030,Warehouse-North,Zone-24,35.07,2026-03-08 02:24:12,2026-03-08 03:02:14,SUCCESS
DEL01682,D035,Warehouse-South,Zone-18,76.44,2026-03-06 03:19:11,2026-03-06 04:10:12,SUCCESS
DEL01683,D056,Hub-Central,Zone-07,,2026-03-16 06:41:16,2026-03-16 06:56:19,SUCCESS
DEL01684,D019,Warehouse-South,Zone-16,7.13,2026-03-05 08:26:41,2026-03-05 08:34:52,SUCCESS
DEL01685,D002,Hub-Central,Zone-16,33.39,2025-11-04 07:02:58,2025-11-04 07:51:35,SUCCESS
DEL01686,D018,Hub-West,Zone-18,35.69,2026-03-23 10:56:30,2026-03-23 11:19:27,FAILED
DEL01687,D093,Hub-Central,Zone-10,79.68,2025-12-01 07:23:44,2025-12-01 09:11:56,SUCCESS
DEL01688,D033,Hub-West,Zone-02,31.34,2026-01-18 03:45:18,2026-01-18 04:31:56,SUCCESS
DEL01689,D051,Warehouse-South,Zone-02,21.36,2025-10-20 05:15:21,2025-10-20 05:35:09,SUCCESS
DEL01690,D028,Warehouse-East,Zone-16,61.73,2026-03-08 00:40:01,2026-03-08 01:14:37,FAILED
DEL01691,D081,Hub-Central,Zone-24,44.57,2025-10-19 16:47:57,2025-10-19 17:27:02,SUCCESS
DEL01692,D043,Warehouse-East,Zone-12,29.83,2025-11-20 10:36:42,2025-11-20 11:14:40,SUCCESS
DEL01693,D072,Warehouse-East,Zone-12,55.89,2026-01-17 06:05:55,2026-01-17 06:52:28,FAILED
DEL01694,D003,Warehouse-North,Zone-12,12.97,2025-12-19 22:56:41,2025-12-19 23:11:46,SUCCESS
DEL01695,D087,Warehouse-South,Zone-19,31.97,2026-01-26 14:11:19,2026-01-26 14:39:10,SUCCESS
DEL01696,D074,Hub-West,Zone-06,18.0,2026-02-04 04:35:33,2026-02-04 04:48:23,SUCCESS
DEL01697,D100,Warehouse-East,Zone-11,36.65,2025-11-25 06:22:22,2025-11-25 07:12:50,SUCCESS
DEL01698,D087,Hub-Central,Zone-25,27.27,2026-01-08 02:50:38,2026-01-08 03:04:42,FAILED
DEL01699,D095,Warehouse-North,Zone-13,,2025-12-26 18:50:43,2025-12-26 19:09:38,FAILED
DEL01700,D079,Hub-Central,Zone-21,19.54,2025-11-25 15:17:47,2025-11-25 15:31:47,FAILED
DEL01701,D019,Warehouse-South,Zone-21,6.86,2026-03-18 14:22:26,2026-03-18 14:28:35,SUCCESS
DEL01702,D044,Hub-West,Zone-19,21.69,2025-12-21 21:48:26,2025-12-21 22:12:44,SUCCESS
DEL01703,D052,Warehouse-North,Zone-03,31.44,2026-03-14 20:09:51,2026-03-14 20:41:51,SUCCESS
DEL01704,D021,Warehouse-South,Zone-11,38.51,2025-12-06 17:24:39,2025-12-06 18:14:22,SUCCESS
DEL01705,D041,Warehouse-East,Zone-23,6.53,2026-02-04 19:15:41,2026-02-04 19:21:43,SUCCESS
DEL01706,D035,Hub-Central,Zone-09,52.79,2026-01-26 13:17:54,2026-01-26 14:22:55,SUCCESS
DEL01707,D057,Warehouse-East,Zone-24,24.6,2026-03-01 15:36:10,2026-03-01 15:54:09,SUCCESS
DEL01708,D076,Hub-Central,Zone-14,57.02,2026-01-10 03:44:10,2026-01-10 04:21:33,FAILED
DEL01709,D022,Warehouse-North,Zone-05,40.77,2025-11-05 16:58:18,2025-11-05 17:38:45,SUCCESS
DEL01710,D094,Warehouse-East,Zone-24,9.19,2025-11-15 13:26:31,2025-11-15 13:33:15,SUCCESS
DEL01711,D090,Warehouse-North,Zone-07,95.05,2026-02-23 14:02:25,2026-02-23 14:46:48,FAILED
DEL01712,D022,Warehouse-North,Zone-04,60.01,2025-12-17 02:21:59,2025-12-17 03:10:14,SUCCESS
DEL01713,D009,Hub-Central,Zone-18,29.08,2026-03-20 14:59:48,2026-03-20 15:42:18,SUCCESS
DEL01714,D007,Hub-Central,Zone-17,49.59,2025-10-06 02:52:09,2025-10-06 03:07:06,FAILED
DEL01715,D098,Warehouse-North,Zone-09,7.99,2025-10-17 03:58:43,2025-10-17 04:07:07,SUCCESS
DEL01716,D080,Warehouse-North,Zone-21,19.05,2025-10-31 03:37:51,2025-10-31 03:51:11,SUCCESS
DEL01717,D050,Warehouse-South,Zone-08,15.66,2025-11-30 01:46:18,2025-11-30 01:58:20,SUCCESS
DEL01718,D095,Hub-Central,Zone-21,13.49,2025-11-25 04:21:10,2025-11-25 04:31:09,SUCCESS
DEL01719,D017,Hub-West,Zone-27,8.65,2025-10-26 11:47:44,2025-10-26 11:54:29,FAILED
DEL01720,D022,Warehouse-North,Zone-22,12.31,2025-10-06 13:09:06,2025-10-06 13:17:51,SUCCESS
DEL01721,D046,Warehouse-East,Zone-28,34.86,2026-03-17 01:36:33,2026-03-17 02:18:37,SUCCESS
DEL01722,D061,Hub-West,Zone-30,39.9,2025-12-30 17:16:45,2025-12-30 17:42:01,FAILED
DEL01723,D035,Hub-Central,Zone-05,74.09,2026-01-15 12:24:22,2026-01-15 13:36:26,FAILED
DEL01724,D090,Warehouse-South,Zone-19,40.35,2026-01-13 17:15:44,2026-01-13 17:39:38,FAILED
DEL01725,D077,Hub-West,Zone-14,15.05,2025-12-28 15:38:47,2025-12-28 15:45:15,FAILED
DEL01726,D068,Hub-West,Zone-10,36.69,2026-02-02 05:37:16,2026-02-02 06:06:24,SUCCESS
DEL01727,D045,Hub-West,Zone-08,51.7,2026-01-02 12:39:34,2026-01-02 13:54:43,SUCCESS
DEL01728,D012,Warehouse-East,Zone-12,53.58,2025-12-25 19:13:05,2025-12-25 19:55:49,SUCCESS
DEL01729,D053,Warehouse-South,Zone-10,39.39,2025-11-20 10:47:18,2025-11-20 11:09:37,FAILED
DEL01730,D002,Hub-West,Zone-27,48.0,2025-10-01 00:25:49,2025-10-01 01:08:44,SUCCESS
DEL01731,D098,Warehouse-South,Zone-12,60.5,2026-03-14 15:43:01,2026-03-14 16:07:48,FAILED
DEL01732,D037,Hub-West,Zone-01,20.9,2025-12-31 02:37:15,2025-12-31 02:58:22,SUCCESS
DEL01733,D089,Hub-Central,Zone-25,6.9,2026-03-29 01:14:36,2026-03-29 01:20:14,FAILED
DEL01734,D062,Warehouse-North,Zone-25,12.05,2025-11-28 04:17:10,2025-11-28 04:25:01,SUCCESS
DEL01735,D056,Warehouse-East,Zone-20,24.8,2026-03-04 22:47:07,2026-03-04 23:19:59,SUCCESS
DEL01736,D030,Warehouse-North,Zone-18,34.87,2026-03-04 17:12:18,2026-03-04 17:53:46,SUCCESS
DEL01737,D048,Hub-Central,Zone-29,7.93,2025-11-06 14:48:16,2025-11-06 14:56:40,SUCCESS
DEL01738,D072,Hub-Central,Zone-08,53.57,2025-12-24 21:03:47,2025-12-24 21:57:28,SUCCESS
DEL01739,D021,Hub-Central,Zone-27,51.26,2026-02-16 19:51:08,2026-02-16 21:04:12,SUCCESS
DEL01740,D049,Warehouse-East,Zone-03,43.97,2025-11-12 20:02:06,2025-11-12 20:56:42,SUCCESS
DEL01741,D055,Warehouse-South,Zone-17,40.26,2026-01-30 10:12:59,2026-01-30 11:07:16,SUCCESS
DEL01742,D098,Hub-West,Zone-26,58.15,2026-03-05 08:04:46,2026-03-05 08:52:00,SUCCESS
DEL01743,D089,Warehouse-East,Zone-10,8.7,2026-02-10 22:39:18,2026-02-10 22:49:02,SUCCESS
DEL01744,D084,Hub-West,Zone-26,18.95,2026-02-22 06:17:24,2026-02-22 06:27:09,FAILED
DEL01745,D035,Warehouse-South,Zone-28,34.14,2025-12-20 04:16:17,2025-12-20 04:46:35,SUCCESS
DEL01746,D009,Warehouse-South,Zone-10,57.53,2025-11-05 10:04:44,2025-11-05 10:41:12,FAILED
DEL01747,D015,Hub-Central,Zone-20,8.03,2026-02-01 16:08:06,2026-02-01 16:13:55,SUCCESS
DEL01748,D058,Hub-West,Zone-16,14.8,2025-11-22 20:14:13,2025-11-22 20:27:28,SUCCESS
DEL01749,D025,Warehouse-North,Zone-05,39.11,2025-12-02 06:18:29,2025-12-02 06:51:01,SUCCESS
DEL01750,D007,Warehouse-North,Zone-06,39.26,2026-01-12 21:08:39,2026-01-12 21:31:23,FAILED
DEL01751,D014,Warehouse-East,Zone-05,59.56,2025-11-24 18:44:56,2025-11-24 19:33:30,SUCCESS
DEL01752,D092,Warehouse-North,Zone-08,8.34,2025-12-25 03:10:10,2025-12-25 03:17:11,SUCCESS
DEL01753,D012,Warehouse-North,Zone-16,68.47,2025-10-30 06:14:12,2025-10-30 07:06:39,SUCCESS
DEL01754,D028,Hub-Central,Zone-10,50.46,2025-12-06 09:25:45,2025-12-06 10:30:09,SUCCESS
DEL01755,D064,Hub-Central,Zone-23,38.07,2025-12-12 02:50:09,2025-12-12 03:18:24,SUCCESS
DEL01756,D005,Warehouse-North,Zone-27,35.44,2025-12-04 03:04:12,2025-12-04 03:36:36,SUCCESS
DEL01757,D097,Warehouse-North,Zone-09,47.08,2025-10-29 08:49:07,2025-10-29 09:37:16,SUCCESS
DEL01758,D100,Warehouse-North,Zone-18,19.05,2025-12-16 04:49:04,2025-12-16 05:03:09,FAILED
DEL01759,D061,Warehouse-South,Zone-29,27.76,2025-11-05 06:20:05,2025-11-05 06:39:43,SUCCESS
DEL01760,D033,Hub-Central,Zone-27,22.27,2026-03-08 16:39:51,2026-03-08 16:48:41,FAILED
DEL01761,D002,Warehouse-South,Zone-13,17.48,2025-10-24 16:22:55,2025-10-24 16:33:30,FAILED
DEL01762,D099,Warehouse-South,Zone-24,57.07,2025-12-26 00:20:51,2025-12-26 01:27:49,SUCCESS
DEL01763,D005,Hub-Central,Zone-24,37.59,2025-11-08 16:14:43,2025-11-08 16:52:34,SUCCESS
DEL01764,D099,Hub-West,Zone-22,30.9,2025-10-19 05:53:12,2025-10-19 06:08:35,FAILED
DEL01765,D027,Hub-Central,Zone-22,44.97,2025-12-31 19:31:36,2025-12-31 19:50:31,FAILED
DEL01766,D040,Warehouse-South,Zone-21,24.19,2025-12-02 17:35:00,2025-12-02 17:50:44,SUCCESS
DEL01767,D094,Hub-West,Zone-17,32.98,2025-10-09 04:36:02,2025-10-09 05:06:44,SUCCESS
DEL01768,D016,Hub-Central,Zone-21,23.49,2025-11-19 04:31:22,2025-11-19 05:07:02,SUCCESS
DEL01769,D039,Warehouse-East,Zone-29,29.16,2025-11-08 14:07:09,2025-11-08 14:27:30,FAILED
DEL01770,D007,Warehouse-South,Zone-04,29.72,2026-03-17 16:56:11,2026-03-17 17:37:53,SUCCESS
DEL01771,D031,Hub-Central,Zone-11,38.59,2026-01-31 21:34:10,2026-01-31 22:04:15,FAILED
DEL01772,D002,Warehouse-East,Zone-19,41.31,2025-11-02 11:57:20,2025-11-02 12:35:03,SUCCESS
DEL01773,D016,Warehouse-South,Zone-01,23.16,2025-12-16 20:36:01,2025-12-16 21:13:31,SUCCESS
DEL01774,D006,Hub-Central,Zone-23,50.5,2026-01-21 20:00:54,2026-01-21 20:51:16,SUCCESS
DEL01775,D077,Warehouse-East,Zone-25,22.29,2025-10-31 02:18:53,2025-10-31 02:41:30,SUCCESS
DEL01776,D012,Warehouse-South,Zone-16,76.53,2025-11-18 07:07:47,2025-11-18 08:16:46,SUCCESS
DEL01777,D012,Hub-West,Zone-11,59.86,2026-02-11 04:44:01,2026-02-11 05:24:10,FAILED
DEL01778,D098,Warehouse-North,Zone-02,10.31,2026-01-30 09:19:40,2026-01-30 09:27:06,SUCCESS
DEL01779,D046,Warehouse-South,Zone-23,30.92,2026-02-03 03:56:12,2026-02-03 04:31:39,SUCCESS
DEL01780,D069,Warehouse-North,Zone-05,21.77,2026-03-03 16:30:00,2026-03-03 16:59:30,SUCCESS
DEL01781,D063,Warehouse-East,Zone-18,7.78,2025-11-15 04:20:32,2025-11-15 04:26:13,SUCCESS
DEL01782,D083,Warehouse-East,Zone-26,37.1,2026-02-24 22:27:57,2026-02-24 22:50:04,FAILED
DEL01783,D057,Warehouse-South,Zone-01,9.35,2026-02-20 08:54:27,2026-02-20 09:05:15,SUCCESS
DEL01784,D089,Warehouse-East,Zone-24,32.94,2025-12-13 08:31:51,2025-12-13 09:02:49,SUCCESS
DEL01785,D018,Warehouse-North,Zone-16,19.76,2025-11-18 16:19:44,2025-11-18 16:30:04,FAILED
DEL01786,D091,Hub-West,Zone-10,8.56,2025-12-24 22:53:52,2025-12-24 23:01:11,SUCCESS
DEL01787,D070,Hub-Central,Zone-07,12.67,2026-02-13 08:25:53,2026-02-13 08:36:09,SUCCESS
DEL01788,D073,Hub-West,Zone-12,27.39,2025-11-06 05:44:36,2025-11-06 05:58:29,FAILED
DEL01789,D042,Hub-Central,Zone-09,15.16,2026-02-20 05:14:33,2026-02-20 05:27:04,SUCCESS
DEL01790,D077,Hub-West,Zone-06,39.21,2026-03-27 13:45:27,2026-03-27 14:19:13,SUCCESS
DEL01791,D009,Warehouse-South,Zone-15,8.76,2026-01-12 03:16:47,2026-01-12 03:23:15,SUCCESS
DEL01792,D038,Warehouse-East,Zone-18,26.98,2026-03-09 02:46:02,2026-03-09 03:14:01,SUCCESS
DEL01793,D047,Warehouse-North,Zone-25,11.02,2025-12-28 04:09:41,2025-12-28 04:18:13,SUCCESS
DEL01794,D082,Hub-Central,Zone-24,33.68,2026-01-07 05:56:02,2026-01-07 06:38:07,SUCCESS
DEL01795,D024,Warehouse-North,Zone-20,12.51,2026-03-21 10:45:47,2026-03-21 10:50:50,FAILED
DEL01796,D047,Hub-West,Zone-08,47.51,2026-02-28 16:29:57,2026-02-28 17:05:21,SUCCESS
DEL01797,D042,Warehouse-North,Zone-22,28.19,2026-02-18 00:07:12,2026-02-18 00:38:54,SUCCESS
DEL01798,D069,Hub-Central,Zone-07,22.92,2026-03-09 01:02:54,2026-03-09 01:24:08,SUCCESS
DEL01799,D068,Hub-Central,Zone-25,7.0,2026-02-10 16:03:19,2026-02-10 16:08:28,SUCCESS
DEL01800,D071,Hub-West,Zone-10,34.58,2025-10-30 22:18:17,2025-10-30 22:37:31,FAILED
DEL01801,D042,Warehouse-East,Zone-04,22.52,2025-12-19 13:49:39,2025-12-19 14:11:07,SUCCESS
DEL01802,D013,Warehouse-North,Zone-02,31.04,2026-01-10 14:17:28,2026-01-10 15:05:23,SUCCESS
DEL01803,D017,Warehouse-North,Zone-07,,2025-11-04 16:31:01,2025-11-04 16:41:41,SUCCESS
DEL01804,D014,Warehouse-South,Zone-04,38.5,2026-01-03 05:59:22,2026-01-03 06:23:20,FAILED
DEL01805,D005,Hub-Central,Zone-22,40.97,2026-01-19 21:06:34,2026-01-19 21:47:12,SUCCESS
DEL01806,D063,Hub-West,Zone-23,33.89,2026-01-11 02:30:18,2026-01-11 03:01:44,FAILED
DEL01807,D076,Warehouse-North,Zone-12,26.4,2025-11-19 16:45:36,2025-11-19 16:58:16,FAILED
DEL01808,D029,Warehouse-North,Zone-01,30.52,2026-01-26 15:56:54,2026-01-26 16:20:22,SUCCESS
DEL01809,D027,Hub-Central,Zone-30,49.8,2026-02-05 08:00:48,2026-02-05 08:15:16,FAILED
DEL01810,D011,Warehouse-North,Zone-12,23.91,2025-12-30 21:18:49,2025-12-30 21:51:00,SUCCESS
DEL01811,D072,Hub-Central,Zone-27,22.0,2026-02-22 08:51:21,2026-02-22 09:06:54,SUCCESS
DEL01812,D048,Warehouse-North,Zone-27,5.37,2026-03-04 05:28:16,2026-03-04 05:33:18,SUCCESS
DEL01813,D079,Hub-West,Zone-02,17.54,2025-11-21 14:47:26,2025-11-21 15:06:24,SUCCESS
DEL01814,D094,Warehouse-East,Zone-03,52.15,2025-10-14 16:01:56,2025-10-14 16:41:50,SUCCESS
DEL01815,D028,Warehouse-North,Zone-04,8.75,2026-01-09 20:58:36,2026-01-09 21:02:36,FAILED
DEL01816,D093,Hub-West,Zone-13,18.24,2025-11-14 20:37:18,2025-11-14 20:58:47,SUCCESS
DEL01817,D025,Hub-West,Zone-22,44.75,2025-11-07 12:00:06,2025-11-07 12:43:15,SUCCESS
DEL01818,D032,Warehouse-South,Zone-18,14.34,2026-01-19 16:31:17,2026-01-19 16:44:14,SUCCESS
DEL01819,D096,Hub-Central,Zone-24,54.86,2026-01-17 09:07:42,2026-01-17 10:01:26,SUCCESS
DEL01820,D014,Hub-West,Zone-12,28.53,2026-02-26 19:08:22,2026-02-26 19:42:41,SUCCESS
DEL01821,D087,Hub-Central,Zone-29,27.9,2025-12-29 01:47:34,2025-12-29 02:08:18,SUCCESS
DEL01822,D014,Warehouse-South,Zone-18,58.27,2025-11-02 09:23:15,2025-11-02 10:01:55,SUCCESS
DEL01823,D052,Warehouse-East,Zone-22,31.32,2026-01-07 00:02:19,2026-01-07 00:28:15,SUCCESS
DEL01824,D021,Hub-West,Zone-15,29.88,2026-01-12 16:09:23,2026-01-12 16:38:21,SUCCESS
DEL01825,D046,Warehouse-East,Zone-18,35.5,2026-03-25 05:53:05,2026-03-25 06:29:16,SUCCESS
DEL01826,D042,Warehouse-East,Zone-14,11.97,2026-03-14 01:18:18,2026-03-14 01:24:28,FAILED
DEL01827,D098,Hub-Central,Zone-27,18.38,2026-01-31 23:06:58,2026-01-31 23:29:25,SUCCESS
DEL01828,D093,Hub-West,Zone-08,88.05,2025-12-02 19:23:25,2025-12-02 20:40:29,SUCCESS
DEL01829,D073,Warehouse-South,Zone-13,8.14,2026-01-14 22:48:09,2026-01-14 22:54:39,SUCCESS
DEL01830,D099,Warehouse-East,Zone-12,30.08,2026-01-15 20:17:53,2026-01-15 20:50:07,SUCCESS
DEL01831,D058,Hub-Central,Zone-01,53.03,2025-12-26 21:30:00,2025-12-26 22:56:13,SUCCESS
DEL01832,D093,Warehouse-East,Zone-20,11.65,2025-10-07 17:32:26,2025-10-07 17:43:14,SUCCESS
DEL01833,D003,Warehouse-South,Zone-29,72.79,2026-01-09 12:14:04,2026-01-09 13:43:30,SUCCESS
DEL01834,D039,Warehouse-East,Zone-08,37.37,2025-10-02 06:36:46,2025-10-02 06:50:59,FAILED
DEL01835,D028,Warehouse-East,Zone-01,19.52,2026-03-16 03:56:46,2026-03-16 04:25:55,SUCCESS
DEL01836,D099,Warehouse-East,Zone-30,20.91,2026-03-09 14:31:03,2026-03-09 14:54:30,SUCCESS
DEL01837,D071,Hub-West,Zone-19,24.09,2026-01-08 06:41:52,2026-01-08 07:08:52,SUCCESS
DEL01838,D074,Warehouse-North,Zone-02,18.66,2025-10-31 01:01:23,2025-10-31 01:17:46,SUCCESS
DEL01839,D059,Warehouse-South,Zone-05,9.0,2025-12-09 01:28:33,2025-12-09 01:37:46,FAILED
DEL01840,D034,Hub-West,Zone-08,9.53,2025-12-11 06:43:48,2025-12-11 06:56:28,SUCCESS
DEL01841,D030,Warehouse-East,Zone-03,39.15,2025-11-19 18:10:58,2025-11-19 18:40:35,SUCCESS
DEL01842,D074,Hub-West,Zone-30,23.41,2025-12-17 15:11:41,2025-12-17 15:44:37,SUCCESS
DEL01843,D028,Warehouse-North,Zone-24,52.03,2026-02-20 13:55:38,2026-02-20 14:37:33,SUCCESS
DEL01844,D042,Hub-Central,Zone-06,10.57,2026-03-03 23:12:04,2026-03-03 23:19:13,SUCCESS
DEL01845,D063,Hub-West,Zone-27,40.38,2026-03-10 08:03:55,2026-03-10 08:33:21,SUCCESS
DEL01846,D013,Warehouse-East,Zone-02,34.95,2026-01-24 13:58:42,2026-01-24 14:30:47,SUCCESS
DEL01847,D094,Hub-West,Zone-13,5.59,2026-03-06 23:08:34,2026-03-06 23:16:12,SUCCESS
DEL01848,D011,Warehouse-North,Zone-30,27.72,2026-03-01 11:37:53,2026-03-01 12:00:18,SUCCESS
DEL01849,D099,Warehouse-East,Zone-29,50.95,2025-12-04 22:22:07,2025-12-04 23:09:30,SUCCESS
DEL01850,D056,Warehouse-North,Zone-28,15.57,2025-12-20 21:07:54,2025-12-20 21:29:47,SUCCESS
DEL01851,D099,Hub-West,Zone-30,26.04,2025-11-14 00:34:51,2025-11-14 00:45:07,FAILED
DEL01852,D002,Hub-Central,Zone-02,18.49,2026-02-01 02:07:40,2026-02-01 02:33:19,SUCCESS
DEL01853,D040,Warehouse-North,Zone-11,48.79,2026-01-10 19:48:12,2026-01-10 20:55:04,SUCCESS
DEL01854,D070,Warehouse-South,Zone-11,25.32,2026-01-18 16:41:05,2026-01-18 17:10:34,SUCCESS
DEL01855,D065,Warehouse-South,Zone-05,9.73,2026-02-13 11:50:15,2026-02-13 12:02:26,SUCCESS
DEL01856,D007,Hub-Central,Zone-15,67.56,2026-02-08 19:22:03,2026-02-08 20:26:47,SUCCESS
DEL01857,D097,Hub-West,Zone-17,30.47,2026-01-24 13:31:01,2026-01-24 13:55:43,SUCCESS
DEL01858,D012,Hub-Central,Zone-10,17.46,2025-11-13 02:59:38,2025-11-13 03:11:44,SUCCESS
DEL01859,D051,Warehouse-South,Zone-11,5.39,2025-10-29 17:47:16,2025-10-29 17:52:56,SUCCESS
DEL01860,D011,Hub-West,Zone-24,32.5,2026-01-01 09:38:36,2026-01-01 10:02:17,SUCCESS
DEL01861,D007,Hub-Central,Zone-09,89.13,2026-01-15 10:34:31,2026-01-15 11:38:41,FAILED
DEL01862,D011,Hub-West,Zone-14,24.7,2025-12-17 09:16:14,2025-12-17 09:46:11,SUCCESS
DEL01863,D100,Warehouse-South,Zone-25,51.45,2026-02-13 12:18:44,2026-02-13 12:38:59,FAILED
DEL01864,D018,Hub-West,Zone-07,36.41,2026-01-02 09:15:40,2026-01-02 09:30:02,FAILED
DEL01865,D063,Hub-West,Zone-07,40.05,2025-12-16 18:19:08,2025-12-16 18:48:22,SUCCESS
DEL01866,D072,Hub-West,Zone-08,25.79,2026-01-28 14:45:11,2026-01-28 15:03:32,SUCCESS
DEL01867,D032,Warehouse-East,Zone-25,11.28,2025-10-14 21:53:06,2025-10-14 21:58:55,FAILED
DEL01868,D056,Hub-West,Zone-03,23.11,2025-12-02 19:12:26,2025-12-02 19:33:29,FAILED
DEL01869,D015,Hub-Central,Zone-14,17.22,2026-02-08 10:34:13,2026-02-08 10:54:06,SUCCESS
DEL01870,D047,Warehouse-South,Zone-11,23.65,2025-12-07 15:13:56,2025-12-07 15:36:50,SUCCESS
DEL01871,D045,Warehouse-North,Zone-25,40.75,2026-01-24 07:40:05,2026-01-24 08:21:42,SUCCESS
DEL01872,D040,Warehouse-East,Zone-20,36.18,2025-11-02 20:47:12,2025-11-02 21:18:16,SUCCESS
DEL01873,D057,Warehouse-South,Zone-15,11.92,2026-01-30 00:14:21,2026-01-30 00:18:43,FAILED
DEL01874,D006,Warehouse-South,Zone-07,43.54,2026-03-29 11:08:44,2026-03-29 11:49:15,SUCCESS
DEL01875,D088,Warehouse-South,Zone-25,33.24,2025-12-12 14:07:52,2025-12-12 14:49:14,SUCCESS
DEL01876,D094,Warehouse-North,Zone-04,88.34,2026-03-15 14:10:08,2026-03-15 15:20:21,SUCCESS
DEL01877,D095,Warehouse-South,Zone-20,9.71,2025-10-11 14:09:56,2025-10-11 14:16:47,SUCCESS
DEL01878,D019,Warehouse-East,Zone-01,11.9,2026-03-18 16:40:45,2026-03-18 16:57:28,SUCCESS
DEL01879,D044,Warehouse-North,Zone-10,55.42,2026-02-12 17:19:12,2026-02-12 18:42:56,SUCCESS
DEL01880,D058,Warehouse-North,Zone-11,51.49,2025-12-31 11:54:21,2025-12-31 12:36:26,FAILED
DEL01881,D027,Hub-West,Zone-07,21.34,2026-02-21 16:42:37,2026-02-21 17:06:41,SUCCESS
DEL01882,D027,Hub-West,Zone-25,86.72,2026-01-15 02:31:17,2026-01-15 03:36:33,SUCCESS
DEL01883,D034,Hub-Central,Zone-20,45.63,2026-01-15 13:35:37,2026-01-15 14:43:09,SUCCESS
DEL01884,D094,Warehouse-North,Zone-13,60.31,2025-10-28 10:43:36,2025-10-28 12:08:23,SUCCESS
DEL01885,D075,Hub-West,Zone-02,14.98,2026-03-25 22:27:13,2026-03-25 22:40:03,SUCCESS
DEL01886,D033,Warehouse-North,Zone-10,5.38,2025-11-03 01:44:49,2025-11-03 01:52:18,SUCCESS
DEL01887,D026,Hub-West,Zone-09,37.68,2026-03-03 05:53:05,2026-03-03 06:26:41,SUCCESS
DEL01888,D007,Warehouse-North,Zone-03,26.93,2025-12-30 06:52:28,2025-12-30 07:25:09,SUCCESS
DEL01889,D050,Warehouse-East,Zone-22,29.17,2026-02-06 05:33:37,2026-02-06 05:54:46,SUCCESS
DEL01890,D085,Warehouse-North,Zone-01,51.86,2025-12-09 22:44:34,2025-12-09 23:10:53,FAILED
DEL01891,D038,Hub-Central,Zone-08,18.5,2026-03-18 10:25:32,2026-03-18 10:40:38,SUCCESS
DEL01892,D049,Warehouse-North,Zone-29,47.62,2026-01-07 17:58:10,2026-01-07 19:10:19,SUCCESS
DEL01893,D041,Hub-West,Zone-18,14.71,2026-01-03 02:41:21,2026-01-03 02:55:56,SUCCESS
DEL01894,D012,Warehouse-South,Zone-17,15.72,2025-11-06 04:46:04,2025-11-06 04:58:57,FAILED
DEL01895,D059,Warehouse-North,Zone-02,5.4,2026-01-17 20:59:35,2026-01-17 21:03:49,FAILED
DEL01896,D032,Hub-West,Zone-10,26.49,2026-03-29 02:05:24,2026-03-29 02:31:12,SUCCESS
DEL01897,D043,Hub-Central,Zone-24,24.78,2026-01-04 03:15:09,2026-01-04 03:36:59,SUCCESS
DEL01898,D021,Warehouse-East,Zone-22,15.53,2025-10-04 13:37:14,2025-10-04 13:52:01,SUCCESS
DEL01899,D046,Warehouse-East,Zone-08,30.31,2025-12-09 00:10:55,2025-12-09 00:33:36,SUCCESS
DEL01900,D065,Warehouse-North,Zone-21,15.55,2025-11-23 13:41:09,2025-11-23 13:51:02,SUCCESS
DEL01901,D033,Hub-Central,Zone-29,43.9,2026-03-20 14:55:58,2026-03-20 15:52:50,SUCCESS
DEL01902,D004,Warehouse-East,Zone-08,39.42,2026-01-16 18:12:17,2026-01-16 18:43:46,SUCCESS
DEL01903,D020,Hub-Central,Zone-22,20.98,2025-12-06 08:50:20,2025-12-06 09:18:00,SUCCESS
DEL01904,D018,Hub-Central,Zone-17,7.53,2025-10-18 01:09:15,2025-10-18 01:20:34,SUCCESS
DEL01905,D087,Warehouse-South,Zone-14,6.28,2026-01-27 22:12:58,2026-01-27 22:18:29,SUCCESS
DEL01906,D031,Warehouse-South,Zone-14,40.17,2026-01-20 05:54:02,2026-01-20 06:51:30,SUCCESS
DEL01907,D040,Hub-West,Zone-11,38.32,2026-03-26 15:40:27,2026-03-26 16:24:10,SUCCESS
DEL01908,D058,Warehouse-South,Zone-07,49.45,2026-01-14 06:59:32,2026-01-14 07:37:49,SUCCESS
DEL01909,D084,Hub-West,Zone-18,31.04,2025-10-27 21:48:48,2025-10-27 22:16:19,SUCCESS
DEL01910,D088,Warehouse-South,Zone-28,43.4,2026-03-05 08:45:35,2026-03-05 09:24:26,SUCCESS
DEL01911,D018,Hub-West,Zone-30,27.43,2025-11-30 00:02:12,2025-11-30 00:15:38,FAILED
DEL01912,D018,Warehouse-South,Zone-21,12.31,2025-12-23 12:14:41,2025-12-23 12:23:46,SUCCESS
DEL01913,D073,Warehouse-South,Zone-11,9.59,2026-03-28 02:03:08,2026-03-28 02:13:52,SUCCESS
DEL01914,D009,Hub-West,Zone-24,68.64,2026-01-17 05:23:38,2026-01-17 06:27:06,SUCCESS
DEL01915,D016,Warehouse-East,Zone-27,54.61,2025-11-05 18:07:56,2025-11-05 19:28:02,SUCCESS
DEL01916,D019,Warehouse-North,Zone-25,23.04,2026-02-19 04:26:10,2026-02-19 04:44:31,SUCCESS
DEL01917,D041,Hub-Central,Zone-14,27.42,2026-03-20 21:42:42,2026-03-20 22:16:35,SUCCESS
DEL01918,D039,Warehouse-East,Zone-05,39.42,2025-12-26 00:33:01,2025-12-26 01:15:06,SUCCESS
DEL01919,D100,Warehouse-North,Zone-05,24.61,2025-11-06 11:50:02,2025-11-06 12:06:38,SUCCESS
DEL01920,D024,Hub-West,Zone-20,37.67,2025-10-06 02:05:33,2025-10-06 02:38:11,FAILED
DEL01921,D035,Hub-West,Zone-20,13.55,2026-01-26 14:19:17,2026-01-26 14:28:49,SUCCESS
DEL01922,D030,Warehouse-South,Zone-08,5.87,2026-01-24 19:14:32,2026-01-24 19:19:29,SUCCESS
DEL01923,D088,Warehouse-East,Zone-03,24.85,2025-10-06 01:33:45,2025-10-06 01:55:28,SUCCESS
DEL01924,D089,Hub-Central,Zone-05,8.0,2026-03-01 10:15:13,2026-03-01 10:22:30,SUCCESS
DEL01925,D065,Hub-West,Zone-16,46.84,2026-03-14 07:17:23,2026-03-14 08:10:48,SUCCESS
DEL01926,D092,Warehouse-East,Zone-06,12.91,2026-02-04 03:12:31,2026-02-04 03:23:01,SUCCESS
DEL01927,D050,Hub-Central,Zone-05,21.68,2026-01-04 10:18:08,2026-01-04 10:34:48,SUCCESS
DEL01928,D021,Warehouse-South,Zone-02,55.54,2025-11-07 12:39:21,2025-11-07 13:20:42,FAILED
DEL01929,D053,Warehouse-North,Zone-30,10.0,2026-02-26 11:00:33,2026-02-26 11:08:43,SUCCESS
DEL01930,D035,Warehouse-South,Zone-24,40.02,2025-12-20 04:55:28,2025-12-20 05:49:32,SUCCESS
DEL01931,D086,Warehouse-South,Zone-03,19.81,2025-11-09 09:16:22,2025-11-09 09:33:31,SUCCESS
DEL01932,D023,Hub-Central,Zone-28,33.78,2026-03-30 00:36:50,2026-03-30 01:11:05,SUCCESS
DEL01933,D079,Warehouse-East,Zone-28,5.17,2026-01-04 03:17:57,2026-01-04 03:24:49,SUCCESS
DEL01934,D059,Warehouse-South,Zone-14,7.74,2026-03-22 08:27:17,2026-03-22 08:32:26,SUCCESS
DEL01935,D052,Warehouse-North,Zone-20,6.56,2026-02-28 17:25:22,2026-02-28 17:29:29,FAILED
DEL01936,D095,Hub-Central,Zone-24,24.76,2026-03-10 01:38:57,2026-03-10 02:10:23,SUCCESS
DEL01937,D041,Hub-West,Zone-24,6.22,2025-12-16 12:52:31,2025-12-16 12:57:50,SUCCESS
DEL01938,D074,Hub-West,Zone-17,43.16,2026-01-24 07:20:08,2026-01-24 07:44:10,FAILED
DEL01939,D083,Warehouse-North,Zone-17,56.0,2026-03-20 01:26:40,2026-03-20 02:17:51,SUCCESS
DEL01940,D014,Hub-Central,Zone-27,29.53,2025-12-27 16:39:11,2025-12-27 17:13:43,SUCCESS
DEL01941,D006,Warehouse-South,Zone-17,34.56,2026-03-20 10:45:03,2026-03-20 11:17:50,SUCCESS
DEL01942,D069,Warehouse-North,Zone-18,26.49,2025-12-16 19:40:54,2025-12-16 20:10:27,SUCCESS
DEL01943,D050,Warehouse-North,Zone-07,10.26,2026-01-09 05:19:28,2026-01-09 05:26:52,SUCCESS
DEL01944,D038,Hub-Central,Zone-29,21.81,2025-12-25 08:28:10,2025-12-25 08:44:39,SUCCESS
DEL01945,D039,Warehouse-East,Zone-15,27.37,2026-02-28 05:35:46,2026-02-28 05:56:28,SUCCESS
DEL01946,D022,Warehouse-East,Zone-20,59.34,2025-12-22 00:48:59,2025-12-22 01:35:35,SUCCESS
DEL01947,D007,Hub-West,Zone-29,80.17,2026-02-11 23:24:49,2026-02-12 00:29:39,SUCCESS
DEL01948,D019,Hub-Central,Zone-03,6.44,2025-12-30 00:26:04,2025-12-30 00:32:30,SUCCESS
DEL01949,D093,Warehouse-North,Zone-06,20.43,2026-01-06 05:14:03,2026-01-06 05:21:31,FAILED
DEL01950,D100,Hub-West,Zone-05,,2026-01-22 16:23:02,2026-01-22 16:34:08,FAILED
DEL01951,D051,Warehouse-East,Zone-15,5.25,2025-12-20 07:19:33,2025-12-20 07:25:47,SUCCESS
DEL01952,D004,Hub-Central,Zone-19,35.49,2025-11-04 17:38:04,2025-11-04 18:03:25,SUCCESS
DEL01953,D092,Warehouse-South,Zone-29,21.66,2026-03-23 22:42:24,2026-03-23 23:03:49,SUCCESS
DEL01954,D059,Warehouse-East,Zone-11,10.63,2025-10-18 12:16:03,2025-10-18 12:24:34,SUCCESS
DEL01955,D089,Warehouse-South,Zone-23,17.34,2026-02-03 22:35:06,2026-02-03 22:48:11,SUCCESS
DEL01956,D094,Warehouse-North,Zone-04,85.26,2025-10-24 23:45:28,2025-10-25 01:33:44,SUCCESS
DEL01957,D091,Warehouse-East,Zone-03,32.23,2025-12-27 06:20:54,2025-12-27 06:50:24,SUCCESS
DEL01958,D068,Hub-Central,Zone-24,21.77,2026-02-15 08:09:34,2026-02-15 08:25:33,SUCCESS
DEL01959,D066,Warehouse-South,Zone-13,48.04,2026-01-27 20:27:53,2026-01-27 21:15:17,SUCCESS
DEL01960,D071,Warehouse-North,Zone-25,22.87,2025-12-13 21:45:26,2025-12-13 22:02:16,SUCCESS
DEL01961,D022,Warehouse-East,Zone-19,14.59,2026-03-27 03:24:21,2026-03-27 03:36:09,SUCCESS
DEL01962,D085,Warehouse-South,Zone-06,51.99,2026-03-17 12:20:42,2026-03-17 13:20:12,SUCCESS
DEL01963,D019,Warehouse-North,Zone-14,31.33,2025-11-04 17:34:46,2025-11-04 18:00:00,SUCCESS
DEL01964,D040,Hub-Central,Zone-10,38.33,2025-11-30 02:27:35,2025-11-30 02:45:39,FAILED
DEL01965,D081,Warehouse-North,Zone-29,22.52,2025-11-05 02:06:16,2025-11-05 02:32:32,SUCCESS
DEL01966,D017,Warehouse-North,Zone-20,17.62,2025-11-09 09:21:26,2025-11-09 09:30:36,FAILED
DEL01967,D098,Warehouse-North,Zone-15,48.59,2025-11-19 03:34:57,2025-11-19 04:30:36,SUCCESS
DEL01968,D064,Hub-Central,Zone-18,67.87,2026-03-16 02:30:16,2026-03-16 03:55:32,SUCCESS
DEL01969,D001,Hub-Central,Zone-08,45.47,2026-01-27 01:24:37,2026-01-27 02:05:01,SUCCESS
DEL01970,D028,Hub-Central,Zone-15,24.61,2026-01-23 08:17:50,2026-01-23 08:50:04,SUCCESS
DEL01971,D053,Warehouse-North,Zone-20,5.94,2025-12-25 19:17:18,2025-12-25 19:22:26,SUCCESS
DEL01972,D077,Warehouse-South,Zone-29,38.0,2025-10-02 06:37:57,2025-10-02 07:16:27,SUCCESS
DEL01973,D071,Hub-West,Zone-21,20.13,2025-11-24 00:06:00,2025-11-24 00:16:39,FAILED
DEL01974,D072,Warehouse-South,Zone-02,18.53,2026-03-09 06:02:33,2026-03-09 06:20:18,SUCCESS
DEL01975,D024,Warehouse-North,Zone-21,41.3,2025-10-29 18:55:25,2025-10-29 19:10:53,FAILED
DEL01976,D045,Warehouse-South,Zone-28,40.36,2025-10-08 03:07:57,2025-10-08 03:30:45,FAILED
DEL01977,D005,Hub-West,Zone-27,48.79,2026-02-07 12:25:45,2026-02-07 13:35:53,SUCCESS
DEL01978,D078,Warehouse-East,Zone-30,18.45,2025-11-27 22:50:18,2025-11-27 23:08:29,FAILED
DEL01979,D012,Warehouse-North,Zone-14,50.36,2025-10-10 12:30:09,2025-10-10 13:06:49,SUCCESS
DEL01980,D023,Warehouse-East,Zone-20,31.93,2025-11-01 07:52:35,2025-11-01 08:14:59,SUCCESS
DEL01981,D085,Hub-West,Zone-19,17.11,2026-02-12 06:41:13,2026-02-12 06:53:59,SUCCESS
DEL01982,D072,Hub-Central,Zone-24,49.4,2025-11-04 10:50:01,2025-11-04 11:26:42,SUCCESS
DEL01983,D075,Warehouse-North,Zone-03,20.4,2025-12-09 22:36:02,2025-12-09 22:59:16,SUCCESS
DEL01984,D099,Warehouse-East,Zone-12,32.18,2025-11-28 02:48:48,2025-11-28 03:12:04,SUCCESS
DEL01985,D049,Warehouse-North,Zone-25,24.42,2026-03-09 06:42:38,2026-03-09 07:01:08,SUCCESS
DEL01986,D055,Hub-West,Zone-03,40.9,2026-03-13 18:06:27,2026-03-13 18:44:58,FAILED
DEL01987,D038,Warehouse-South,Zone-04,36.22,2025-12-31 10:09:55,2025-12-31 10:37:00,SUCCESS
DEL01988,D089,Warehouse-East,Zone-11,31.22,2026-03-16 21:07:52,2026-03-16 21:34:40,SUCCESS
DEL01989,D068,Hub-West,Zone-07,48.91,2025-12-20 08:15:05,2025-12-20 08:30:41,FAILED
DEL01990,D090,Hub-West,Zone-02,87.04,2025-11-10 14:14:53,2025-11-10 15:45:25,SUCCESS
DEL01991,D014,Hub-West,Zone-03,17.71,2026-01-19 22:45:48,2026-01-19 22:55:13,FAILED
DEL01992,D062,Hub-West,Zone-30,13.06,2026-02-18 14:25:48,2026-02-18 14:39:49,SUCCESS
DEL01993,D091,Hub-Central,Zone-20,9.0,2025-11-25 18:23:23,2025-11-25 18:29:55,SUCCESS
DEL01994,D041,Hub-West,Zone-19,,2025-11-20 10:06:12,2025-11-20 10:24:35,SUCCESS
DEL01995,D080,Warehouse-South,Zone-20,31.39,2025-12-08 17:04:33,2025-12-08 17:34:26,SUCCESS
DEL01996,D073,Hub-West,Zone-24,41.28,2026-01-05 09:22:38,2026-01-05 09:59:08,SUCCESS
DEL01997,D081,Hub-Central,Zone-26,33.35,2026-01-05 15:38:30,2026-01-05 16:03:08,SUCCESS
DEL01998,D024,Hub-West,Zone-08,14.04,2026-03-21 14:10:16,2026-03-21 14:19:55,SUCCESS
DEL01999,D091,Warehouse-South,Zone-01,7.01,2025-11-26 09:46:20,2025-11-26 09:48:27,FAILED
DEL02000,D016,Hub-Central,Zone-21,44.68,2025-10-05 15:47:11,2025-10-05 16:33:55,SUCCESS
DEL02001,D016,Warehouse-South,Zone-26,44.65,2026-02-21 04:51:06,2026-02-21 05:38:30,SUCCESS
DEL02002,D079,Hub-Central,Zone-02,8.87,2025-12-20 12:19:32,2025-12-20 12:33:15,SUCCESS
DEL02003,D043,Hub-West,Zone-26,9.68,2025-12-07 21:29:14,2025-12-07 21:36:34,SUCCESS
DEL02004,D082,Warehouse-North,Zone-21,38.29,2025-11-11 05:33:59,2025-11-11 06:02:04,SUCCESS
DEL02005,D026,Warehouse-East,Zone-09,22.21,2026-02-11 23:42:45,2026-02-11 23:59:38,SUCCESS
DEL02006,D009,Warehouse-East,Zone-17,14.13,2025-11-29 18:19:26,2025-11-29 18:32:30,SUCCESS
DEL02007,D071,Warehouse-North,Zone-04,18.96,2025-12-02 21:35:40,2025-12-02 21:48:13,SUCCESS
DEL02008,D088,Warehouse-East,Zone-13,42.78,2025-12-04 17:12:39,2025-12-04 18:13:09,SUCCESS
DEL02009,D093,Hub-West,Zone-01,48.35,2026-01-19 11:21:59,2026-01-19 12:08:15,SUCCESS
DEL02010,D023,Warehouse-East,Zone-27,17.1,2025-11-07 16:10:41,2025-11-07 16:23:25,SUCCESS
DEL02011,D044,Hub-Central,Zone-30,56.39,2026-03-29 02:08:06,2026-03-29 02:50:07,SUCCESS
DEL02012,D061,Warehouse-North,Zone-21,42.9,2026-03-04 19:28:29,2026-03-04 20:29:57,SUCCESS
DEL02013,D018,Warehouse-South,Zone-21,39.08,2026-01-02 11:55:54,2026-01-02 12:17:02,FAILED
DEL02014,D059,Hub-West,Zone-29,29.08,2026-03-23 05:17:35,2026-03-23 05:39:07,SUCCESS
DEL02015,D043,Hub-Central,Zone-30,11.23,2025-12-29 19:16:00,2025-12-29 19:22:35,FAILED
DEL02016,D096,Hub-West,Zone-10,7.29,2025-10-11 21:04:57,2025-10-11 21:10:45,FAILED
DEL02017,D073,Warehouse-East,Zone-18,34.28,2026-02-18 18:34:40,2026-02-18 18:57:57,SUCCESS
DEL02018,D069,Warehouse-South,Zone-19,6.91,2025-10-04 15:14:03,2025-10-04 15:20:10,SUCCESS
DEL02019,D088,Warehouse-East,Zone-03,37.0,2025-12-04 09:55:26,2025-12-04 10:23:44,SUCCESS
DEL02020,D020,Warehouse-North,Zone-11,9.72,2025-11-24 11:02:18,2025-11-24 11:16:03,SUCCESS
DEL02021,D049,Hub-West,Zone-27,18.66,2026-01-30 15:45:07,2026-01-30 16:00:36,SUCCESS
DEL02022,D022,Hub-West,Zone-13,59.44,2026-01-19 20:58:02,2026-01-19 21:26:43,FAILED
DEL02023,D024,Warehouse-North,Zone-28,6.56,2026-01-24 13:47:42,2026-01-24 13:54:19,SUCCESS
DEL02024,D097,Warehouse-East,Zone-23,33.78,2025-11-29 20:41:43,2025-11-29 21:08:53,SUCCESS
DEL02025,D005,Hub-Central,Zone-03,24.87,2025-11-22 17:16:10,2025-11-22 17:32:28,FAILED
DEL02026,D064,Warehouse-South,Zone-12,17.38,2026-03-20 07:20:36,2026-03-20 07:41:17,SUCCESS
DEL02027,D058,Warehouse-East,Zone-07,25.05,2026-03-11 01:33:07,2026-03-11 01:57:10,SUCCESS
DEL02028,D068,Warehouse-South,Zone-04,7.76,2025-11-28 16:54:19,2025-11-28 17:04:24,SUCCESS
DEL02029,D048,Warehouse-North,Zone-25,41.46,2026-03-02 10:06:14,2026-03-02 10:54:18,SUCCESS
DEL02030,D026,Warehouse-North,Zone-15,66.25,2026-03-27 08:32:14,2026-03-27 09:22:57,SUCCESS
DEL02031,D065,Hub-Central,Zone-29,8.69,2025-10-05 20:12:16,2025-10-05 20:19:08,SUCCESS
DEL02032,D065,Warehouse-South,Zone-11,17.13,2025-10-30 22:03:16,2025-10-30 22:22:49,SUCCESS
DEL02033,D062,Hub-West,Zone-10,27.75,2026-02-20 05:25:21,2026-02-20 05:51:06,SUCCESS
DEL02034,D100,Warehouse-South,Zone-25,31.57,2025-12-03 13:30:19,2025-12-03 14:13:55,SUCCESS
DEL02035,D013,Hub-West,Zone-22,34.79,2026-03-09 15:26:35,2026-03-09 15:51:09,SUCCESS
DEL02036,D017,Warehouse-North,Zone-15,9.24,2025-11-09 20:14:28,2025-11-09 20:24:09,SUCCESS
DEL02037,D050,Hub-West,Zone-04,8.95,2026-02-16 13:58:39,2026-02-16 14:04:52,SUCCESS
DEL02038,D001,Warehouse-North,Zone-22,40.21,2025-11-30 09:16:40,2025-11-30 09:56:05,SUCCESS
DEL02039,D077,Warehouse-North,Zone-11,7.68,2026-03-19 07:13:56,2026-03-19 07:26:02,SUCCESS
DEL02040,D060,Warehouse-North,Zone-04,33.36,2026-03-22 15:54:23,2026-03-22 16:22:30,SUCCESS
DEL02041,D067,Warehouse-East,Zone-01,39.58,2026-02-26 18:39:30,2026-02-26 19:17:32,SUCCESS
DEL02042,D074,Warehouse-East,Zone-21,22.29,2026-02-25 06:50:14,2026-02-25 07:16:53,SUCCESS
DEL02043,D027,Warehouse-South,Zone-07,31.78,2025-12-02 07:24:39,2025-12-02 07:51:25,SUCCESS
DEL02044,D037,Hub-West,Zone-11,60.03,2025-11-23 17:16:49,2025-11-23 18:05:23,SUCCESS
DEL02045,D099,Warehouse-North,Zone-09,43.27,2025-12-25 15:44:52,2025-12-25 16:13:32,SUCCESS
DEL02046,D020,Warehouse-East,Zone-04,5.47,2025-10-31 13:59:04,2025-10-31 14:04:57,SUCCESS
DEL02047,D002,Hub-West,Zone-17,27.17,2026-01-29 23:08:02,2026-01-29 23:30:39,SUCCESS
DEL02048,D014,Hub-West,Zone-12,61.34,2025-11-10 02:43:13,2025-11-10 03:46:53,SUCCESS
DEL02049,D071,Warehouse-East,Zone-05,32.61,2025-12-01 20:14:50,2025-12-01 20:42:56,FAILED
DEL02050,D091,Warehouse-East,Zone-19,61.64,2026-03-06 02:55:29,2026-03-06 03:58:50,SUCCESS
DEL02051,D032,Warehouse-North,Zone-10,14.06,2025-11-03 06:11:57,2025-11-03 06:19:19,FAILED
DEL02052,D079,Warehouse-East,Zone-18,28.37,2026-03-23 06:09:15,2026-03-23 06:45:39,SUCCESS
DEL02053,D057,Warehouse-South,Zone-01,6.62,2025-10-10 20:24:04,2025-10-10 20:27:46,FAILED
DEL02054,D061,Warehouse-North,Zone-04,39.22,2026-03-25 09:38:51,2026-03-25 10:06:35,FAILED
DEL02055,D050,Warehouse-North,Zone-14,10.93,2025-10-11 10:43:32,2025-10-11 10:50:10,FAILED
DEL02056,D051,Hub-West,Zone-29,23.71,2025-11-04 18:07:16,2025-11-04 18:26:44,SUCCESS
DEL02057,D076,Hub-Central,Zone-20,42.42,2026-01-31 05:32:45,2026-01-31 06:09:14,SUCCESS
DEL02058,D046,Warehouse-East,Zone-27,30.39,2025-11-30 16:04:44,2025-11-30 16:31:47,SUCCESS
DEL02059,D026,Hub-West,Zone-03,12.67,2026-02-16 10:20:55,2026-02-16 10:34:24,SUCCESS
DEL02060,D097,Hub-Central,Zone-19,29.2,2026-02-26 10:29:38,2026-02-26 11:07:33,SUCCESS
DEL02061,D017,Hub-Central,Zone-04,18.79,2025-10-19 01:01:14,2025-10-19 01:19:01,SUCCESS
DEL02062,D059,Hub-Central,Zone-16,34.14,2025-11-30 06:31:48,2025-11-30 07:01:55,SUCCESS
DEL02063,D030,Warehouse-South,Zone-28,9.06,2025-11-13 10:57:27,2025-11-13 11:07:52,SUCCESS
DEL02064,D079,Warehouse-East,Zone-13,20.75,2025-11-20 02:36:46,2025-11-20 02:56:26,SUCCESS
DEL02065,D024,Warehouse-East,Zone-26,20.99,2026-02-13 20:26:25,2026-02-13 20:53:04,SUCCESS
DEL02066,D042,Hub-Central,Zone-01,6.82,2025-12-28 00:27:07,2025-12-28 00:32:00,SUCCESS
DEL02067,D009,Warehouse-North,Zone-12,77.32,2026-01-01 07:13:07,2026-01-01 08:04:25,SUCCESS
DEL02068,D062,Warehouse-South,Zone-10,11.37,2025-12-29 13:32:31,2025-12-29 13:36:53,FAILED
DEL02069,D099,Hub-West,Zone-19,53.76,2025-12-07 16:39:56,2025-12-07 17:28:58,SUCCESS
DEL02070,D017,Warehouse-North,Zone-13,16.37,2026-01-07 15:13:01,2026-01-07 15:18:02,FAILED
DEL02071,D092,Warehouse-North,Zone-11,33.6,2026-03-04 17:09:37,2026-03-04 17:26:02,FAILED
DEL02072,D072,Warehouse-North,Zone-26,9.79,2026-02-04 02:39:46,2026-02-04 02:50:56,SUCCESS
DEL02073,D039,Hub-Central,Zone-13,42.8,2026-01-12 10:46:27,2026-01-12 11:38:31,SUCCESS
DEL02074,D076,Warehouse-South,Zone-20,54.79,2025-12-20 06:46:44,2025-12-20 07:36:51,SUCCESS
DEL02075,D032,Warehouse-South,Zone-16,27.44,2026-01-15 09:37:39,2026-01-15 09:57:17,SUCCESS
DEL02076,D050,Warehouse-East,Zone-07,24.16,2025-10-13 19:51:41,2025-10-13 20:12:28,SUCCESS
DEL02077,D089,Hub-Central,Zone-26,25.41,2026-01-23 18:07:14,2026-01-23 18:41:02,SUCCESS
DEL02078,D056,Warehouse-East,Zone-18,28.58,2026-01-19 03:23:44,2026-01-19 03:44:46,SUCCESS
DEL02079,D089,Warehouse-South,Zone-22,21.31,2025-11-15 20:33:32,2025-11-15 20:47:59,SUCCESS
DEL02080,D086,Hub-West,Zone-27,52.45,2025-10-16 03:00:51,2025-10-16 03:42:38,SUCCESS
DEL02081,D063,Hub-West,Zone-20,20.82,2025-10-23 04:46:59,2025-10-23 05:05:13,SUCCESS
DEL02082,D060,Hub-West,Zone-04,30.55,2025-12-03 04:22:18,2025-12-03 04:53:49,SUCCESS
DEL02083,D057,Warehouse-East,Zone-13,19.12,2025-11-04 05:01:49,2025-11-04 05:10:05,FAILED
DEL02084,D009,Warehouse-North,Zone-22,20.25,2026-01-25 04:05:23,2026-01-25 04:19:59,SUCCESS
DEL02085,D077,Hub-Central,Zone-11,34.95,2026-02-27 18:43:14,2026-02-27 19:27:38,SUCCESS
DEL02086,D064,Warehouse-North,Zone-03,54.41,2026-02-03 05:52:01,2026-02-03 06:58:35,SUCCESS
DEL02087,D028,Warehouse-South,Zone-29,29.49,2026-03-08 15:39:09,2026-03-08 16:08:01,SUCCESS
DEL02088,D075,Warehouse-North,Zone-25,40.71,2026-03-25 09:28:41,2026-03-25 09:57:04,SUCCESS
DEL02089,D019,Warehouse-South,Zone-15,32.75,2026-02-06 07:55:49,2026-02-06 08:29:22,SUCCESS
DEL02090,D069,Hub-Central,Zone-20,5.62,2025-11-26 14:30:13,2025-11-26 14:36:43,SUCCESS
DEL02091,D074,Warehouse-South,Zone-07,22.24,2025-12-26 19:54:56,2025-12-26 20:15:12,SUCCESS
DEL02092,D088,Warehouse-East,Zone-10,23.37,2026-03-20 09:05:54,2026-03-20 09:22:43,SUCCESS
DEL02093,D073,Warehouse-East,Zone-30,27.41,2026-03-04 05:55:25,2026-03-04 06:20:41,SUCCESS
DEL02094,D056,Warehouse-East,Zone-03,37.86,2026-02-17 09:08:58,2026-02-17 09:36:34,SUCCESS
DEL02095,D075,Hub-West,Zone-17,20.07,2025-10-02 13:50:18,2025-10-02 14:19:49,SUCCESS
DEL02096,D052,Warehouse-South,Zone-28,32.35,2026-03-14 14:16:24,2026-03-14 15:05:15,SUCCESS
DEL02097,D038,Warehouse-East,Zone-29,42.21,2025-10-13 02:51:15,2025-10-13 03:09:33,FAILED
DEL02098,D071,Warehouse-North,Zone-23,41.04,2025-10-11 07:35:28,2025-10-11 08:31:29,SUCCESS
DEL02099,D072,Warehouse-East,Zone-04,48.12,2026-03-09 08:59:15,2026-03-09 09:29:22,FAILED
DEL02100,D037,Warehouse-North,Zone-08,20.88,2026-03-18 02:21:34,2026-03-18 02:45:11,SUCCESS
DEL02101,D056,Hub-West,Zone-13,17.46,2026-02-14 08:35:28,2026-02-14 08:48:12,FAILED
DEL02102,D081,Hub-Central,Zone-13,16.77,2025-12-01 18:34:50,2025-12-01 18:46:50,SUCCESS
DEL02103,D049,Hub-West,Zone-07,32.24,2025-12-24 12:07:57,2025-12-24 12:52:04,SUCCESS
DEL02104,D085,Hub-Central,Zone-05,31.89,2025-11-03 16:08:58,2025-11-03 16:31:39,SUCCESS
DEL02105,D025,Hub-Central,Zone-27,42.95,2026-01-16 20:27:07,2026-01-16 21:03:56,SUCCESS
DEL02106,D047,Hub-Central,Zone-05,19.59,2026-03-13 02:30:35,2026-03-13 02:57:28,SUCCESS
DEL02107,D037,Warehouse-South,Zone-05,73.78,2026-03-19 11:14:35,2026-03-19 13:07:09,SUCCESS
DEL02108,D002,Warehouse-North,Zone-05,25.64,2025-10-14 22:21:38,2025-10-14 22:42:23,SUCCESS
DEL02109,D093,Hub-Central,Zone-22,47.65,2026-03-21 19:52:48,2026-03-21 20:43:47,SUCCESS
DEL02110,D056,Warehouse-North,Zone-05,33.49,2025-10-27 08:45:39,2025-10-27 09:13:24,SUCCESS
DEL02111,D083,Hub-Central,Zone-28,8.57,2026-03-06 11:57:36,2026-03-06 12:06:02,SUCCESS
DEL02112,D059,Hub-West,Zone-30,32.47,2026-03-23 12:23:46,2026-03-23 12:48:18,SUCCESS
DEL02113,D055,Warehouse-South,Zone-15,46.65,2026-01-30 00:32:54,2026-01-30 01:13:50,FAILED
DEL02114,D066,Hub-West,Zone-27,33.84,2025-12-22 08:33:51,2025-12-22 08:54:14,FAILED
DEL02115,D058,Warehouse-East,Zone-08,10.69,2025-12-14 16:54:01,2025-12-14 16:59:16,FAILED
DEL02116,D024,Hub-West,Zone-01,34.04,2025-12-22 11:34:49,2025-12-22 12:18:37,SUCCESS
DEL02117,D074,Warehouse-South,Zone-23,37.96,2026-01-05 17:34:46,2026-01-05 18:01:40,SUCCESS
DEL02118,D065,Hub-Central,Zone-30,42.75,2025-11-22 06:47:52,2025-11-22 07:06:02,FAILED
DEL02119,D070,Warehouse-East,Zone-02,15.82,2026-01-20 21:59:47,2026-01-20 22:16:33,SUCCESS
DEL02120,D005,Hub-Central,Zone-23,13.96,2026-01-19 07:46:08,2026-01-19 07:51:58,FAILED
DEL02121,D048,Hub-West,Zone-16,33.52,2025-10-22 23:23:03,2025-10-22 23:51:12,SUCCESS
DEL02122,D089,Warehouse-South,Zone-24,36.42,2025-10-16 13:07:16,2025-10-16 13:44:51,SUCCESS
DEL02123,D094,Warehouse-East,Zone-15,24.76,2026-01-11 05:14:21,2026-01-11 05:41:32,SUCCESS
DEL02124,D067,Hub-West,Zone-29,40.97,2025-10-16 04:35:58,2025-10-16 05:16:21,SUCCESS
DEL02125,D079,Warehouse-South,Zone-16,10.7,2025-10-18 04:11:23,2025-10-18 04:24:32,SUCCESS
DEL02126,D081,Warehouse-North,Zone-22,21.8,2026-02-22 00:30:28,2026-02-22 00:55:10,SUCCESS
DEL02127,D082,Hub-West,Zone-10,37.1,2026-01-13 16:50:28,2026-01-13 17:36:46,SUCCESS
DEL02128,D079,Warehouse-East,Zone-18,29.04,2025-10-11 05:56:45,2025-10-11 06:20:19,SUCCESS
DEL02129,D100,Hub-Central,Zone-15,21.91,2025-10-03 02:15:15,2025-10-03 02:21:39,FAILED
DEL02130,D066,Hub-Central,Zone-19,46.35,2026-03-25 22:31:21,2026-03-25 23:36:52,SUCCESS
DEL02131,D094,Hub-Central,Zone-12,90.04,2025-12-04 08:58:01,2025-12-04 10:20:53,SUCCESS
DEL02132,D038,Warehouse-South,Zone-02,17.86,2025-11-26 03:48:32,2025-11-26 03:57:03,FAILED
DEL02133,D089,Hub-West,Zone-24,19.02,2026-03-29 04:51:37,2026-03-29 05:15:10,SUCCESS
DEL02134,D039,Hub-West,Zone-09,15.61,2026-02-19 03:56:01,2026-02-19 04:07:55,SUCCESS
DEL02135,D008,Hub-Central,Zone-19,39.26,2026-01-31 04:45:02,2026-01-31 05:27:48,SUCCESS
DEL02136,D022,Warehouse-North,Zone-22,10.07,2026-01-20 05:43:15,2026-01-20 05:48:02,FAILED
DEL02137,D038,Hub-West,Zone-01,5.76,2026-03-07 01:43:39,2026-03-07 01:48:37,SUCCESS
DEL02138,D037,Warehouse-North,Zone-05,32.54,2026-01-03 03:08:46,2026-01-03 03:39:08,SUCCESS
DEL02139,D065,Warehouse-East,Zone-09,22.64,2025-10-15 22:12:14,2025-10-15 22:44:18,SUCCESS
DEL02140,D017,Warehouse-East,Zone-09,24.37,2026-01-28 13:49:32,2026-01-28 14:13:40,SUCCESS
DEL02141,D033,Warehouse-North,Zone-20,39.86,2025-10-03 18:11:26,2025-10-03 18:36:03,FAILED
DEL02142,D023,Hub-West,Zone-24,10.65,2026-03-26 17:31:12,2026-03-26 17:39:21,SUCCESS
DEL02143,D020,Hub-Central,Zone-12,30.49,2026-02-05 23:53:16,2026-02-06 00:17:02,SUCCESS
DEL02144,D023,Warehouse-South,Zone-16,37.34,2025-11-20 17:31:31,2025-11-20 17:54:11,FAILED
DEL02145,D024,Hub-West,Zone-28,26.58,2026-03-05 05:20:36,2026-03-05 05:49:38,SUCCESS
DEL02146,D005,Warehouse-North,Zone-05,50.3,2025-12-06 13:47:14,2025-12-06 14:10:13,FAILED
DEL02147,D077,Warehouse-South,Zone-27,6.55,2026-03-09 13:30:37,2026-03-09 13:35:51,SUCCESS
DEL02148,D064,Hub-Central,Zone-25,36.41,2026-02-24 04:07:18,2026-02-24 04:46:39,FAILED
DEL02149,D050,Hub-Central,Zone-24,10.41,2025-11-16 04:54:55,2025-11-16 05:03:59,SUCCESS
DEL02150,D082,Warehouse-South,Zone-19,5.97,2025-11-02 11:35:47,2025-11-02 11:40:45,SUCCESS
DEL02151,D094,Warehouse-East,Zone-02,16.52,2026-03-13 11:13:34,2026-03-13 11:39:14,SUCCESS
DEL02152,D083,Warehouse-North,Zone-02,38.83,2025-11-21 08:10:20,2025-11-21 08:35:07,SUCCESS
DEL02153,D022,Hub-Central,Zone-16,57.88,2025-12-30 02:27:58,2025-12-30 03:25:24,SUCCESS
DEL02154,D039,Hub-West,Zone-08,39.39,2026-01-01 11:33:41,2026-01-01 11:50:01,FAILED
DEL02155,D049,Hub-Central,Zone-16,29.17,2026-02-10 17:23:14,2026-02-10 18:05:06,SUCCESS
DEL02156,D034,Hub-West,Zone-28,45.65,2025-10-29 04:26:50,2025-10-29 05:02:46,SUCCESS
DEL02157,D056,Warehouse-East,Zone-30,7.55,2025-10-03 07:17:08,2025-10-03 07:26:24,SUCCESS
DEL02158,D058,Warehouse-East,Zone-17,8.53,2025-12-14 04:16:05,2025-12-14 04:25:12,SUCCESS
DEL02159,D088,Warehouse-North,Zone-30,19.59,2025-10-08 23:09:21,2025-10-08 23:24:58,SUCCESS
DEL02160,D069,Warehouse-East,Zone-28,10.42,2026-02-01 18:36:42,2026-02-01 18:45:46,FAILED
DEL02161,D056,Warehouse-East,Zone-11,20.84,2026-01-27 13:04:08,2026-01-27 13:17:18,FAILED
DEL02162,D035,Warehouse-North,Zone-09,29.9,2025-11-21 20:43:09,2025-11-21 21:06:22,SUCCESS
DEL02163,D084,Hub-Central,Zone-15,29.54,2026-01-22 10:27:40,2026-01-22 10:49:48,SUCCESS
DEL02164,D099,Warehouse-South,Zone-24,8.97,2026-02-09 03:05:04,2026-02-09 03:11:13,FAILED
DEL02165,D087,Warehouse-South,Zone-17,33.73,2026-01-23 07:39:14,2026-01-23 08:18:05,SUCCESS
DEL02166,D044,Warehouse-South,Zone-11,17.87,2026-02-09 14:23:43,2026-02-09 14:34:31,FAILED
DEL02167,D071,Warehouse-North,Zone-27,32.08,2025-10-03 01:17:49,2025-10-03 01:48:17,SUCCESS
DEL02168,D009,Hub-Central,Zone-04,42.56,2025-10-03 07:44:39,2025-10-03 08:20:01,SUCCESS
DEL02169,D068,Hub-Central,Zone-12,68.61,2025-10-21 04:14:34,2025-10-21 05:34:26,SUCCESS
DEL02170,D029,Warehouse-East,Zone-09,17.2,2026-02-18 19:54:46,2026-02-18 20:05:30,FAILED
DEL02171,D025,Warehouse-North,Zone-20,33.68,2025-10-07 14:38:46,2025-10-07 15:01:32,SUCCESS
DEL02172,D012,Hub-West,Zone-22,54.85,2025-10-12 01:05:20,2025-10-12 02:21:44,SUCCESS
DEL02173,D028,Warehouse-North,Zone-23,41.04,2026-01-25 09:20:11,2026-01-25 10:04:30,SUCCESS
DEL02174,D016,Hub-West,Zone-05,25.26,2025-10-17 18:35:22,2025-10-17 19:11:15,SUCCESS
DEL02175,D049,Hub-West,Zone-26,46.45,2026-02-05 11:01:14,2026-02-05 11:38:16,SUCCESS
DEL02176,D024,Warehouse-North,Zone-23,16.9,2026-03-23 23:40:12,2026-03-23 23:52:42,SUCCESS
DEL02177,D024,Warehouse-East,Zone-15,8.58,2025-11-19 04:37:48,2025-11-19 04:43:40,SUCCESS
DEL02178,D085,Hub-Central,Zone-30,38.23,2025-10-15 16:51:13,2025-10-15 17:27:55,SUCCESS
DEL02179,D036,Hub-Central,Zone-23,19.03,2026-02-27 09:28:24,2026-02-27 09:44:49,SUCCESS
DEL02180,D086,Warehouse-East,Zone-09,15.14,2026-02-27 11:54:11,2026-02-27 12:11:39,SUCCESS
DEL02181,D021,Warehouse-North,Zone-09,50.65,2026-03-01 14:28:17,2026-03-01 15:33:42,SUCCESS
DEL02182,D100,Hub-Central,Zone-13,35.59,2025-10-13 02:44:46,2025-10-13 03:06:10,FAILED
DEL02183,D043,Warehouse-East,Zone-27,12.55,2025-10-12 15:53:36,2025-10-12 16:04:55,SUCCESS
DEL02184,D034,Hub-Central,Zone-03,31.55,2025-11-04 13:12:41,2025-11-04 13:45:09,SUCCESS
DEL02185,D063,Warehouse-South,Zone-20,24.03,2026-03-30 07:31:32,2026-03-30 07:52:47,SUCCESS
DEL02186,D051,Hub-Central,Zone-04,6.53,2025-11-04 15:36:02,2025-11-04 15:44:24,SUCCESS
DEL02187,D019,Hub-Central,Zone-07,27.74,2026-01-13 23:31:42,2026-01-13 23:54:10,SUCCESS
DEL02188,D079,Warehouse-North,Zone-30,11.05,2026-02-02 22:10:23,2026-02-02 22:19:52,SUCCESS
DEL02189,D057,Warehouse-East,Zone-04,7.24,2026-02-16 22:00:25,2026-02-16 22:08:32,SUCCESS
DEL02190,D005,Warehouse-North,Zone-19,38.41,2025-10-15 03:49:46,2025-10-15 04:23:28,SUCCESS
DEL02191,D094,Hub-Central,Zone-01,80.61,2025-11-18 15:51:49,2025-11-18 16:44:10,SUCCESS
DEL02192,D064,Warehouse-North,Zone-30,53.94,2025-10-29 21:42:40,2025-10-29 22:31:01,SUCCESS
DEL02193,D005,Hub-Central,Zone-09,26.28,2026-02-07 01:17:15,2026-02-07 01:42:49,SUCCESS
DEL02194,D020,Warehouse-East,Zone-29,8.83,2026-02-13 22:29:37,2026-02-13 22:40:26,SUCCESS
DEL02195,D051,Warehouse-North,Zone-17,38.98,2026-01-20 14:01:03,2026-01-20 14:40:05,FAILED
DEL02196,D091,Hub-Central,Zone-16,11.92,2026-02-27 17:04:36,2026-02-27 17:12:42,SUCCESS
DEL02197,D056,Warehouse-North,Zone-18,9.4,2025-12-18 10:22:11,2025-12-18 10:36:05,SUCCESS
DEL02198,D029,Hub-Central,Zone-23,24.98,2025-10-01 15:24:48,2025-10-01 15:44:00,SUCCESS
DEL02199,D100,Warehouse-North,Zone-19,30.13,2026-01-02 14:35:31,2026-01-02 14:58:30,SUCCESS
DEL02200,D069,Warehouse-East,Zone-22,10.66,2025-12-09 16:40:50,2025-12-09 16:48:32,FAILED
DEL02201,D039,Warehouse-North,Zone-21,43.32,2025-12-17 19:00:01,2025-12-17 19:51:50,SUCCESS
DEL02202,D083,Warehouse-East,Zone-18,16.81,2025-10-18 14:32:19,2025-10-18 14:51:56,SUCCESS
DEL02203,D044,Hub-Central,Zone-25,55.33,2025-10-16 14:57:20,2025-10-16 15:38:10,SUCCESS
DEL02204,D099,Warehouse-South,Zone-06,41.23,2025-11-26 07:18:19,2025-11-26 07:47:47,SUCCESS
DEL02205,D071,Hub-Central,Zone-22,6.88,2025-10-08 15:17:47,2025-10-08 15:26:54,SUCCESS
DEL02206,D025,Hub-Central,Zone-29,44.39,2025-11-28 00:50:12,2025-11-28 01:25:24,FAILED
DEL02207,D014,Warehouse-East,Zone-16,8.49,2026-01-31 10:53:18,2026-01-31 10:59:54,SUCCESS
DEL02208,D011,Hub-Central,Zone-24,28.11,2026-03-21 21:23:49,2026-03-21 21:52:35,SUCCESS
DEL02209,D025,Warehouse-North,Zone-07,20.51,2025-10-28 04:10:53,2025-10-28 04:22:40,FAILED
DEL02210,D004,Hub-West,Zone-08,5.24,2026-02-17 18:13:37,2026-02-17 18:19:06,SUCCESS
DEL02211,D063,Warehouse-North,Zone-26,49.89,2025-12-15 11:47:16,2025-12-15 12:19:13,FAILED
DEL02212,D070,Warehouse-East,Zone-16,21.48,2026-02-02 22:29:48,2026-02-02 22:55:19,SUCCESS
DEL02213,D069,Hub-Central,Zone-01,25.31,2026-03-11 23:53:17,2026-03-12 00:04:12,FAILED
DEL02214,D005,Warehouse-North,Zone-11,12.04,2025-12-05 21:10:59,2025-12-05 21:19:42,SUCCESS
DEL02215,D093,Hub-Central,Zone-04,30.97,2025-10-09 07:31:48,2025-10-09 07:44:36,FAILED
DEL02216,D028,Hub-West,Zone-15,11.61,2026-03-06 17:22:33,2026-03-06 17:25:47,FAILED
DEL02217,D087,Hub-West,Zone-05,35.16,2026-03-18 23:25:33,2026-03-18 23:51:19,SUCCESS
DEL02218,D095,Warehouse-South,Zone-30,14.01,2026-01-21 11:56:48,2026-01-21 12:17:47,SUCCESS
DEL02219,D010,Warehouse-South,Zone-16,11.74,2025-10-08 03:51:44,2025-10-08 04:02:31,SUCCESS
DEL02220,D084,Hub-Central,Zone-30,51.8,2025-10-04 16:50:24,2025-10-04 17:52:20,SUCCESS
DEL02221,D080,Warehouse-South,Zone-23,28.4,2025-10-09 21:27:04,2025-10-09 21:53:34,SUCCESS
DEL02222,D084,Warehouse-North,Zone-06,18.16,2025-10-26 08:20:59,2025-10-26 08:43:32,SUCCESS
DEL02223,D081,Warehouse-East,Zone-27,19.54,2025-10-10 16:49:16,2025-10-10 17:17:27,SUCCESS
DEL02224,D013,Hub-West,Zone-06,62.43,2025-12-28 13:58:27,2025-12-28 14:28:39,FAILED
DEL02225,D076,Warehouse-North,Zone-04,55.61,2025-10-13 10:03:50,2025-10-13 10:56:37,SUCCESS
DEL02226,D064,Hub-West,Zone-08,51.12,2026-01-24 12:47:44,2026-01-24 13:38:02,SUCCESS
DEL02227,D009,Warehouse-South,Zone-14,58.0,2026-03-06 05:01:30,2026-03-06 05:55:44,SUCCESS
DEL02228,D044,Hub-Central,Zone-11,68.16,2026-03-07 13:57:43,2026-03-07 15:30:18,SUCCESS
DEL02229,D016,Hub-West,Zone-18,11.84,2026-02-10 20:04:58,2026-02-10 20:20:12,SUCCESS
DEL02230,D018,Warehouse-South,Zone-25,34.15,2025-12-02 10:43:02,2025-12-02 11:03:29,FAILED
DEL02231,D006,Warehouse-South,Zone-11,14.63,2026-01-24 03:58:39,2026-01-24 04:13:14,SUCCESS
DEL02232,D009,Warehouse-East,Zone-05,65.54,2025-10-24 10:42:53,2025-10-24 11:00:00,FAILED
DEL02233,D097,Warehouse-South,Zone-23,47.61,2025-12-20 14:45:33,2025-12-20 15:53:59,SUCCESS
DEL02234,D048,Warehouse-South,Zone-15,35.58,2026-01-16 11:04:01,2026-01-16 11:30:50,SUCCESS
DEL02235,D032,Hub-West,Zone-02,10.22,2026-03-29 17:57:38,2026-03-29 18:05:04,SUCCESS
DEL02236,D018,Hub-West,Zone-13,41.23,2025-10-20 09:53:02,2025-10-20 10:52:55,SUCCESS
DEL02237,D100,Warehouse-North,Zone-29,13.65,2025-10-31 15:11:07,2025-10-31 15:21:59,SUCCESS
DEL02238,D063,Warehouse-North,Zone-01,57.08,2025-10-16 16:11:40,2025-10-16 17:18:30,SUCCESS
DEL02239,D023,Warehouse-North,Zone-23,27.66,2026-03-29 20:06:39,2026-03-29 20:33:07,SUCCESS
DEL02240,D084,Warehouse-East,Zone-14,42.55,2026-01-24 06:59:05,2026-01-24 07:31:05,SUCCESS
DEL02241,D089,Hub-Central,Zone-23,35.18,2026-03-06 18:48:42,2026-03-06 19:34:48,SUCCESS
DEL02242,D017,Warehouse-South,Zone-21,15.46,2025-11-10 00:46:34,2025-11-10 01:09:49,SUCCESS
DEL02243,D035,Hub-Central,Zone-14,7.92,2026-01-10 13:45:41,2026-01-10 13:52:29,SUCCESS
DEL02244,D031,Hub-West,Zone-23,87.2,2025-11-03 21:27:25,2025-11-03 22:34:11,SUCCESS
DEL02245,D005,Warehouse-South,Zone-23,41.18,2026-01-24 18:49:43,2026-01-24 19:06:34,FAILED
DEL02246,D064,Warehouse-North,Zone-21,14.03,2026-01-27 20:21:31,2026-01-27 20:29:24,FAILED
DEL02247,D039,Hub-Central,Zone-01,14.84,2025-12-07 13:06:54,2025-12-07 13:24:49,SUCCESS
DEL02248,D072,Warehouse-South,Zone-04,46.63,2025-11-15 18:09:26,2025-11-15 19:02:27,SUCCESS
DEL02249,D068,Hub-West,Zone-12,48.19,2025-10-19 13:55:08,2025-10-19 14:27:04,SUCCESS
DEL02250,D098,Hub-West,Zone-08,11.84,2026-01-13 19:17:26,2026-01-13 19:29:34,SUCCESS
DEL02251,D060,Warehouse-South,Zone-09,26.34,2026-02-27 14:00:14,2026-02-27 14:18:53,SUCCESS
DEL02252,D007,Warehouse-North,Zone-26,52.93,2025-11-07 14:47:45,2025-11-07 15:42:37,SUCCESS
DEL02253,D020,Hub-Central,Zone-16,18.35,2026-02-11 01:28:02,2026-02-11 01:43:26,SUCCESS
DEL02254,D023,Warehouse-North,Zone-02,17.94,2025-11-01 00:32:01,2025-11-01 00:46:10,SUCCESS
DEL02255,D083,Warehouse-East,Zone-07,40.39,2025-12-10 17:15:45,2025-12-10 18:17:55,SUCCESS
DEL02256,D056,Warehouse-East,Zone-20,16.08,2025-11-18 19:31:26,2025-11-18 19:44:54,SUCCESS
DEL02257,D098,Warehouse-North,Zone-04,9.86,2025-12-27 23:49:15,2025-12-28 00:04:51,SUCCESS
DEL02258,D095,Hub-West,Zone-06,27.03,2025-10-11 04:27:55,2025-10-11 04:53:30,SUCCESS
DEL02259,D021,Warehouse-North,Zone-16,33.05,2026-03-02 12:39:29,2026-03-02 13:04:31,SUCCESS
DEL02260,D066,Warehouse-North,Zone-29,33.52,2025-10-23 12:54:09,2025-10-23 13:15:07,FAILED
DEL02261,D031,Hub-Central,Zone-19,87.57,2026-02-18 01:58:55,2026-02-18 03:52:35,SUCCESS
DEL02262,D075,Hub-Central,Zone-07,5.21,2025-12-03 07:08:27,2025-12-03 07:10:42,FAILED
DEL02263,D096,Warehouse-East,Zone-08,68.77,2026-02-09 10:21:41,2026-02-09 10:46:23,FAILED
DEL02264,D100,Warehouse-East,Zone-08,29.94,2025-10-22 09:15:22,2025-10-22 10:02:06,SUCCESS
DEL02265,D013,Hub-Central,Zone-28,51.7,2025-11-16 01:03:05,2025-11-16 01:38:04,SUCCESS
DEL02266,D026,Warehouse-South,Zone-03,67.54,2025-12-12 22:06:27,2025-12-12 23:04:58,SUCCESS
DEL02267,D061,Hub-Central,Zone-02,55.03,2026-01-22 14:43:39,2026-01-22 16:00:26,SUCCESS
DEL02268,D056,Warehouse-South,Zone-30,26.61,2025-10-29 03:28:31,2025-10-29 04:03:54,SUCCESS
DEL02269,D079,Warehouse-South,Zone-13,19.6,2025-12-28 08:24:40,2025-12-28 08:35:38,FAILED
DEL02270,D048,Hub-Central,Zone-24,31.63,2025-10-27 11:41:29,2025-10-27 12:08:16,SUCCESS
DEL02271,D025,Warehouse-East,Zone-09,17.5,2026-01-31 17:25:54,2026-01-31 17:38:19,SUCCESS
DEL02272,D026,Warehouse-South,Zone-02,47.1,2025-12-05 05:22:01,2025-12-05 05:54:14,FAILED
DEL02273,D089,Warehouse-North,Zone-09,7.87,2026-01-19 10:10:29,2026-01-19 10:17:38,SUCCESS
DEL02274,D018,Hub-Central,Zone-15,15.56,2025-10-22 13:48:24,2025-10-22 14:10:05,SUCCESS
DEL02275,D054,Warehouse-East,Zone-08,29.75,2025-11-03 05:51:21,2025-11-03 06:24:15,SUCCESS
DEL02276,D038,Warehouse-South,Zone-26,21.61,2026-01-26 05:08:51,2026-01-26 05:24:53,SUCCESS
DEL02277,D082,Warehouse-South,Zone-19,36.85,2026-01-27 17:55:38,2026-01-27 18:24:13,SUCCESS
DEL02278,D071,Warehouse-South,Zone-03,22.43,2026-03-16 00:36:27,2026-03-16 00:53:12,SUCCESS
DEL02279,D053,Hub-West,Zone-16,8.94,2026-03-16 09:47:13,2026-03-16 09:54:09,SUCCESS
DEL02280,D028,Hub-Central,Zone-27,56.57,2026-01-23 20:58:00,2026-01-23 21:23:31,FAILED
DEL02281,D060,Warehouse-North,Zone-24,37.97,2025-11-24 05:01:50,2025-11-24 05:33:19,SUCCESS
DEL02282,D055,Warehouse-South,Zone-08,75.26,2026-02-20 22:50:31,2026-02-21 00:03:54,SUCCESS
DEL02283,D042,Hub-West,Zone-08,5.07,2025-12-24 07:44:44,2025-12-24 07:50:05,SUCCESS
DEL02284,D076,Hub-West,Zone-29,28.55,2025-10-29 22:14:56,2025-10-29 22:54:18,SUCCESS
DEL02285,D001,Warehouse-North,Zone-02,32.82,2025-12-21 02:57:28,2025-12-21 03:24:24,SUCCESS
DEL02286,D061,Hub-West,Zone-02,29.59,2026-02-20 10:14:50,2026-02-20 10:36:58,SUCCESS
DEL02287,D055,Hub-Central,Zone-16,,2026-01-12 03:12:23,2026-01-12 03:41:44,SUCCESS
DEL02288,D090,Warehouse-North,Zone-15,40.03,2026-03-09 11:29:41,2026-03-09 12:21:47,SUCCESS
DEL02289,D064,Warehouse-North,Zone-18,61.65,2025-11-16 16:51:53,2025-11-16 17:24:12,FAILED
DEL02290,D097,Hub-Central,Zone-07,16.0,2025-10-03 09:53:43,2025-10-03 10:17:53,SUCCESS
DEL02291,D017,Warehouse-East,Zone-08,9.52,2025-12-09 14:17:29,2025-12-09 14:25:03,SUCCESS
DEL02292,D083,Warehouse-North,Zone-16,26.53,2025-10-18 14:49:48,2025-10-18 15:24:11,SUCCESS
DEL02293,D086,Warehouse-South,Zone-23,45.96,2025-11-29 04:38:29,2025-11-29 05:31:10,SUCCESS
DEL02294,D059,Hub-West,Zone-24,15.61,2026-03-16 14:12:24,2026-03-16 14:24:23,SUCCESS
DEL02295,D075,Hub-Central,Zone-15,50.49,2025-10-05 17:46:30,2025-10-05 18:31:15,SUCCESS
DEL02296,D099,Hub-Central,Zone-06,27.84,2025-10-27 22:02:03,2025-10-27 22:25:25,SUCCESS
DEL02297,D048,Hub-Central,Zone-23,33.27,2026-01-30 17:09:02,2026-01-30 17:30:22,FAILED
DEL02298,D082,Warehouse-North,Zone-13,5.98,2025-10-01 06:21:18,2025-10-01 06:28:54,SUCCESS
DEL02299,D089,Hub-West,Zone-02,34.9,2025-12-04 15:27:18,2025-12-04 15:37:42,FAILED
DEL02300,D038,Warehouse-East,Zone-23,24.35,2025-12-22 16:50:54,2025-12-22 17:12:36,FAILED
DEL02301,D079,Hub-West,Zone-26,10.36,2026-01-14 07:55:50,2026-01-14 08:06:20,SUCCESS
DEL02302,D027,Warehouse-North,Zone-20,36.74,2026-03-02 22:54:36,2026-03-02 23:40:33,SUCCESS
DEL02303,D043,Warehouse-North,Zone-17,21.54,2026-02-20 20:53:37,2026-02-20 21:21:21,SUCCESS
DEL02304,D087,Warehouse-North,Zone-04,32.23,2025-12-10 16:19:07,2025-12-10 16:48:17,SUCCESS
DEL02305,D050,Hub-Central,Zone-20,28.35,2025-12-10 23:46:36,2025-12-11 00:18:30,SUCCESS
DEL02306,D006,Warehouse-East,Zone-06,51.48,2025-12-10 23:41:06,2025-12-11 00:49:06,SUCCESS
DEL02307,D083,Warehouse-North,Zone-18,56.67,2026-01-17 12:09:08,2026-01-17 12:29:38,FAILED
DEL02308,D091,Warehouse-South,Zone-05,27.64,2026-02-28 05:07:23,2026-02-28 05:29:54,SUCCESS
DEL02309,D043,Hub-West,Zone-04,17.32,2025-11-16 08:06:32,2025-11-16 08:25:14,SUCCESS
DEL02310,D084,Hub-West,Zone-28,32.91,2026-01-01 21:56:28,2026-01-01 22:19:52,FAILED
DEL02311,D090,Warehouse-South,Zone-11,78.73,2025-11-10 17:42:38,2025-11-10 18:08:19,FAILED
DEL02312,D046,Warehouse-East,Zone-17,42.03,2026-03-24 08:40:16,2026-03-24 09:38:10,SUCCESS
DEL02313,D088,Warehouse-East,Zone-02,45.91,2025-12-22 02:59:33,2025-12-22 03:21:52,FAILED
DEL02314,D009,Warehouse-East,Zone-15,73.66,2025-12-12 09:26:17,2025-12-12 10:14:49,SUCCESS
DEL02315,D063,Hub-West,Zone-27,34.13,2026-01-06 08:55:36,2026-01-06 09:26:59,SUCCESS
DEL02316,D016,Hub-West,Zone-22,28.42,2025-12-31 07:07:20,2025-12-31 07:28:37,SUCCESS
DEL02317,D069,Warehouse-East,Zone-15,35.19,2026-03-24 15:44:47,2026-03-24 16:19:33,SUCCESS
DEL02318,D080,Warehouse-North,Zone-07,25.41,2025-12-11 11:41:02,2025-12-11 12:14:00,SUCCESS
DEL02319,D059,Warehouse-North,Zone-13,25.0,2025-10-17 22:53:17,2025-10-17 23:16:05,SUCCESS
DEL02320,D023,Warehouse-North,Zone-04,10.79,2025-11-25 23:54:50,2025-11-25 23:59:44,FAILED
DEL02321,D022,Warehouse-North,Zone-23,20.8,2025-11-23 13:59:10,2025-11-23 14:21:12,SUCCESS
DEL02322,D019,Warehouse-South,Zone-28,18.78,2026-01-05 09:03:34,2026-01-05 09:13:29,FAILED
DEL02323,D027,Warehouse-North,Zone-10,78.92,2026-01-10 02:34:48,2026-01-10 03:28:48,SUCCESS
DEL02324,D054,Hub-West,Zone-30,43.88,2026-02-10 12:13:48,2026-02-10 12:48:58,SUCCESS
DEL02325,D017,Warehouse-East,Zone-14,10.4,2026-01-01 00:33:25,2026-01-01 00:38:44,FAILED
DEL02326,D057,Warehouse-North,Zone-10,7.18,2026-02-21 05:58:27,2026-02-21 06:04:51,SUCCESS
DEL02327,D025,Warehouse-North,Zone-28,39.49,2025-10-13 05:21:57,2025-10-13 05:56:07,SUCCESS
DEL02328,D030,Hub-West,Zone-21,36.78,2026-03-12 03:08:14,2026-03-12 03:49:01,SUCCESS
DEL02329,D043,Hub-West,Zone-11,8.85,2025-12-19 22:37:21,2025-12-19 22:48:39,SUCCESS
DEL02330,D084,Warehouse-East,Zone-16,39.69,2026-02-03 10:49:00,2026-02-03 11:08:39,FAILED
DEL02331,D076,Hub-West,Zone-27,37.0,2026-02-07 07:06:38,2026-02-07 07:36:02,SUCCESS
DEL02332,D071,Hub-Central,Zone-10,14.04,2025-12-26 11:02:41,2025-12-26 11:14:22,SUCCESS
DEL02333,D073,Warehouse-East,Zone-06,10.53,2025-10-26 14:57:04,2025-10-26 15:11:34,SUCCESS
DEL02334,D034,Hub-Central,Zone-12,17.16,2025-11-14 00:52:49,2025-11-14 01:06:16,SUCCESS
DEL02335,D037,Warehouse-North,Zone-05,45.51,2026-02-27 11:17:37,2026-02-27 11:48:02,FAILED
DEL02336,D046,Hub-Central,Zone-06,18.57,2025-11-25 05:18:58,2025-11-25 05:32:37,SUCCESS
DEL02337,D080,Warehouse-South,Zone-23,9.15,2026-03-29 10:45:56,2026-03-29 10:52:19,SUCCESS
DEL02338,D069,Warehouse-South,Zone-06,17.93,2025-11-25 09:20:43,2025-11-25 09:30:43,FAILED
DEL02339,D091,Warehouse-South,Zone-06,45.0,2026-02-12 12:57:29,2026-02-12 13:29:23,SUCCESS
DEL02340,D031,Warehouse-North,Zone-11,16.42,2025-10-23 16:52:27,2025-10-23 17:11:38,SUCCESS
DEL02341,D074,Hub-Central,Zone-09,15.48,2025-10-25 13:24:33,2025-10-25 13:38:05,SUCCESS
DEL02342,D048,Warehouse-South,Zone-18,5.5,2025-11-05 19:48:59,2025-11-05 19:53:53,SUCCESS
DEL02343,D091,Warehouse-East,Zone-12,46.22,2025-10-07 17:39:46,2025-10-07 18:11:43,SUCCESS
DEL02344,D019,Hub-Central,Zone-18,8.68,2025-12-12 09:54:34,2025-12-12 09:59:47,FAILED
DEL02345,D021,Warehouse-East,Zone-04,26.15,2026-01-12 14:57:23,2026-01-12 15:17:12,SUCCESS
DEL02346,D004,Hub-Central,Zone-25,12.44,2025-12-18 13:23:49,2025-12-18 13:33:45,SUCCESS
DEL02347,D019,Warehouse-East,Zone-05,28.99,2025-12-28 22:37:28,2025-12-28 22:46:01,FAILED
DEL02348,D001,Hub-West,Zone-17,20.74,2026-02-21 09:38:09,2026-02-21 09:45:20,FAILED
DEL02349,D043,Warehouse-East,Zone-16,8.17,2026-02-03 16:22:31,2026-02-03 16:27:33,FAILED
DEL02350,D038,Hub-West,Zone-22,29.04,2026-02-24 10:38:52,2026-02-24 11:01:23,SUCCESS
DEL02351,D019,Hub-West,Zone-24,6.82,2026-03-05 06:17:42,2026-03-05 06:22:37,SUCCESS
DEL02352,D057,Warehouse-North,Zone-24,20.24,2025-12-05 18:23:01,2025-12-05 18:46:58,SUCCESS
DEL02353,D062,Warehouse-North,Zone-05,20.11,2026-03-24 19:07:01,2026-03-24 19:15:42,FAILED
DEL02354,D087,Warehouse-North,Zone-10,31.81,2026-01-15 23:39:34,2026-01-16 00:09:45,SUCCESS
DEL02355,D004,Hub-West,Zone-27,30.56,2025-12-17 23:43:51,2025-12-18 00:24:12,SUCCESS
DEL02356,D029,Warehouse-East,Zone-03,8.29,2025-12-26 14:23:00,2025-12-26 14:35:51,SUCCESS
DEL02357,D042,Hub-West,Zone-21,17.17,2025-10-11 16:28:31,2025-10-11 16:42:38,SUCCESS
DEL02358,D025,Hub-West,Zone-08,26.41,2026-01-22 06:59:15,2026-01-22 07:22:06,SUCCESS
DEL02359,D099,Warehouse-South,Zone-01,60.78,2025-11-23 23:14:04,2025-11-24 00:26:10,SUCCESS
DEL02360,D011,Hub-Central,Zone-22,5.84,2026-01-13 13:10:59,2026-01-13 13:19:35,SUCCESS
DEL02361,D086,Hub-West,Zone-13,51.98,2025-10-17 23:12:21,2025-10-17 23:28:54,FAILED
DEL02362,D025,Warehouse-East,Zone-20,40.36,2026-01-04 05:44:03,2026-01-04 06:28:15,SUCCESS
DEL02363,D078,Warehouse-North,Zone-30,19.82,2026-01-08 08:01:22,2026-01-08 08:28:46,SUCCESS
DEL02364,D086,Hub-Central,Zone-05,48.62,2025-12-10 02:41:03,2025-12-10 03:24:57,SUCCESS
DEL02365,D092,Hub-Central,Zone-12,10.35,2026-03-15 19:00:55,2026-03-15 19:09:22,SUCCESS
DEL02366,D050,Warehouse-North,Zone-10,16.82,2025-12-12 09:31:08,2025-12-12 09:54:34,SUCCESS
DEL02367,D045,Warehouse-East,Zone-15,11.58,2025-12-08 05:25:59,2025-12-08 05:37:07,SUCCESS
DEL02368,D072,Warehouse-South,Zone-24,27.36,2025-10-18 00:14:21,2025-10-18 00:41:52,SUCCESS
DEL02369,D057,Hub-Central,Zone-26,17.89,2026-02-21 23:46:09,2026-02-22 00:09:00,SUCCESS
DEL02370,D057,Warehouse-South,Zone-26,6.04,2025-11-26 01:07:55,2025-11-26 01:12:53,SUCCESS
DEL02371,D094,Hub-Central,Zone-24,30.78,2026-03-24 07:41:42,2026-03-24 08:03:25,SUCCESS
DEL02372,D054,Hub-West,Zone-20,22.2,2025-10-28 02:25:57,2025-10-28 02:44:17,SUCCESS
DEL02373,D012,Warehouse-South,Zone-10,50.54,2025-10-28 21:24:27,2025-10-28 22:07:38,SUCCESS
DEL02374,D061,Hub-West,Zone-11,32.1,2026-03-18 10:57:48,2026-03-18 11:24:10,SUCCESS
DEL02375,D009,Hub-Central,Zone-03,51.36,2026-01-23 16:45:47,2026-01-23 17:06:38,FAILED
DEL02376,D001,Warehouse-East,Zone-14,29.24,2025-12-19 12:13:29,2025-12-19 12:34:07,FAILED
DEL02377,D023,Hub-Central,Zone-23,25.27,2026-01-16 22:16:48,2026-01-16 22:30:39,FAILED
DEL02378,D073,Warehouse-South,Zone-07,35.73,2026-02-24 15:41:27,2026-02-24 16:05:31,SUCCESS
DEL02379,D024,Hub-Central,Zone-10,18.76,2026-03-11 14:43:23,2026-03-11 15:00:48,SUCCESS
DEL02380,D071,Warehouse-North,Zone-27,26.18,2026-01-04 06:17:40,2026-01-04 06:38:12,SUCCESS
DEL02381,D039,Hub-West,Zone-10,10.39,2026-03-12 01:26:56,2026-03-12 01:34:26,SUCCESS
DEL02382,D064,Hub-Central,Zone-08,58.34,2026-01-17 14:26:19,2026-01-17 15:46:22,SUCCESS
DEL02383,D004,Warehouse-North,Zone-05,27.82,2026-03-03 15:21:01,2026-03-03 15:43:40,SUCCESS
DEL02384,D034,Hub-Central,Zone-04,44.67,2025-11-28 06:53:26,2025-11-28 07:46:45,SUCCESS
DEL02385,D084,Warehouse-East,Zone-14,27.96,2026-02-07 07:22:53,2026-02-07 07:56:16,SUCCESS
DEL02386,D023,Warehouse-South,Zone-01,6.71,2026-01-04 12:21:26,2026-01-04 12:30:23,SUCCESS
DEL02387,D016,Warehouse-East,Zone-16,47.09,2026-02-26 11:50:45,2026-02-26 12:51:28,SUCCESS
DEL02388,D009,Warehouse-East,Zone-19,74.26,2026-01-25 07:02:09,2026-01-25 07:56:29,SUCCESS
DEL02389,D062,Hub-Central,Zone-28,19.23,2026-01-18 19:46:07,2026-01-18 20:04:30,SUCCESS
DEL02390,D034,Hub-Central,Zone-23,6.66,2026-01-30 22:40:25,2026-01-30 22:45:10,SUCCESS
DEL02391,D016,Hub-West,Zone-24,53.39,2025-12-12 11:14:54,2025-12-12 11:53:58,SUCCESS
DEL02392,D074,Warehouse-East,Zone-06,42.59,2025-10-04 09:45:57,2025-10-04 10:01:30,FAILED
DEL02393,D075,Warehouse-South,Zone-11,18.73,2025-10-12 08:40:41,2025-10-12 08:58:20,SUCCESS
DEL02394,D060,Warehouse-South,Zone-12,21.71,2026-03-20 13:15:18,2026-03-20 13:43:21,SUCCESS
DEL02395,D021,Warehouse-East,Zone-12,37.87,2025-10-11 06:28:38,2025-10-11 07:02:02,SUCCESS
DEL02396,D054,Warehouse-East,Zone-02,29.8,2026-02-01 13:07:35,2026-02-01 13:42:00,SUCCESS
DEL02397,D038,Hub-West,Zone-21,14.85,2025-11-26 15:15:11,2025-11-26 15:25:25,SUCCESS
DEL02398,D010,Warehouse-South,Zone-25,14.88,2026-01-08 18:47:29,2026-01-08 19:04:15,SUCCESS
DEL02399,D081,Warehouse-North,Zone-20,49.88,2025-11-05 13:59:42,2025-11-05 14:54:42,SUCCESS
DEL02400,D097,Hub-West,Zone-11,25.35,2025-11-02 10:54:35,2025-11-02 11:15:04,SUCCESS
DEL02401,D041,Warehouse-East,Zone-09,14.62,2026-03-10 13:16:11,2026-03-10 13:33:47,SUCCESS
DEL02402,D088,Warehouse-East,Zone-04,17.55,2026-02-13 12:45:51,2026-02-13 13:06:51,SUCCESS
DEL02403,D069,Warehouse-East,Zone-27,28.93,2026-01-21 15:12:47,2026-01-21 15:54:46,SUCCESS
DEL02404,D019,Warehouse-South,Zone-17,19.48,2025-10-03 12:06:26,2025-10-03 12:27:04,SUCCESS
DEL02405,D037,Hub-Central,Zone-14,55.72,2025-12-12 10:22:19,2025-12-12 10:57:54,FAILED
DEL02406,D044,Warehouse-South,Zone-04,54.5,2026-03-28 19:44:21,2026-03-28 20:49:02,SUCCESS
DEL02407,D028,Hub-West,Zone-08,62.18,2025-10-31 00:16:41,2025-10-31 01:37:35,SUCCESS
DEL02408,D025,Hub-West,Zone-20,,2026-03-04 09:27:57,2026-03-04 09:46:00,SUCCESS
DEL02409,D089,Hub-West,Zone-28,7.88,2026-03-11 10:40:48,2026-03-11 10:48:30,SUCCESS
DEL02410,D069,Hub-West,Zone-23,28.47,2026-02-16 08:42:37,2026-02-16 09:05:45,SUCCESS
DEL02411,D097,Warehouse-North,Zone-14,14.66,2026-03-05 20:17:42,2026-03-05 20:38:24,SUCCESS
DEL02412,D059,Warehouse-North,Zone-04,24.16,2026-03-27 21:00:52,2026-03-27 21:15:36,FAILED
DEL02413,D017,Warehouse-North,Zone-16,22.83,2026-03-29 07:24:04,2026-03-29 07:40:04,SUCCESS
DEL02414,D045,Warehouse-East,Zone-05,41.89,2025-11-30 12:02:15,2025-11-30 13:02:18,SUCCESS
DEL02415,D057,Hub-West,Zone-17,12.63,2026-03-22 18:25:31,2026-03-22 18:42:06,SUCCESS
DEL02416,D098,Warehouse-South,Zone-23,20.52,2025-12-06 10:02:45,2025-12-06 10:20:44,SUCCESS
DEL02417,D039,Warehouse-North,Zone-08,24.68,2025-10-06 14:01:44,2025-10-06 14:25:42,SUCCESS
DEL02418,D017,Warehouse-South,Zone-23,8.91,2026-03-16 09:02:53,2026-03-16 09:12:01,SUCCESS
DEL02419,D030,Warehouse-South,Zone-07,28.79,2025-11-29 16:43:11,2025-11-29 17:06:04,SUCCESS
DEL02420,D017,Hub-Central,Zone-23,20.95,2025-10-16 06:19:32,2025-10-16 06:32:55,FAILED
DEL02421,D098,Warehouse-North,Zone-03,50.38,2026-03-02 05:50:36,2026-03-02 06:27:48,SUCCESS
DEL02422,D003,Hub-Central,Zone-25,29.8,2026-02-28 10:19:40,2026-02-28 10:46:17,SUCCESS
DEL02423,D056,Warehouse-South,Zone-04,15.81,2025-10-09 06:08:35,2025-10-09 06:16:53,FAILED
DEL02424,D005,Hub-West,Zone-19,17.52,2026-03-03 23:54:18,2026-03-04 00:03:39,FAILED
DEL02425,D008,Warehouse-North,Zone-30,54.09,2025-12-31 02:04:55,2025-12-31 02:50:03,SUCCESS
DEL02426,D033,Warehouse-North,Zone-10,41.92,2025-10-09 09:42:23,2025-10-09 10:35:47,SUCCESS
DEL02427,D086,Warehouse-North,Zone-26,10.75,2025-10-02 23:52:22,2025-10-03 00:02:33,SUCCESS
DEL02428,D016,Hub-West,Zone-07,28.36,2026-03-28 15:58:04,2026-03-28 16:22:53,SUCCESS
DEL02429,D076,Warehouse-South,Zone-06,18.99,2026-03-24 23:46:45,2026-03-25 00:04:20,SUCCESS
DEL02430,D086,Warehouse-North,Zone-03,21.35,2025-12-08 06:15:56,2025-12-08 06:29:59,FAILED
DEL02431,D019,Warehouse-East,Zone-19,25.32,2026-03-14 06:00:01,2026-03-14 06:30:21,SUCCESS
DEL02432,D045,Warehouse-South,Zone-28,45.08,2025-12-08 09:23:10,2025-12-08 09:59:53,SUCCESS
DEL02433,D065,Hub-West,Zone-08,37.75,2026-03-01 14:48:06,2026-03-01 15:18:26,SUCCESS
DEL02434,D065,Warehouse-North,Zone-04,36.38,2026-01-19 17:29:21,2026-01-19 18:09:24,SUCCESS
DEL02435,D075,Warehouse-North,Zone-17,36.37,2026-02-26 04:58:30,2026-02-26 05:26:43,SUCCESS
DEL02436,D028,Warehouse-South,Zone-10,36.64,2026-02-16 23:55:26,2026-02-17 00:43:27,SUCCESS
DEL02437,D022,Hub-West,Zone-01,32.04,2026-03-25 02:02:29,2026-03-25 02:27:17,SUCCESS
DEL02438,D093,Warehouse-South,Zone-30,18.7,2025-10-20 03:54:31,2025-10-20 04:22:00,SUCCESS
DEL02439,D065,Hub-Central,Zone-12,33.45,2026-03-15 07:19:50,2026-03-15 07:45:46,SUCCESS
DEL02440,D090,Warehouse-South,Zone-15,14.1,2026-01-23 10:42:45,2026-01-23 10:57:29,SUCCESS
DEL02441,D087,Warehouse-South,Zone-27,29.37,2025-10-21 20:10:06,2025-10-21 20:42:53,SUCCESS
DEL02442,D046,Hub-Central,Zone-07,49.82,2025-12-13 17:08:03,2025-12-13 17:48:12,SUCCESS
DEL02443,D066,Hub-Central,Zone-04,11.27,2025-11-14 04:28:46,2025-11-14 04:37:05,SUCCESS
DEL02444,D098,Warehouse-North,Zone-15,58.22,2025-12-01 00:39:08,2025-12-01 01:39:27,SUCCESS
DEL02445,D015,Warehouse-South,Zone-16,9.93,2026-01-09 22:06:21,2026-01-09 22:16:06,SUCCESS
DEL02446,D098,Warehouse-East,Zone-18,56.69,2025-12-10 03:32:56,2025-12-10 03:58:05,FAILED
DEL02447,D093,Warehouse-North,Zone-11,62.71,2025-10-08 21:14:58,2025-10-08 21:54:46,SUCCESS
DEL02448,D064,Hub-Central,Zone-10,56.48,2025-10-23 11:18:23,2025-10-23 12:37:59,SUCCESS
DEL02449,D059,Warehouse-East,Zone-22,28.8,2026-01-25 14:01:04,2026-01-25 14:16:39,FAILED
DEL02450,D057,Hub-West,Zone-14,9.38,2025-11-13 20:38:47,2025-11-13 20:47:40,SUCCESS
DEL02451,D038,Hub-Central,Zone-07,35.56,2026-03-16 02:17:34,2026-03-16 02:33:14,FAILED
DEL02452,D009,Hub-Central,Zone-22,28.89,2026-03-23 17:51:31,2026-03-23 18:14:50,FAILED
DEL02453,D048,Warehouse-North,Zone-22,10.41,2025-11-04 19:35:09,2025-11-04 19:46:33,SUCCESS
DEL02454,D063,Warehouse-North,Zone-13,57.76,2026-02-08 12:11:31,2026-02-08 12:59:17,SUCCESS
DEL02455,D057,Warehouse-North,Zone-04,17.74,2026-01-10 11:46:59,2026-01-10 12:06:14,SUCCESS
DEL02456,D019,Hub-Central,Zone-23,17.07,2025-12-16 15:57:17,2025-12-16 16:09:07,SUCCESS
DEL02457,D076,Warehouse-South,Zone-03,38.68,2025-10-20 18:03:34,2025-10-20 18:20:41,FAILED
DEL02458,D047,Warehouse-East,Zone-07,26.63,2025-11-08 15:48:35,2025-11-08 16:16:03,SUCCESS
DEL02459,D077,Hub-Central,Zone-04,41.61,2026-03-13 21:27:45,2026-03-13 21:57:30,SUCCESS
DEL02460,D030,Hub-Central,Zone-24,15.15,2026-03-12 17:52:17,2026-03-12 18:05:49,FAILED
DEL02461,D064,Hub-West,Zone-19,16.39,2025-11-24 01:59:22,2025-11-24 02:07:02,FAILED
DEL02462,D035,Hub-Central,Zone-12,56.52,2026-02-24 20:37:37,2026-02-24 21:25:21,SUCCESS
DEL02463,D061,Hub-West,Zone-13,19.47,2026-02-07 10:56:24,2026-02-07 11:06:38,FAILED
DEL02464,D063,Warehouse-East,Zone-05,31.66,2026-01-08 07:21:51,2026-01-08 07:51:15,SUCCESS
DEL02465,D099,Warehouse-North,Zone-04,21.62,2025-12-28 06:45:05,2025-12-28 07:06:51,SUCCESS
DEL02466,D033,Hub-Central,Zone-08,33.71,2026-01-04 00:29:46,2026-01-04 00:57:03,SUCCESS
DEL02467,D081,Warehouse-North,Zone-04,29.64,2025-10-27 03:19:13,2025-10-27 03:40:05,SUCCESS
DEL02468,D095,Warehouse-North,Zone-16,29.68,2025-10-11 06:18:36,2025-10-11 06:38:45,SUCCESS
DEL02469,D087,Warehouse-South,Zone-13,19.41,2025-10-06 04:39:31,2025-10-06 04:54:50,SUCCESS
DEL02470,D078,Warehouse-East,Zone-05,20.92,2026-02-09 21:19:18,2026-02-09 21:34:06,SUCCESS
DEL02471,D039,Hub-West,Zone-04,39.47,2026-01-29 18:34:30,2026-01-29 19:15:24,SUCCESS
DEL02472,D098,Hub-West,Zone-25,54.86,2025-10-15 20:35:46,2025-10-15 21:23:02,SUCCESS
DEL02473,D064,Hub-Central,Zone-07,40.96,2026-03-03 22:23:46,2026-03-03 23:06:31,SUCCESS
DEL02474,D038,Hub-Central,Zone-16,47.84,2026-02-06 13:34:41,2026-02-06 14:02:33,FAILED
DEL02475,D065,Hub-West,Zone-11,42.48,2025-11-20 19:26:54,2025-11-20 20:04:56,SUCCESS
DEL02476,D070,Warehouse-North,Zone-25,20.35,2026-01-15 03:26:02,2026-01-15 03:45:38,SUCCESS
DEL02477,D005,Warehouse-North,Zone-13,44.17,2025-12-23 13:50:21,2025-12-23 14:28:29,SUCCESS
DEL02478,D058,Hub-Central,Zone-15,55.92,2025-12-01 01:57:07,2025-12-01 02:57:30,SUCCESS
DEL02479,D059,Warehouse-North,Zone-06,31.21,2025-10-07 23:41:03,2025-10-08 00:15:30,SUCCESS
DEL02480,D072,Warehouse-East,Zone-29,28.9,2026-02-06 01:04:41,2026-02-06 01:35:10,SUCCESS
DEL02481,D091,Hub-Central,Zone-14,49.69,2025-11-01 20:58:03,2025-11-01 21:27:39,FAILED
DEL02482,D018,Hub-Central,Zone-16,56.74,2025-11-30 16:10:03,2025-11-30 17:28:49,SUCCESS
DEL02483,D098,Hub-West,Zone-22,41.3,2025-10-22 05:45:25,2025-10-22 06:20:02,FAILED
DEL02484,D063,Hub-West,Zone-22,58.9,2026-02-06 04:11:21,2026-02-06 04:53:11,SUCCESS
DEL02485,D070,Hub-Central,Zone-16,19.38,2026-01-20 02:41:34,2026-01-20 02:57:33,FAILED
DEL02486,D072,Warehouse-South,Zone-17,40.07,2026-03-15 21:33:59,2026-03-15 22:00:11,SUCCESS
DEL02487,D008,Warehouse-East,Zone-16,81.94,2025-12-15 23:59:07,2025-12-16 00:53:13,SUCCESS
DEL02488,D076,Hub-West,Zone-22,42.7,2025-12-13 08:39:53,2025-12-13 09:12:22,SUCCESS
DEL02489,D046,Warehouse-East,Zone-11,50.46,2026-02-26 20:00:45,2026-02-26 20:46:24,SUCCESS
DEL02490,D008,Hub-West,Zone-02,56.36,2025-10-06 11:10:28,2025-10-06 11:54:33,SUCCESS
DEL02491,D017,Warehouse-East,Zone-12,5.72,2026-03-12 12:23:45,2026-03-12 12:31:57,SUCCESS
DEL02492,D095,Warehouse-North,Zone-25,12.38,2026-01-22 09:29:00,2026-01-22 09:40:40,SUCCESS
DEL02493,D081,Hub-Central,Zone-04,6.44,2025-12-06 06:22:14,2025-12-06 06:29:04,SUCCESS
DEL02494,D055,Warehouse-East,Zone-14,5.36,2025-12-07 00:28:59,2025-12-07 00:35:05,SUCCESS
DEL02495,D045,Warehouse-South,Zone-08,11.46,2025-10-11 23:04:21,2025-10-11 23:14:26,SUCCESS
DEL02496,D031,Warehouse-East,Zone-19,37.04,2026-02-03 20:17:05,2026-02-03 20:46:13,SUCCESS
DEL02497,D011,Warehouse-North,Zone-28,26.5,2026-03-26 18:43:13,2026-03-26 19:03:51,SUCCESS
DEL02498,D040,Warehouse-East,Zone-06,21.68,2025-10-23 05:28:29,2025-10-23 05:46:49,SUCCESS
DEL02499,D003,Warehouse-East,Zone-02,9.8,2026-01-13 13:12:15,2026-01-13 13:19:42,SUCCESS
DEL02500,D059,Hub-Central,Zone-19,25.57,2026-02-05 17:25:12,2026-02-05 17:53:27,SUCCESS
DEL02501,D066,Hub-Central,Zone-09,5.87,2026-03-25 00:52:27,2026-03-25 00:57:34,SUCCESS
DEL02502,D003,Hub-Central,Zone-19,41.72,2026-02-13 03:24:05,2026-02-13 04:19:45,SUCCESS
DEL02503,D003,Hub-Central,Zone-19,7.02,2025-12-01 11:03:49,2025-12-01 11:07:19,FAILED
DEL02504,D050,Hub-West,Zone-04,13.28,2025-12-02 14:35:32,2025-12-02 14:44:02,FAILED
DEL02505,D063,Warehouse-South,Zone-11,34.53,2025-10-20 10:17:52,2025-10-20 10:53:11,SUCCESS
DEL02506,D064,Warehouse-East,Zone-06,36.96,2026-01-06 15:04:16,2026-01-06 15:28:15,FAILED
DEL02507,D079,Warehouse-East,Zone-14,8.36,2025-11-28 03:52:06,2025-11-28 04:03:12,SUCCESS
DEL02508,D026,Warehouse-North,Zone-27,7.45,2026-01-05 11:57:46,2026-01-05 12:04:06,SUCCESS
DEL02509,D069,Warehouse-East,Zone-09,17.01,2025-11-11 13:41:08,2025-11-11 14:05:02,SUCCESS
DEL02510,D007,Hub-West,Zone-13,78.67,2025-11-27 17:36:46,2025-11-27 18:24:35,FAILED
DEL02511,D029,Warehouse-North,Zone-23,21.57,2026-01-30 06:43:04,2026-01-30 06:53:06,FAILED
DEL02512,D075,Hub-West,Zone-11,,2025-10-19 09:29:26,2025-10-19 09:52:08,SUCCESS
DEL02513,D035,Hub-West,Zone-26,57.71,2025-10-14 01:29:59,2025-10-14 02:59:36,SUCCESS
DEL02514,D068,Hub-Central,Zone-07,62.33,2026-01-01 06:54:40,2026-01-01 08:33:25,SUCCESS
DEL02515,D045,Warehouse-North,Zone-21,52.14,2026-03-04 12:00:21,2026-03-04 12:41:22,SUCCESS
DEL02516,D039,Warehouse-East,Zone-14,17.27,2026-01-06 23:47:26,2026-01-07 00:01:14,SUCCESS
DEL02517,D085,Warehouse-East,Zone-07,38.25,2026-01-13 20:20:17,2026-01-13 20:54:30,SUCCESS
DEL02518,D054,Warehouse-East,Zone-20,17.39,2025-12-18 02:51:30,2025-12-18 02:59:55,FAILED
DEL02519,D066,Hub-West,Zone-06,26.76,2025-12-28 00:11:54,2025-12-28 00:48:06,SUCCESS
DEL02520,D003,Hub-West,Zone-28,19.33,2026-01-30 21:57:53,2026-01-30 22:08:55,FAILED
DEL02521,D024,Hub-Central,Zone-07,28.32,2026-01-21 00:17:04,2026-01-21 00:42:31,SUCCESS
DEL02522,D085,Hub-Central,Zone-09,35.66,2026-03-09 23:41:22,2026-03-10 00:01:35,FAILED
DEL02523,D082,Hub-West,Zone-28,22.62,2026-01-12 10:39:07,2026-01-12 10:57:35,SUCCESS
DEL02524,D099,Hub-Central,Zone-30,30.05,2026-03-26 02:09:40,2026-03-26 02:48:49,SUCCESS
DEL02525,D073,Warehouse-North,Zone-17,31.12,2026-02-19 02:16:17,2026-02-19 02:46:31,FAILED
DEL02526,D026,Hub-Central,Zone-05,59.32,2025-12-10 17:38:34,2025-12-10 19:02:12,SUCCESS
DEL02527,D031,Warehouse-East,Zone-28,25.11,2025-10-30 05:15:12,2025-10-30 05:37:28,FAILED
DEL02528,D056,Warehouse-East,Zone-28,29.51,2025-12-19 15:57:05,2025-12-19 16:19:53,SUCCESS
DEL02529,D009,Warehouse-South,Zone-28,28.45,2026-02-01 02:18:58,2026-02-01 02:38:53,SUCCESS
DEL02530,D053,Warehouse-East,Zone-21,7.18,2025-11-21 20:00:22,2025-11-21 20:05:38,SUCCESS
DEL02531,D021,Hub-West,Zone-08,44.45,2025-11-19 19:07:40,2025-11-19 19:38:07,FAILED
DEL02532,D052,Warehouse-North,Zone-05,30.62,2025-11-16 07:24:47,2025-11-16 07:39:02,FAILED
DEL02533,D025,Warehouse-South,Zone-26,27.49,2025-10-06 09:06:38,2025-10-06 09:32:17,SUCCESS
DEL02534,D040,Hub-Central,Zone-18,39.01,2025-12-30 03:08:27,2025-12-30 03:40:35,SUCCESS
DEL02535,D056,Warehouse-North,Zone-07,24.81,2025-12-21 22:45:06,2025-12-21 23:05:36,SUCCESS
DEL02536,D021,Warehouse-South,Zone-01,17.28,2025-11-22 22:55:47,2025-11-22 23:07:10,SUCCESS
DEL02537,D034,Warehouse-East,Zone-22,23.64,2026-03-03 08:07:41,2026-03-03 08:36:52,SUCCESS
DEL02538,D071,Warehouse-North,Zone-24,7.54,2025-11-04 04:09:02,2025-11-04 04:14:03,SUCCESS
DEL02539,D063,Warehouse-North,Zone-02,19.84,2026-03-01 21:28:24,2026-03-01 21:43:53,SUCCESS
DEL02540,D011,Hub-West,Zone-10,23.01,2025-11-30 22:54:08,2025-11-30 23:16:02,SUCCESS
DEL02541,D009,Hub-Central,Zone-29,15.46,2026-03-24 20:58:59,2026-03-24 21:20:29,SUCCESS
DEL02542,D047,Warehouse-North,Zone-13,48.48,2026-02-08 10:13:07,2026-02-08 10:50:58,FAILED
DEL02543,D093,Warehouse-South,Zone-08,88.73,2026-03-13 15:30:03,2026-03-13 16:29:11,FAILED
DEL02544,D015,Hub-West,Zone-30,17.11,2026-01-19 20:55:43,2026-01-19 21:08:24,SUCCESS
DEL02545,D016,Hub-West,Zone-25,36.57,2026-01-10 08:29:54,2026-01-10 08:55:04,SUCCESS
DEL02546,D068,Hub-Central,Zone-29,55.03,2025-11-18 21:30:38,2025-11-18 22:45:20,SUCCESS
DEL02547,D012,Hub-West,Zone-04,91.33,2025-11-16 05:31:06,2025-11-16 07:15:50,SUCCESS
DEL02548,D099,Warehouse-East,Zone-11,26.14,2026-03-06 15:26:06,2026-03-06 15:39:20,FAILED
DEL02549,D075,Hub-Central,Zone-26,7.08,2026-02-21 03:46:13,2026-02-21 03:57:07,SUCCESS
DEL02550,D096,Warehouse-South,Zone-30,15.52,2026-02-22 11:06:00,2026-02-22 11:18:04,SUCCESS
DEL02551,D055,Warehouse-South,Zone-04,47.66,2025-11-12 07:59:33,2025-11-12 08:59:02,SUCCESS
DEL02552,D023,Warehouse-East,Zone-15,25.13,2025-11-11 13:49:06,2025-11-11 14:08:41,SUCCESS
DEL02553,D053,Hub-West,Zone-02,9.65,2025-11-19 09:09:05,2025-11-19 09:19:58,SUCCESS
DEL02554,D063,Warehouse-East,Zone-23,13.47,2026-01-12 14:09:00,2026-01-12 14:26:12,SUCCESS
DEL02555,D015,Hub-West,Zone-14,29.44,2025-12-01 10:57:00,2025-12-01 11:27:24,SUCCESS
DEL02556,D061,Warehouse-South,Zone-09,32.97,2026-02-10 13:47:30,2026-02-10 14:31:38,SUCCESS
DEL02557,D019,Hub-Central,Zone-23,22.42,2025-12-10 11:41:36,2025-12-10 12:08:04,SUCCESS
DEL02558,D048,Warehouse-East,Zone-01,25.6,2026-03-09 11:50:24,2026-03-09 12:08:56,SUCCESS
DEL02559,D083,Hub-West,Zone-02,55.14,2026-03-25 18:40:29,2026-03-25 19:21:15,SUCCESS
DEL02560,D095,Warehouse-North,Zone-23,7.9,2026-02-06 14:11:05,2026-02-06 14:20:38,SUCCESS
DEL02561,D086,Warehouse-East,Zone-18,39.77,2025-11-16 12:58:13,2025-11-16 13:40:47,SUCCESS
DEL02562,D050,Warehouse-East,Zone-29,8.8,2025-11-30 01:17:44,2025-11-30 01:25:19,SUCCESS
DEL02563,D088,Hub-West,Zone-28,28.19,2025-10-24 16:48:42,2025-10-24 17:10:14,SUCCESS
DEL02564,D031,Hub-Central,Zone-13,38.95,2026-03-16 12:55:31,2026-03-16 13:31:30,SUCCESS
DEL02565,D002,Hub-Central,Zone-30,29.73,2026-03-26 15:55:28,2026-03-26 16:33:20,SUCCESS
DEL02566,D033,Warehouse-North,Zone-30,38.09,2025-11-28 10:14:25,2025-11-28 10:41:10,SUCCESS
DEL02567,D097,Warehouse-East,Zone-07,23.6,2025-11-15 17:19:30,2025-11-15 17:48:31,SUCCESS
DEL02568,D021,Hub-Central,Zone-21,51.05,2026-03-27 20:21:37,2026-03-27 20:39:42,FAILED
DEL02569,D041,Hub-Central,Zone-26,21.56,2026-03-20 18:36:51,2026-03-20 18:53:03,SUCCESS
DEL02570,D005,Warehouse-North,Zone-27,40.34,2025-11-23 05:06:09,2025-11-23 05:58:02,SUCCESS
DEL02571,D100,Hub-Central,Zone-24,26.64,2026-01-04 11:27:00,2026-01-04 11:49:19,SUCCESS
DEL02572,D053,Warehouse-East,Zone-23,42.02,2026-03-29 21:47:23,2026-03-29 22:26:58,SUCCESS
DEL02573,D055,Warehouse-North,Zone-27,54.48,2026-03-20 06:00:12,2026-03-20 06:39:53,SUCCESS
DEL02574,D021,Warehouse-East,Zone-17,37.66,2026-02-13 15:09:46,2026-02-13 15:42:18,SUCCESS
DEL02575,D009,Hub-Central,Zone-20,55.51,2025-12-08 07:46:09,2025-12-08 08:55:12,SUCCESS
DEL02576,D094,Hub-West,Zone-24,67.33,2026-03-07 22:50:58,2026-03-08 00:29:27,SUCCESS
DEL02577,D042,Warehouse-North,Zone-25,13.99,2025-12-28 00:21:10,2025-12-28 00:36:34,SUCCESS
DEL02578,D007,Warehouse-South,Zone-21,16.67,2026-02-02 13:00:49,2026-02-02 13:13:14,FAILED
DEL02579,D057,Warehouse-South,Zone-01,25.77,2026-03-03 14:25:01,2026-03-03 14:34:16,FAILED
DEL02580,D052,Warehouse-East,Zone-11,25.12,2025-11-08 20:25:06,2025-11-08 21:00:54,SUCCESS
DEL02581,D074,Warehouse-North,Zone-06,19.46,2025-10-16 23:13:44,2025-10-16 23:35:33,SUCCESS
DEL02582,D032,Warehouse-South,Zone-28,5.67,2026-01-09 06:26:22,2026-01-09 06:32:35,SUCCESS
DEL02583,D077,Hub-Central,Zone-26,7.04,2026-02-11 03:50:32,2026-02-11 03:53:21,FAILED
DEL02584,D041,Hub-Central,Zone-28,,2025-12-27 16:05:43,2025-12-27 16:14:46,SUCCESS
DEL02585,D095,Warehouse-East,Zone-06,13.94,2025-10-26 22:12:02,2025-10-26 22:23:32,SUCCESS
DEL02586,D088,Warehouse-East,Zone-26,9.37,2026-01-24 03:40:31,2026-01-24 03:48:04,SUCCESS
DEL02587,D037,Warehouse-North,Zone-14,77.59,2025-11-08 13:50:24,2025-11-08 14:31:44,FAILED
DEL02588,D048,Hub-Central,Zone-29,6.88,2025-11-05 07:39:55,2025-11-05 07:46:47,SUCCESS
DEL02589,D049,Hub-West,Zone-08,50.75,2026-03-12 01:53:10,2026-03-12 02:31:28,SUCCESS
DEL02590,D003,Hub-West,Zone-21,12.19,2025-10-05 11:02:54,2025-10-05 11:12:28,SUCCESS
DEL02591,D079,Warehouse-South,Zone-30,34.74,2026-01-30 16:17:42,2026-01-30 16:47:52,SUCCESS
DEL02592,D012,Warehouse-South,Zone-09,5.2,2025-12-29 19:03:22,2025-12-29 19:08:33,SUCCESS
DEL02593,D090,Warehouse-South,Zone-02,74.22,2026-03-15 09:49:10,2026-03-15 10:44:02,SUCCESS
DEL02594,D052,Hub-Central,Zone-20,31.49,2026-01-29 00:06:27,2026-01-29 00:32:23,SUCCESS
DEL02595,D034,Warehouse-North,Zone-12,43.93,2025-10-29 23:33:39,2025-10-30 00:08:38,SUCCESS
DEL02596,D022,Warehouse-North,Zone-01,50.72,2026-01-19 03:32:36,2026-01-19 04:13:18,SUCCESS
DEL02597,D092,Hub-Central,Zone-25,16.22,2026-01-11 02:34:52,2026-01-11 02:52:34,SUCCESS
DEL02598,D059,Hub-Central,Zone-04,33.43,2026-03-10 15:17:56,2026-03-10 15:42:05,SUCCESS
DEL02599,D029,Warehouse-South,Zone-07,20.0,2026-02-16 13:26:52,2026-02-16 13:40:45,SUCCESS
DEL02600,D035,Hub-Central,Zone-13,16.06,2025-11-25 22:00:00,2025-11-25 22:12:00,SUCCESS
DEL02601,D017,Warehouse-South,Zone-20,9.81,2025-12-23 18:02:37,2025-12-23 18:11:30,SUCCESS
DEL02602,D028,Warehouse-East,Zone-24,48.74,2026-03-10 00:31:57,2026-03-10 01:10:56,SUCCESS
DEL02603,D087,Hub-Central,Zone-06,18.3,2025-11-06 18:29:46,2025-11-06 18:51:38,SUCCESS
DEL02604,D053,Warehouse-South,Zone-01,20.32,2026-03-03 21:08:51,2026-03-03 21:17:58,FAILED
DEL02605,D038,Warehouse-South,Zone-20,16.7,2025-11-20 20:04:26,2025-11-20 20:21:42,SUCCESS
DEL02606,D058,Warehouse-South,Zone-12,65.08,2026-03-26 04:27:21,2026-03-26 05:26:16,SUCCESS
DEL02607,D075,Hub-Central,Zone-03,50.12,2026-02-10 20:54:56,2026-02-10 21:39:04,SUCCESS
DEL02608,D002,Warehouse-South,Zone-28,25.07,2025-12-31 01:08:48,2025-12-31 01:16:10,FAILED
DEL02609,D042,Hub-Central,Zone-22,21.42,2026-02-12 13:43:25,2026-02-12 14:06:31,SUCCESS
DEL02610,D028,Hub-Central,Zone-23,26.88,2026-02-16 12:23:11,2026-02-16 12:46:47,SUCCESS
DEL02611,D055,Hub-West,Zone-09,71.89,2026-02-20 22:29:37,2026-02-20 23:57:36,SUCCESS
DEL02612,D010,Hub-West,Zone-02,32.31,2025-10-19 12:02:03,2025-10-19 12:32:56,SUCCESS
DEL02613,D007,Warehouse-South,Zone-16,79.19,2025-12-04 15:15:06,2025-12-04 17:03:05,SUCCESS
DEL02614,D046,Hub-West,Zone-23,16.5,2026-01-26 17:54:35,2026-01-26 18:09:19,SUCCESS
DEL02615,D096,Warehouse-North,Zone-01,52.08,2026-03-07 06:11:17,2026-03-07 06:47:29,FAILED
DEL02616,D033,Hub-West,Zone-13,27.65,2026-01-06 23:20:10,2026-01-07 00:01:41,SUCCESS
DEL02617,D039,Warehouse-East,Zone-05,8.22,2025-12-16 15:25:13,2025-12-16 15:34:40,SUCCESS
DEL02618,D072,Hub-West,Zone-06,26.99,2025-10-08 23:39:22,2025-10-09 00:16:18,SUCCESS
DEL02619,D034,Hub-West,Zone-16,38.46,2025-11-02 23:38:06,2025-11-03 00:18:37,SUCCESS
DEL02620,D044,Hub-Central,Zone-05,7.86,2026-03-20 11:17:43,2026-03-20 11:25:28,SUCCESS
DEL02621,D012,Hub-West,Zone-14,98.02,2025-12-01 14:48:22,2025-12-01 16:03:21,SUCCESS
DEL02622,D019,Warehouse-North,Zone-11,34.63,2025-11-20 13:34:47,2025-11-20 14:00:42,SUCCESS
DEL02623,D006,Hub-Central,Zone-28,52.24,2025-10-25 19:55:27,2025-10-25 20:49:25,SUCCESS
DEL02624,D036,Warehouse-East,Zone-30,30.41,2026-02-23 05:06:34,2026-02-23 05:31:09,SUCCESS
DEL02625,D056,Warehouse-East,Zone-20,15.99,2025-11-24 22:31:42,2025-11-24 22:52:02,SUCCESS
DEL02626,D098,Warehouse-East,Zone-17,22.77,2026-03-29 22:48:49,2026-03-29 23:16:52,SUCCESS
DEL02627,D041,Warehouse-South,Zone-11,17.48,2025-12-24 14:51:37,2025-12-24 15:17:52,SUCCESS
DEL02628,D095,Warehouse-South,Zone-18,27.11,2026-01-04 09:30:23,2026-01-04 09:54:59,SUCCESS
DEL02629,D085,Hub-Central,Zone-02,38.04,2026-02-01 15:00:51,2026-02-01 15:28:34,SUCCESS
DEL02630,D025,Warehouse-North,Zone-08,29.11,2025-10-29 20:37:23,2025-10-29 21:01:02,SUCCESS
DEL02631,D024,Hub-Central,Zone-09,33.38,2025-10-07 23:07:48,2025-10-07 23:31:47,SUCCESS
DEL02632,D021,Hub-Central,Zone-14,38.18,2026-02-15 02:01:31,2026-02-15 02:49:02,SUCCESS
DEL02633,D015,Hub-Central,Zone-02,29.37,2026-03-23 19:49:07,2026-03-23 20:18:17,SUCCESS
DEL02634,D057,Hub-West,Zone-16,10.8,2025-12-09 05:30:14,2025-12-09 05:39:03,SUCCESS
DEL02635,D059,Warehouse-North,Zone-28,10.4,2026-01-04 17:29:35,2026-01-04 17:45:06,SUCCESS
DEL02636,D093,Warehouse-South,Zone-04,14.63,2026-03-18 07:57:01,2026-03-18 08:04:02,FAILED
DEL02637,D045,Warehouse-South,Zone-28,56.29,2025-10-19 04:06:16,2025-10-19 05:19:49,SUCCESS
DEL02638,D037,Warehouse-South,Zone-24,68.22,2025-11-05 01:54:47,2025-11-05 03:26:19,SUCCESS
DEL02639,D066,Warehouse-East,Zone-19,22.56,2026-03-09 17:27:44,2026-03-09 17:47:26,FAILED
DEL02640,D085,Warehouse-South,Zone-19,52.13,2026-01-22 17:27:16,2026-01-22 18:08:06,SUCCESS
DEL02641,D001,Hub-West,Zone-06,14.61,2026-01-11 03:24:34,2026-01-11 03:37:00,SUCCESS
DEL02642,D054,Warehouse-North,Zone-08,43.78,2026-03-28 17:26:11,2026-03-28 17:57:53,FAILED
DEL02643,D099,Warehouse-North,Zone-29,46.41,2026-01-05 17:21:52,2026-01-05 18:00:05,SUCCESS
DEL02644,D043,Warehouse-East,Zone-22,12.66,2025-10-06 00:59:32,2025-10-06 01:09:07,SUCCESS
DEL02645,D088,Hub-Central,Zone-12,36.9,2025-10-24 16:31:08,2025-10-24 16:55:20,FAILED
DEL02646,D076,Warehouse-North,Zone-27,21.46,2026-03-30 10:08:44,2026-03-30 10:28:50,SUCCESS
DEL02647,D042,Warehouse-North,Zone-03,27.78,2025-10-30 20:38:44,2025-10-30 21:08:19,SUCCESS
DEL02648,D059,Hub-Central,Zone-15,6.38,2026-03-11 07:20:20,2026-03-11 07:24:03,FAILED
DEL02649,D081,Hub-West,Zone-22,61.21,2025-11-22 07:06:53,2025-11-22 08:30:29,SUCCESS
DEL02650,D001,Warehouse-North,Zone-21,47.58,2025-12-03 23:14:26,2025-12-03 23:47:27,FAILED
DEL02651,D080,Warehouse-East,Zone-24,26.88,2025-12-27 23:36:30,2025-12-27 23:50:58,FAILED
DEL02652,D094,Hub-West,Zone-05,28.45,2026-03-26 02:21:34,2026-03-26 02:34:06,FAILED
DEL02653,D028,Warehouse-North,Zone-26,9.75,2026-03-17 15:10:15,2026-03-17 15:15:12,FAILED
DEL02654,D083,Warehouse-East,Zone-26,18.37,2025-11-24 22:39:40,2025-11-24 22:54:34,FAILED
DEL02655,D008,Warehouse-North,Zone-18,85.78,2026-02-22 10:21:33,2026-02-22 11:40:31,SUCCESS
DEL02656,D078,Warehouse-North,Zone-13,24.57,2025-12-14 01:24:38,2025-12-14 01:51:47,SUCCESS
DEL02657,D033,Warehouse-South,Zone-25,5.73,2025-11-04 13:35:25,2025-11-04 13:43:11,SUCCESS
DEL02658,D052,Warehouse-North,Zone-28,35.87,2025-10-18 07:38:51,2025-10-18 08:06:59,SUCCESS
DEL02659,D027,Hub-Central,Zone-25,40.53,2025-11-01 15:21:31,2025-11-01 16:07:14,SUCCESS
DEL02660,D052,Warehouse-South,Zone-04,19.31,2025-11-25 07:53:50,2025-11-25 08:11:23,SUCCESS
DEL02661,D039,Hub-Central,Zone-24,33.99,2026-01-04 07:30:14,2026-01-04 08:12:01,SUCCESS
DEL02662,D040,Hub-West,Zone-05,7.95,2026-03-25 11:42:25,2026-03-25 11:47:42,SUCCESS
DEL02663,D046,Warehouse-North,Zone-27,7.49,2026-02-07 05:32:57,2026-02-07 05:39:38,SUCCESS
DEL02664,D048,Warehouse-South,Zone-16,8.02,2026-01-08 13:08:13,2026-01-08 13:18:36,SUCCESS
DEL02665,D058,Hub-Central,Zone-16,52.0,2026-03-21 22:19:25,2026-03-21 23:21:55,SUCCESS
DEL02666,D035,Hub-West,Zone-14,62.98,2026-01-18 08:02:10,2026-01-18 08:59:46,SUCCESS
DEL02667,D012,Hub-Central,Zone-26,14.69,2026-02-24 21:30:06,2026-02-24 21:43:08,SUCCESS
DEL02668,D048,Warehouse-South,Zone-14,17.92,2026-01-28 04:49:52,2026-01-28 05:15:01,SUCCESS
DEL02669,D081,Warehouse-North,Zone-02,14.34,2025-12-22 17:23:00,2025-12-22 17:33:35,SUCCESS
DEL02670,D066,Hub-Central,Zone-22,21.83,2025-12-06 08:38:47,2025-12-06 08:58:05,SUCCESS
DEL02671,D029,Warehouse-South,Zone-30,20.63,2026-02-03 18:05:03,2026-02-03 18:31:30,SUCCESS
DEL02672,D064,Hub-West,Zone-03,26.9,2026-01-11 09:17:48,2026-01-11 09:54:43,SUCCESS
DEL02673,D038,Hub-Central,Zone-03,37.03,2025-12-30 22:03:34,2025-12-30 22:47:09,SUCCESS
DEL02674,D062,Warehouse-South,Zone-05,10.56,2025-11-28 07:56:02,2025-11-28 08:11:52,SUCCESS
DEL02675,D088,Warehouse-East,Zone-27,39.7,2026-03-25 07:50:09,2026-03-25 08:15:30,FAILED
DEL02676,D032,Hub-Central,Zone-10,5.22,2026-01-10 13:47:08,2026-01-10 13:52:08,SUCCESS
DEL02677,D073,Hub-West,Zone-03,35.52,2025-10-10 06:25:47,2025-10-10 07:16:13,SUCCESS
DEL02678,D006,Warehouse-North,Zone-17,6.86,2026-01-08 16:41:06,2026-01-08 16:49:34,SUCCESS
DEL02679,D055,Warehouse-North,Zone-15,,2025-12-20 04:48:35,2025-12-20 05:28:34,SUCCESS
DEL02680,D085,Hub-West,Zone-27,30.65,2026-02-17 20:53:16,2026-02-17 21:23:22,SUCCESS
DEL02681,D033,Warehouse-East,Zone-19,20.36,2025-12-09 00:33:09,2025-12-09 00:48:05,SUCCESS
DEL02682,D011,Hub-West,Zone-01,14.93,2026-02-27 06:09:12,2026-02-27 06:26:36,SUCCESS
DEL02683,D015,Hub-Central,Zone-06,22.41,2026-02-21 19:03:19,2026-02-21 19:32:51,SUCCESS
DEL02684,D024,Hub-Central,Zone-02,12.15,2026-03-13 16:14:40,2026-03-13 16:33:41,SUCCESS
DEL02685,D011,Warehouse-East,Zone-11,23.65,2025-12-20 19:52:22,2025-12-20 20:18:12,SUCCESS
DEL02686,D076,Hub-Central,Zone-25,18.92,2026-02-18 14:31:32,2026-02-18 14:56:57,SUCCESS
DEL02687,D086,Hub-West,Zone-26,22.48,2025-12-27 08:54:33,2025-12-27 09:18:37,SUCCESS
DEL02688,D034,Warehouse-South,Zone-07,30.18,2025-12-06 06:44:00,2025-12-06 07:08:34,SUCCESS
DEL02689,D024,Hub-West,Zone-09,20.95,2025-10-16 04:32:02,2025-10-16 05:01:42,SUCCESS
DEL02690,D087,Hub-Central,Zone-18,13.69,2025-10-21 15:32:12,2025-10-21 15:45:57,SUCCESS
DEL02691,D003,Hub-Central,Zone-04,51.88,2025-10-02 03:14:57,2025-10-02 04:14:10,SUCCESS
DEL02692,D002,Hub-Central,Zone-15,23.3,2025-11-03 08:20:41,2025-11-03 08:53:34,SUCCESS
DEL02693,D089,Hub-West,Zone-24,39.32,2025-12-18 15:51:49,2025-12-18 16:11:34,FAILED
DEL02694,D063,Hub-West,Zone-27,58.98,2025-11-28 19:09:00,2025-11-28 20:09:52,SUCCESS
DEL02695,D079,Hub-Central,Zone-26,10.21,2025-12-10 01:07:04,2025-12-10 01:15:25,SUCCESS
DEL02696,D039,Warehouse-South,Zone-05,41.24,2025-10-18 00:24:33,2025-10-18 00:52:03,SUCCESS
DEL02697,D002,Warehouse-North,Zone-27,52.22,2025-11-07 01:12:07,2025-11-07 01:57:28,SUCCESS
DEL02698,D003,Warehouse-South,Zone-28,70.62,2026-02-13 03:44:46,2026-02-13 04:37:53,SUCCESS
DEL02699,D004,Hub-Central,Zone-21,42.09,2025-11-10 15:04:48,2025-11-10 15:43:19,FAILED
DEL02700,D019,Warehouse-South,Zone-14,19.54,2026-02-04 04:00:25,2026-02-04 04:13:13,SUCCESS
DEL02701,D081,Hub-West,Zone-07,22.98,2026-03-16 15:27:08,2026-03-16 15:59:11,SUCCESS
DEL02702,D012,Hub-Central,Zone-05,44.59,2025-11-28 10:22:44,2025-11-28 11:24:13,SUCCESS
DEL02703,D061,Warehouse-North,Zone-04,46.99,2025-12-21 22:05:58,2025-12-21 22:55:19,SUCCESS
DEL02704,D022,Warehouse-South,Zone-24,25.51,2026-03-25 05:33:37,2026-03-25 05:50:39,SUCCESS
DEL02705,D090,Hub-Central,Zone-16,95.11,2025-12-26 11:05:22,2025-12-26 12:27:33,SUCCESS
DEL02706,D003,Hub-Central,Zone-19,5.02,2026-03-16 22:56:30,2026-03-16 23:00:12,FAILED
DEL02707,D032,Warehouse-East,Zone-19,37.05,2025-11-09 02:18:18,2025-11-09 02:47:40,FAILED
DEL02708,D051,Warehouse-East,Zone-01,23.64,2025-10-10 21:18:52,2025-10-10 21:35:23,SUCCESS
DEL02709,D014,Hub-Central,Zone-14,48.08,2026-01-31 09:55:22,2026-01-31 10:25:55,FAILED
DEL02710,D064,Hub-West,Zone-20,13.14,2026-02-21 03:02:02,2026-02-21 03:14:09,FAILED
DEL02711,D094,Warehouse-East,Zone-02,86.62,2026-01-16 15:14:46,2026-01-16 16:13:44,SUCCESS
DEL02712,D063,Hub-Central,Zone-17,47.49,2025-12-17 14:38:43,2025-12-17 15:34:45,SUCCESS
DEL02713,D076,Hub-West,Zone-30,42.48,2026-02-18 16:56:48,2026-02-18 18:05:43,SUCCESS
DEL02714,D087,Hub-Central,Zone-08,11.43,2026-03-25 17:56:47,2026-03-25 18:06:32,SUCCESS
DEL02715,D092,Hub-West,Zone-01,15.64,2025-10-12 18:54:15,2025-10-12 19:09:41,SUCCESS
DEL02716,D055,Warehouse-East,Zone-18,,2026-01-20 22:14:03,2026-01-20 22:23:50,SUCCESS
DEL02717,D009,Hub-Central,Zone-29,63.45,2025-11-22 00:15:58,2025-11-22 01:16:07,SUCCESS
DEL02718,D061,Hub-Central,Zone-20,35.05,2025-10-23 16:59:00,2025-10-23 17:15:20,FAILED
DEL02719,D083,Hub-Central,Zone-23,59.13,2025-12-07 08:02:16,2025-12-07 09:22:58,SUCCESS
DEL02720,D056,Warehouse-South,Zone-10,37.46,2025-10-05 00:58:02,2025-10-05 01:29:34,SUCCESS
DEL02721,D093,Hub-Central,Zone-12,85.92,2025-11-07 07:43:22,2025-11-07 09:33:42,SUCCESS
DEL02722,D057,Hub-West,Zone-08,11.72,2025-11-15 01:40:44,2025-11-15 01:51:16,SUCCESS
DEL02723,D076,Warehouse-East,Zone-30,14.69,2026-03-26 12:34:26,2026-03-26 12:49:00,SUCCESS
DEL02724,D078,Hub-Central,Zone-05,24.61,2026-03-15 17:22:58,2026-03-15 17:54:55,SUCCESS
DEL02725,D038,Hub-Central,Zone-14,21.68,2026-02-18 09:24:03,2026-02-18 09:41:15,SUCCESS
DEL02726,D087,Warehouse-East,Zone-26,18.69,2026-02-04 16:52:16,2026-02-04 17:12:15,SUCCESS
DEL02727,D061,Warehouse-South,Zone-20,50.3,2026-03-05 07:07:43,2026-03-05 07:47:20,SUCCESS
DEL02728,D027,Warehouse-North,Zone-22,41.04,2025-11-24 20:20:45,2025-11-24 21:12:01,SUCCESS
DEL02729,D062,Warehouse-South,Zone-07,12.71,2025-10-26 01:38:00,2025-10-26 01:51:15,SUCCESS
DEL02730,D021,Hub-Central,Zone-04,52.49,2026-01-26 14:59:41,2026-01-26 16:01:06,SUCCESS
DEL02731,D054,Warehouse-East,Zone-08,25.26,2026-01-04 20:55:32,2026-01-04 21:12:11,SUCCESS
DEL02732,D027,Warehouse-North,Zone-01,27.28,2026-01-17 03:01:05,2026-01-17 03:09:47,FAILED
DEL02733,D046,Warehouse-East,Zone-12,42.17,2026-03-21 01:19:12,2026-03-21 02:13:18,SUCCESS
DEL02734,D087,Warehouse-South,Zone-27,20.21,2025-10-31 19:09:18,2025-10-31 19:18:17,FAILED
DEL02735,D065,Warehouse-North,Zone-11,47.79,2025-10-07 04:59:27,2025-10-07 05:38:20,SUCCESS
DEL02736,D056,Hub-West,Zone-08,22.62,2025-10-23 03:08:07,2025-10-23 03:14:12,FAILED
DEL02737,D016,Warehouse-South,Zone-16,29.22,2026-01-18 03:01:24,2026-01-18 03:22:27,SUCCESS
DEL02738,D034,Warehouse-East,Zone-25,30.45,2025-12-06 02:01:32,2025-12-06 02:37:47,SUCCESS
DEL02739,D006,Hub-West,Zone-09,31.58,2026-02-27 12:54:08,2026-02-27 13:32:51,SUCCESS
DEL02740,D020,Hub-West,Zone-20,16.03,2026-03-15 17:10:12,2026-03-15 17:26:35,SUCCESS
DEL02741,D086,Warehouse-North,Zone-30,34.06,2025-10-21 05:20:13,2025-10-21 05:45:36,SUCCESS
DEL02742,D057,Hub-Central,Zone-27,26.54,2026-03-05 03:32:55,2026-03-05 03:41:11,FAILED
DEL02743,D097,Warehouse-North,Zone-26,38.31,2025-10-22 12:58:30,2025-10-22 13:26:32,SUCCESS
DEL02744,D079,Warehouse-North,Zone-27,13.53,2026-01-27 09:12:07,2026-01-27 09:21:30,SUCCESS
DEL02745,D072,Hub-West,Zone-04,56.37,2025-10-09 03:35:30,2025-10-09 04:23:24,SUCCESS
DEL02746,D022,Warehouse-North,Zone-28,56.18,2026-01-31 07:40:06,2026-01-31 08:49:04,SUCCESS
DEL02747,D027,Warehouse-East,Zone-06,35.65,2026-03-26 21:30:05,2026-03-26 22:12:05,SUCCESS
DEL02748,D094,Hub-Central,Zone-25,43.49,2025-11-26 17:23:30,2025-11-26 17:56:14,SUCCESS
DEL02749,D065,Warehouse-North,Zone-05,50.87,2026-01-05 18:40:13,2026-01-05 19:14:06,SUCCESS
DEL02750,D083,Warehouse-East,Zone-27,32.73,2025-12-10 15:08:12,2025-12-10 15:25:05,FAILED
DEL02751,D018,Warehouse-South,Zone-15,48.22,2025-10-24 21:08:40,2025-10-24 22:09:38,SUCCESS
DEL02752,D054,Warehouse-North,Zone-08,23.37,2026-02-27 08:49:18,2026-02-27 09:15:54,SUCCESS
DEL02753,D061,Warehouse-East,Zone-17,29.87,2025-12-06 06:40:00,2025-12-06 06:54:40,FAILED
DEL02754,D022,Warehouse-East,Zone-12,13.28,2025-10-17 13:13:06,2025-10-17 13:22:59,SUCCESS
DEL02755,D092,Hub-Central,Zone-12,37.78,2026-02-24 13:50:01,2026-02-24 14:51:45,SUCCESS
DEL02756,D081,Warehouse-South,Zone-05,41.98,2026-02-07 03:06:09,2026-02-07 03:40:11,SUCCESS
DEL02757,D097,Hub-West,Zone-14,20.65,2026-02-24 07:35:52,2026-02-24 07:52:43,SUCCESS
DEL02758,D030,Hub-Central,Zone-14,46.71,2025-10-27 19:06:00,2025-10-27 20:13:09,SUCCESS
DEL02759,D053,Hub-Central,Zone-28,18.57,2026-03-24 09:17:14,2026-03-24 09:27:01,FAILED
DEL02760,D067,Warehouse-East,Zone-01,53.22,2026-03-04 07:08:19,2026-03-04 07:56:56,SUCCESS
DEL02761,D057,Warehouse-North,Zone-23,9.76,2025-10-29 06:28:19,2025-10-29 06:40:36,SUCCESS
DEL02762,D067,Warehouse-North,Zone-11,24.76,2025-10-14 12:16:18,2025-10-14 12:30:34,FAILED
DEL02763,D041,Warehouse-South,Zone-14,8.93,2025-12-17 23:49:43,2025-12-18 00:03:39,SUCCESS
DEL02764,D008,Warehouse-North,Zone-22,49.09,2025-12-16 08:45:13,2025-12-16 09:29:34,SUCCESS
DEL02765,D083,Hub-West,Zone-02,24.64,2025-10-30 07:29:15,2025-10-30 07:47:01,SUCCESS
DEL02766,D081,Hub-West,Zone-10,29.38,2026-02-16 12:32:34,2026-02-16 13:17:05,SUCCESS
DEL02767,D054,Hub-West,Zone-28,28.65,2025-12-18 01:28:08,2025-12-18 02:10:15,SUCCESS
DEL02768,D039,Warehouse-East,Zone-30,39.73,2026-02-18 02:40:17,2026-02-18 03:28:37,SUCCESS
DEL02769,D045,Warehouse-East,Zone-29,11.16,2025-10-02 12:49:37,2025-10-02 13:00:27,SUCCESS
DEL02770,D068,Warehouse-South,Zone-23,25.57,2026-01-27 12:40:30,2026-01-27 12:50:01,FAILED
DEL02771,D052,Warehouse-South,Zone-29,9.07,2025-12-26 15:23:30,2025-12-26 15:26:17,FAILED
DEL02772,D070,Hub-West,Zone-21,22.84,2026-01-30 05:43:37,2026-01-30 06:04:53,SUCCESS
DEL02773,D057,Warehouse-East,Zone-29,10.38,2026-02-13 10:27:01,2026-02-13 10:39:18,SUCCESS
DEL02774,D084,Warehouse-South,Zone-29,29.8,2025-12-18 13:07:59,2025-12-18 13:44:59,SUCCESS
DEL02775,D039,Warehouse-North,Zone-18,42.41,2025-10-17 08:46:39,2025-10-17 09:27:21,SUCCESS
DEL02776,D043,Warehouse-South,Zone-17,17.16,2025-12-15 17:30:05,2025-12-15 17:42:34,SUCCESS
DEL02777,D070,Warehouse-South,Zone-03,23.32,2025-11-25 03:11:59,2025-11-25 03:34:06,SUCCESS
DEL02778,D066,Warehouse-East,Zone-17,46.76,2026-01-16 03:30:30,2026-01-16 04:25:01,SUCCESS
DEL02779,D044,Warehouse-South,Zone-01,28.05,2026-02-25 00:05:29,2026-02-25 00:28:06,SUCCESS
DEL02780,D004,Hub-West,Zone-19,34.37,2026-03-22 21:11:19,2026-03-22 21:40:38,SUCCESS
DEL02781,D034,Warehouse-East,Zone-24,41.98,2025-11-16 20:43:29,2025-11-16 21:22:39,SUCCESS
DEL02782,D055,Warehouse-North,Zone-24,60.72,2026-01-07 02:45:00,2026-01-07 03:53:12,SUCCESS
DEL02783,D008,Warehouse-East,Zone-09,20.69,2026-03-13 10:03:47,2026-03-13 10:23:19,SUCCESS
DEL02784,D081,Warehouse-East,Zone-04,30.55,2026-01-07 13:07:06,2026-01-07 13:42:25,SUCCESS
DEL02785,D007,Warehouse-North,Zone-15,15.01,2026-02-24 21:49:29,2026-02-24 22:02:58,SUCCESS
DEL02786,D039,Warehouse-North,Zone-15,38.4,2026-01-20 03:44:30,2026-01-20 04:34:32,SUCCESS
DEL02787,D044,Hub-West,Zone-19,31.32,2025-11-15 20:17:35,2025-11-15 20:39:41,SUCCESS
DEL02788,D092,Hub-West,Zone-28,32.49,2026-03-23 15:55:16,2026-03-23 16:25:26,SUCCESS
DEL02789,D077,Warehouse-East,Zone-10,7.74,2025-11-15 09:45:48,2025-11-15 09:55:11,SUCCESS
DEL02790,D037,Hub-West,Zone-22,76.55,2026-02-07 12:05:00,2026-02-07 13:04:15,SUCCESS
DEL02791,D018,Hub-Central,Zone-17,5.92,2026-02-16 17:07:00,2026-02-16 17:13:50,SUCCESS
DEL02792,D095,Warehouse-North,Zone-11,25.73,2025-11-18 02:03:17,2025-11-18 02:27:29,SUCCESS
DEL02793,D067,Warehouse-South,Zone-27,48.67,2026-01-22 02:02:11,2026-01-22 02:44:30,SUCCESS
DEL02794,D100,Hub-Central,Zone-04,45.44,2025-12-10 03:37:43,2025-12-10 04:20:29,SUCCESS
DEL02795,D019,Hub-Central,Zone-27,21.38,2026-02-16 04:29:05,2026-02-16 04:53:20,SUCCESS
DEL02796,D053,Warehouse-North,Zone-02,10.53,2025-10-16 21:54:05,2025-10-16 22:03:09,SUCCESS
DEL02797,D055,Warehouse-South,Zone-16,33.33,2026-03-22 12:45:12,2026-03-22 13:12:17,SUCCESS
DEL02798,D028,Warehouse-North,Zone-12,23.94,2025-12-26 15:16:31,2025-12-26 15:48:48,SUCCESS
DEL02799,D087,Hub-Central,Zone-19,24.55,2026-01-11 04:31:43,2026-01-11 04:49:23,SUCCESS
DEL02800,D072,Hub-Central,Zone-28,28.84,2026-01-09 18:27:32,2026-01-09 18:50:48,FAILED
DEL02801,D034,Hub-Central,Zone-21,5.19,2026-01-22 11:03:10,2026-01-22 11:09:29,SUCCESS
DEL02802,D055,Hub-Central,Zone-24,30.48,2025-12-25 10:55:16,2025-12-25 11:20:41,SUCCESS
DEL02803,D054,Warehouse-South,Zone-05,6.42,2026-03-09 23:14:29,2026-03-09 23:23:13,SUCCESS
DEL02804,D065,Hub-Central,Zone-23,48.29,2025-10-25 16:26:26,2025-10-25 17:01:31,SUCCESS
DEL02805,D059,Hub-West,Zone-28,6.97,2025-10-26 02:58:43,2025-10-26 03:05:07,SUCCESS
DEL02806,D068,Warehouse-South,Zone-15,55.4,2025-10-23 22:11:27,2025-10-23 23:08:32,SUCCESS
DEL02807,D061,Warehouse-South,Zone-18,55.93,2025-10-07 07:57:41,2025-10-07 09:03:04,SUCCESS
DEL02808,D048,Warehouse-North,Zone-20,29.77,2026-03-28 23:25:15,2026-03-29 00:10:15,SUCCESS
DEL02809,D053,Warehouse-North,Zone-12,40.04,2025-10-22 10:12:13,2025-10-22 10:51:52,SUCCESS
DEL02810,D074,Warehouse-North,Zone-17,9.5,2025-11-26 05:35:23,2025-11-26 05:41:39,SUCCESS
DEL02811,D020,Warehouse-East,Zone-10,27.2,2025-10-23 20:43:06,2025-10-23 20:54:52,FAILED
DEL02812,D048,Warehouse-East,Zone-16,32.43,2025-11-28 21:17:39,2025-11-28 21:41:46,SUCCESS
DEL02813,D004,Warehouse-South,Zone-05,33.54,2026-03-03 15:16:35,2026-03-03 15:42:39,SUCCESS
DEL02814,D076,Warehouse-North,Zone-30,5.57,2025-12-21 21:31:47,2025-12-21 21:36:41,SUCCESS
DEL02815,D040,Warehouse-East,Zone-07,17.6,2026-03-22 15:18:24,2026-03-22 15:27:45,FAILED
DEL02816,D024,Hub-Central,Zone-01,47.38,2026-03-09 01:23:58,2026-03-09 02:05:44,SUCCESS
DEL02817,D016,Warehouse-East,Zone-03,28.91,2026-01-15 07:42:31,2026-01-15 08:02:33,SUCCESS
DEL02818,D006,Hub-Central,Zone-19,32.01,2025-12-21 02:02:28,2025-12-21 02:29:25,SUCCESS
DEL02819,D040,Hub-Central,Zone-29,17.29,2026-01-18 20:39:04,2026-01-18 20:51:44,FAILED
DEL02820,D044,Hub-Central,Zone-16,46.25,2026-03-01 17:21:06,2026-03-01 17:45:44,FAILED
DEL02821,D093,Hub-West,Zone-05,54.99,2026-03-11 21:14:47,2026-03-11 21:56:40,SUCCESS
DEL02822,D098,Hub-West,Zone-21,38.72,2025-10-27 21:33:38,2025-10-27 22:05:51,FAILED
DEL02823,D059,Hub-Central,Zone-22,26.3,2026-02-25 21:40:49,2026-02-25 22:05:08,SUCCESS
DEL02824,D058,Warehouse-East,Zone-03,,2025-10-29 22:18:33,2025-10-29 22:29:36,SUCCESS
DEL02825,D080,Hub-West,Zone-14,20.26,2026-02-07 00:48:18,2026-02-07 00:55:41,FAILED
DEL02826,D050,Hub-Central,Zone-11,23.42,2025-11-15 05:01:49,2025-11-15 05:30:49,SUCCESS
DEL02827,D070,Hub-Central,Zone-24,23.89,2025-10-09 21:32:07,2025-10-09 21:52:04,SUCCESS
DEL02828,D036,Warehouse-North,Zone-28,11.22,2026-02-03 10:11:21,2026-02-03 10:22:57,SUCCESS
DEL02829,D022,Warehouse-North,Zone-19,31.55,2026-02-15 07:49:51,2026-02-15 08:14:00,SUCCESS
DEL02830,D081,Warehouse-East,Zone-18,30.64,2026-03-04 14:22:07,2026-03-04 15:05:17,SUCCESS
DEL02831,D083,Hub-West,Zone-03,43.27,2025-10-25 00:51:50,2025-10-25 01:42:18,SUCCESS
DEL02832,D025,Hub-West,Zone-19,34.17,2026-01-29 03:22:11,2026-01-29 03:59:26,SUCCESS
DEL02833,D097,Hub-West,Zone-17,15.25,2025-10-11 06:24:44,2025-10-11 06:35:55,SUCCESS
DEL02834,D025,Hub-Central,Zone-17,7.82,2026-02-23 17:51:23,2026-02-23 17:57:51,FAILED
DEL02835,D003,Hub-West,Zone-06,61.55,2025-10-24 08:33:36,2025-10-24 09:02:44,FAILED
DEL02836,D003,Warehouse-South,Zone-08,69.35,2025-11-23 09:25:05,2025-11-23 10:41:08,SUCCESS
DEL02837,D091,Hub-West,Zone-15,53.79,2026-03-12 21:38:19,2026-03-12 22:29:24,SUCCESS
DEL02838,D011,Hub-West,Zone-20,8.81,2026-03-06 16:31:28,2026-03-06 16:44:17,SUCCESS
DEL02839,D042,Hub-West,Zone-02,19.48,2025-12-18 00:30:49,2025-12-18 00:49:11,SUCCESS
DEL02840,D063,Warehouse-North,Zone-11,30.47,2026-03-17 09:05:29,2026-03-17 09:50:27,SUCCESS
DEL02841,D056,Hub-Central,Zone-01,34.36,2025-11-05 01:13:41,2025-11-05 01:45:36,SUCCESS
DEL02842,D068,Hub-Central,Zone-09,40.71,2025-12-01 15:06:33,2025-12-01 15:54:34,SUCCESS
DEL02843,D012,Warehouse-North,Zone-18,48.78,2025-10-23 06:16:57,2025-10-23 06:57:32,FAILED
DEL02844,D022,Warehouse-South,Zone-06,33.34,2025-11-25 09:50:07,2025-11-25 10:01:32,FAILED
DEL02845,D033,Warehouse-North,Zone-05,19.86,2026-02-27 04:33:33,2026-02-27 04:53:36,SUCCESS
DEL02846,D040,Warehouse-South,Zone-02,48.76,2025-12-19 02:02:44,2025-12-19 03:13:00,SUCCESS
DEL02847,D079,Warehouse-South,Zone-01,28.98,2025-12-03 03:57:52,2025-12-03 04:06:50,FAILED
DEL02848,D092,Warehouse-East,Zone-13,8.55,2025-10-12 08:38:17,2025-10-12 08:45:39,SUCCESS
DEL02849,D013,Warehouse-South,Zone-14,45.82,2025-12-02 03:30:04,2025-12-02 04:02:31,SUCCESS
DEL02850,D042,Hub-Central,Zone-27,16.32,2025-11-20 02:03:39,2025-11-20 02:13:34,FAILED
DEL02851,D016,Warehouse-South,Zone-08,15.8,2025-10-11 01:46:10,2025-10-11 01:59:48,SUCCESS
DEL02852,D097,Hub-West,Zone-08,7.97,2026-01-24 22:14:35,2026-01-24 22:23:56,SUCCESS
DEL02853,D064,Hub-West,Zone-13,45.63,2026-01-07 18:20:48,2026-01-07 19:28:06,SUCCESS
DEL02854,D015,Warehouse-North,Zone-11,31.44,2025-11-22 06:58:15,2025-11-22 07:22:51,SUCCESS
DEL02855,D060,Hub-Central,Zone-03,8.86,2026-01-16 09:43:51,2026-01-16 09:52:03,SUCCESS
DEL02856,D062,Hub-Central,Zone-21,7.03,2025-10-06 14:42:49,2025-10-06 14:48:47,SUCCESS
DEL02857,D030,Warehouse-North,Zone-09,38.22,2026-03-27 10:18:51,2026-03-27 10:33:01,FAILED
DEL02858,D071,Warehouse-North,Zone-08,20.79,2026-01-22 19:45:45,2026-01-22 20:05:52,SUCCESS
DEL02859,D098,Warehouse-South,Zone-10,35.97,2026-01-16 17:07:26,2026-01-16 17:36:56,SUCCESS
DEL02860,D073,Hub-Central,Zone-03,22.69,2025-12-18 23:34:24,2025-12-18 23:45:32,FAILED
DEL02861,D082,Warehouse-South,Zone-26,31.88,2026-01-06 04:11:02,2026-01-06 04:51:09,SUCCESS
DEL02862,D019,Hub-West,Zone-06,22.96,2025-12-12 11:43:42,2025-12-12 11:57:19,FAILED
DEL02863,D032,Hub-Central,Zone-30,15.83,2026-01-13 09:05:51,2026-01-13 09:25:49,SUCCESS
DEL02864,D072,Warehouse-North,Zone-01,16.69,2025-12-27 17:16:13,2025-12-27 17:35:10,SUCCESS
DEL02865,D060,Hub-West,Zone-10,32.64,2026-03-11 01:09:09,2026-03-11 01:35:47,SUCCESS
DEL02866,D084,Warehouse-North,Zone-02,50.43,2025-11-02 12:03:18,2025-11-02 12:41:55,SUCCESS
DEL02867,D062,Hub-West,Zone-09,6.06,2025-11-23 01:41:02,2025-11-23 01:46:43,SUCCESS
DEL02868,D088,Warehouse-East,Zone-27,17.14,2025-12-13 19:38:37,2025-12-13 19:53:06,SUCCESS
DEL02869,D081,Hub-West,Zone-27,20.89,2025-11-11 07:30:22,2025-11-11 07:55:11,SUCCESS
DEL02870,D066,Warehouse-North,Zone-06,33.87,2025-11-24 15:00:20,2025-11-24 15:26:14,SUCCESS
DEL02871,D095,Hub-West,Zone-03,7.93,2026-01-12 17:02:11,2026-01-12 17:09:15,SUCCESS
DEL02872,D039,Hub-Central,Zone-23,41.2,2025-10-18 10:06:09,2025-10-18 10:37:15,SUCCESS
DEL02873,D016,Warehouse-South,Zone-24,9.43,2026-03-11 06:24:06,2026-03-11 06:33:43,SUCCESS
DEL02874,D072,Hub-Central,Zone-07,27.13,2025-11-24 06:22:12,2025-11-24 06:51:36,SUCCESS
DEL02875,D079,Warehouse-East,Zone-29,23.59,2026-01-07 00:37:58,2026-01-07 00:54:31,FAILED
DEL02876,D088,Warehouse-East,Zone-25,5.06,2025-12-06 12:47:45,2025-12-06 12:51:24,FAILED
DEL02877,D091,Warehouse-East,Zone-08,68.05,2025-12-27 21:49:09,2025-12-27 23:00:02,SUCCESS
DEL02878,D085,Warehouse-East,Zone-07,49.54,2025-12-02 10:56:34,2025-12-02 11:40:00,SUCCESS
DEL02879,D059,Warehouse-East,Zone-01,11.59,2026-01-25 09:56:10,2026-01-25 10:04:15,FAILED
DEL02880,D089,Warehouse-North,Zone-20,10.69,2025-10-26 23:12:25,2025-10-26 23:17:17,FAILED
DEL02881,D061,Warehouse-North,Zone-22,52.35,2025-10-01 19:56:33,2025-10-01 21:10:18,SUCCESS
DEL02882,D023,Hub-West,Zone-29,32.23,2025-12-20 05:28:45,2025-12-20 05:53:39,SUCCESS
DEL02883,D090,Hub-Central,Zone-25,66.99,2026-02-14 13:36:50,2026-02-14 14:26:11,SUCCESS
DEL02884,D051,Warehouse-North,Zone-26,38.9,2026-01-13 11:52:27,2026-01-13 12:28:40,SUCCESS
DEL02885,D084,Warehouse-North,Zone-18,25.53,2026-02-04 11:07:18,2026-02-04 11:38:17,SUCCESS
DEL02886,D004,Hub-Central,Zone-22,44.83,2026-03-23 07:41:16,2026-03-23 08:11:55,FAILED
DEL02887,D016,Hub-Central,Zone-27,51.91,2025-12-08 13:04:28,2025-12-08 13:54:32,SUCCESS
DEL02888,D077,Hub-Central,Zone-06,5.3,2025-12-09 12:14:28,2025-12-09 12:19:19,SUCCESS
DEL02889,D099,Warehouse-North,Zone-04,45.49,2026-03-07 15:35:13,2026-03-07 16:24:04,SUCCESS
DEL02890,D060,Warehouse-South,Zone-15,6.09,2025-12-11 22:33:53,2025-12-11 22:36:41,FAILED
DEL02891,D002,Warehouse-North,Zone-25,50.42,2025-11-13 00:21:41,2025-11-13 01:00:02,SUCCESS
DEL02892,D036,Warehouse-East,Zone-07,42.67,2026-02-10 03:36:47,2026-02-10 04:37:49,SUCCESS
DEL02893,D012,Hub-West,Zone-21,44.08,2026-03-08 12:08:39,2026-03-08 12:47:43,SUCCESS
DEL02894,D039,Warehouse-South,Zone-08,7.51,2026-03-06 23:29:04,2026-03-06 23:38:53,SUCCESS
DEL02895,D064,Warehouse-North,Zone-09,42.06,2025-12-10 11:41:55,2025-12-10 12:10:57,SUCCESS
DEL02896,D064,Hub-West,Zone-07,56.76,2026-03-25 15:18:39,2026-03-25 16:19:47,SUCCESS
DEL02897,D001,Hub-Central,Zone-04,17.68,2025-11-08 01:49:50,2025-11-08 02:05:36,SUCCESS
DEL02898,D036,Hub-West,Zone-16,43.02,2026-01-19 12:12:31,2026-01-19 12:41:55,SUCCESS
DEL02899,D022,Warehouse-South,Zone-22,11.08,2026-01-16 03:30:19,2026-01-16 03:38:45,SUCCESS
DEL02900,D095,Hub-West,Zone-19,20.5,2026-01-18 20:23:09,2026-01-18 20:45:58,SUCCESS
DEL02901,D023,Hub-West,Zone-05,33.01,2025-10-13 16:36:09,2025-10-13 17:17:17,SUCCESS
DEL02902,D096,Warehouse-South,Zone-09,54.23,2025-10-13 15:09:06,2025-10-13 16:05:13,SUCCESS
DEL02903,D073,Warehouse-South,Zone-29,46.29,2026-03-16 02:49:15,2026-03-16 03:36:51,SUCCESS
DEL02904,D067,Warehouse-East,Zone-07,20.74,2026-02-19 12:54:53,2026-02-19 13:10:47,SUCCESS
DEL02905,D087,Hub-West,Zone-20,10.08,2025-10-05 11:44:07,2025-10-05 11:51:25,SUCCESS
DEL02906,D033,Hub-West,Zone-29,23.15,2026-02-10 04:12:01,2026-02-10 04:18:50,FAILED
DEL02907,D059,Hub-Central,Zone-21,27.29,2025-10-01 09:06:38,2025-10-01 09:25:00,SUCCESS
DEL02908,D087,Warehouse-North,Zone-28,18.48,2026-02-04 05:21:34,2026-02-04 05:37:12,FAILED
DEL02909,D042,Hub-Central,Zone-09,24.88,2025-12-23 23:49:14,2025-12-24 00:25:15,SUCCESS
DEL02910,D016,Hub-West,Zone-15,20.61,2026-02-10 01:50:17,2026-02-10 02:12:25,SUCCESS
DEL02911,D064,Hub-West,Zone-25,39.0,2025-12-10 04:34:51,2025-12-10 04:52:26,FAILED
DEL02912,D006,Warehouse-South,Zone-02,47.03,2026-03-21 14:49:04,2026-03-21 15:40:38,SUCCESS
DEL02913,D036,Hub-Central,Zone-18,15.02,2026-03-28 08:00:52,2026-03-28 08:16:09,SUCCESS
DEL02914,D058,Warehouse-North,Zone-13,55.06,2025-12-01 09:47:39,2025-12-01 10:24:39,SUCCESS
DEL02915,D025,Warehouse-North,Zone-29,50.2,2025-12-04 23:50:31,2025-12-05 00:32:03,SUCCESS
DEL02916,D074,Warehouse-North,Zone-24,60.09,2026-03-06 20:01:42,2026-03-06 20:47:54,SUCCESS
DEL02917,D029,Hub-Central,Zone-03,24.27,2026-02-11 21:31:51,2026-02-11 21:40:30,FAILED
DEL02918,D032,Warehouse-South,Zone-11,30.91,2025-11-08 05:30:44,2025-11-08 06:09:18,SUCCESS
DEL02919,D040,Warehouse-North,Zone-01,31.82,2025-10-13 04:52:29,2025-10-13 05:13:38,SUCCESS
DEL02920,D062,Warehouse-North,Zone-19,17.27,2025-12-23 21:01:40,2025-12-23 21:19:48,SUCCESS
DEL02921,D081,Warehouse-East,Zone-08,43.49,2025-12-04 21:57:45,2025-12-04 22:55:10,SUCCESS
DEL02922,D014,Warehouse-South,Zone-11,16.76,2025-12-31 23:01:35,2025-12-31 23:23:08,SUCCESS
DEL02923,D007,Warehouse-East,Zone-17,65.07,2026-03-09 13:05:27,2026-03-09 14:06:54,SUCCESS
DEL02924,D031,Hub-West,Zone-20,57.36,2025-10-15 03:47:20,2025-10-15 04:09:48,FAILED
DEL02925,D057,Warehouse-North,Zone-21,24.56,2026-02-26 08:57:26,2026-02-26 09:27:08,SUCCESS
DEL02926,D058,Warehouse-North,Zone-03,6.04,2026-01-21 10:01:48,2026-01-21 10:06:56,SUCCESS
DEL02927,D008,Warehouse-North,Zone-13,69.5,2026-03-28 00:11:55,2026-03-28 01:03:01,SUCCESS
DEL02928,D041,Warehouse-North,Zone-26,16.76,2026-03-22 20:05:27,2026-03-22 20:18:31,SUCCESS
DEL02929,D017,Hub-Central,Zone-02,23.15,2025-10-13 00:57:04,2025-10-13 01:23:58,SUCCESS
DEL02930,D039,Hub-Central,Zone-03,10.8,2026-01-27 14:14:54,2026-01-27 14:22:40,SUCCESS
DEL02931,D014,Warehouse-North,Zone-18,5.75,2026-02-09 13:40:45,2026-02-09 13:47:31,SUCCESS
DEL02932,D007,Hub-Central,Zone-13,77.94,2025-11-27 06:24:42,2025-11-27 07:36:46,SUCCESS
DEL02933,D013,Hub-Central,Zone-08,13.92,2026-01-28 20:50:08,2026-01-28 20:57:04,FAILED
DEL02934,D077,Hub-West,Zone-01,11.44,2026-03-02 21:53:54,2026-03-02 22:07:47,SUCCESS
DEL02935,D059,Hub-Central,Zone-26,22.59,2025-12-14 13:11:49,2025-12-14 13:44:14,SUCCESS
DEL02936,D055,Hub-West,Zone-20,29.13,2026-03-20 20:48:32,2026-03-20 21:07:34,FAILED
DEL02937,D013,Warehouse-North,Zone-15,11.44,2025-12-05 22:43:38,2025-12-05 22:56:43,SUCCESS
DEL02938,D067,Hub-West,Zone-07,15.07,2025-12-03 17:29:36,2025-12-03 17:40:00,SUCCESS
DEL02939,D014,Warehouse-North,Zone-20,26.58,2025-10-20 22:34:06,2025-10-20 23:06:01,SUCCESS
DEL02940,D092,Hub-West,Zone-26,38.09,2025-10-14 02:46:48,2025-10-14 03:11:26,FAILED
DEL02941,D025,Hub-West,Zone-05,29.41,2026-03-25 14:40:10,2026-03-25 15:11:01,SUCCESS
DEL02942,D082,Warehouse-East,Zone-12,10.24,2026-01-07 19:38:11,2026-01-07 19:45:27,SUCCESS
DEL02943,D054,Hub-West,Zone-15,42.21,2026-01-02 11:29:00,2026-01-02 12:21:33,SUCCESS
DEL02944,D024,Warehouse-South,Zone-26,9.64,2025-11-17 05:10:21,2025-11-17 05:19:00,SUCCESS
DEL02945,D006,Warehouse-South,Zone-10,15.28,2025-10-12 17:54:33,2025-10-12 18:13:13,SUCCESS
DEL02946,D075,Hub-West,Zone-21,20.92,2025-12-24 15:11:58,2025-12-24 15:28:29,SUCCESS
DEL02947,D097,Warehouse-East,Zone-19,8.39,2025-12-09 11:12:22,2025-12-09 11:18:07,SUCCESS
DEL02948,D070,Warehouse-South,Zone-05,8.77,2026-02-28 14:04:18,2026-02-28 14:10:25,SUCCESS
DEL02949,D061,Hub-West,Zone-11,19.19,2025-11-29 22:31:37,2025-11-29 22:47:34,SUCCESS
DEL02950,D038,Warehouse-North,Zone-17,13.13,2025-12-11 14:52:20,2025-12-11 15:02:35,SUCCESS
DEL02951,D076,Warehouse-South,Zone-02,20.21,2026-02-05 16:59:45,2026-02-05 17:30:14,SUCCESS
DEL02952,D031,Hub-West,Zone-28,72.08,2026-01-07 11:17:38,2026-01-07 12:16:52,SUCCESS
DEL02953,D007,Warehouse-East,Zone-07,62.55,2025-12-21 22:56:50,2025-12-22 00:13:50,SUCCESS
DEL02954,D026,Warehouse-South,Zone-26,27.07,2026-02-02 09:12:06,2026-02-02 09:50:33,SUCCESS
DEL02955,D009,Warehouse-South,Zone-22,7.67,2025-12-06 07:44:50,2025-12-06 07:48:40,FAILED
DEL02956,D061,Hub-Central,Zone-20,29.48,2026-02-12 21:55:00,2026-02-12 22:21:59,FAILED
DEL02957,D089,Hub-West,Zone-19,33.94,2025-12-04 07:14:58,2025-12-04 07:29:28,FAILED
DEL02958,D043,Warehouse-East,Zone-14,29.72,2026-01-28 15:14:55,2026-01-28 15:46:01,SUCCESS
DEL02959,D043,Warehouse-North,Zone-15,12.7,2025-11-01 12:16:46,2025-11-01 12:35:29,SUCCESS
DEL02960,D006,Warehouse-South,Zone-30,44.18,2026-01-05 07:12:16,2026-01-05 07:48:33,SUCCESS
DEL02961,D001,Warehouse-South,Zone-23,43.86,2026-02-02 00:52:12,2026-02-02 01:27:51,SUCCESS
DEL02962,D030,Hub-West,Zone-07,29.26,2025-12-30 14:13:07,2025-12-30 14:38:55,SUCCESS
DEL02963,D031,Warehouse-East,Zone-26,44.52,2026-01-02 08:26:22,2026-01-02 09:05:02,SUCCESS
DEL02964,D095,Warehouse-South,Zone-13,28.79,2025-12-12 23:52:33,2025-12-13 00:08:06,FAILED
DEL02965,D024,Warehouse-North,Zone-12,37.89,2026-03-10 09:49:55,2026-03-10 10:33:17,SUCCESS
DEL02966,D002,Warehouse-East,Zone-01,14.26,2025-10-15 07:36:43,2025-10-15 07:51:30,SUCCESS
DEL02967,D072,Warehouse-South,Zone-10,26.69,2025-10-23 08:49:15,2025-10-23 09:28:05,SUCCESS
DEL02968,D057,Hub-West,Zone-30,16.36,2025-11-07 17:59:08,2025-11-07 18:08:56,FAILED
DEL02969,D098,Warehouse-North,Zone-01,32.32,2025-12-09 21:17:55,2025-12-09 21:33:19,FAILED
DEL02970,D026,Warehouse-East,Zone-06,57.98,2025-11-08 09:55:52,2025-11-08 11:07:03,SUCCESS
DEL02971,D029,Warehouse-East,Zone-24,11.79,2026-03-21 22:10:48,2026-03-21 22:25:11,SUCCESS
DEL02972,D023,Hub-West,Zone-08,14.43,2025-12-05 23:39:51,2025-12-05 23:49:51,SUCCESS
DEL02973,D023,Warehouse-North,Zone-06,9.55,2025-11-08 01:22:05,2025-11-08 01:28:56,SUCCESS
DEL02974,D034,Warehouse-North,Zone-01,37.31,2026-03-26 19:55:54,2026-03-26 20:31:17,SUCCESS
DEL02975,D087,Hub-Central,Zone-21,35.88,2025-10-27 15:36:04,2025-10-27 16:03:37,SUCCESS
DEL02976,D015,Warehouse-South,Zone-10,22.65,2025-12-05 16:58:49,2025-12-05 17:17:37,SUCCESS
DEL02977,D059,Warehouse-East,Zone-26,27.86,2025-11-16 15:10:47,2025-11-16 15:40:43,SUCCESS
DEL02978,D048,Warehouse-South,Zone-17,9.39,2026-02-06 08:03:28,2026-02-06 08:10:00,SUCCESS
DEL02979,D080,Hub-Central,Zone-29,22.66,2026-03-21 04:51:03,2026-03-21 05:23:53,SUCCESS
DEL02980,D092,Warehouse-North,Zone-05,6.43,2025-10-13 16:40:52,2025-10-13 16:48:02,SUCCESS
DEL02981,D017,Warehouse-South,Zone-07,8.07,2026-03-04 08:29:37,2026-03-04 08:41:15,SUCCESS
DEL02982,D069,Warehouse-East,Zone-11,23.74,2025-12-13 10:31:08,2025-12-13 10:51:57,SUCCESS
DEL02983,D077,Warehouse-South,Zone-30,28.9,2025-12-23 09:48:08,2025-12-23 10:13:34,SUCCESS
DEL02984,D006,Hub-West,Zone-19,9.17,2026-02-26 04:13:17,2026-02-26 04:20:01,SUCCESS
DEL02985,D025,Hub-West,Zone-10,17.5,2026-03-15 21:57:27,2026-03-15 22:10:52,SUCCESS
DEL02986,D020,Warehouse-South,Zone-02,9.28,2025-12-03 15:06:08,2025-12-03 15:18:55,SUCCESS
DEL02987,D081,Warehouse-East,Zone-28,48.04,2026-03-04 11:49:13,2026-03-04 12:29:31,SUCCESS
DEL02988,D017,Hub-West,Zone-19,8.04,2026-03-15 08:17:23,2026-03-15 08:25:23,SUCCESS
DEL02989,D063,Warehouse-North,Zone-26,53.27,2025-11-10 15:07:03,2025-11-10 16:00:00,SUCCESS
DEL02990,D061,Hub-West,Zone-03,42.18,2026-03-03 14:18:51,2026-03-03 15:23:13,SUCCESS
DEL02991,D022,Hub-Central,Zone-25,59.46,2026-01-07 18:18:43,2026-01-07 19:06:24,SUCCESS
DEL02992,D083,Hub-West,Zone-12,56.08,2026-02-23 20:32:55,2026-02-23 21:46:12,SUCCESS
DEL02993,D064,Hub-Central,Zone-06,22.28,2026-01-09 18:12:49,2026-01-09 18:28:59,SUCCESS
DEL02994,D042,Warehouse-East,Zone-17,10.2,2026-02-16 08:25:46,2026-02-16 08:33:27,SUCCESS
DEL02995,D089,Hub-Central,Zone-16,24.65,2026-01-02 20:19:39,2026-01-02 20:39:57,SUCCESS
DEL02996,D035,Hub-Central,Zone-21,52.0,2026-01-21 20:31:34,2026-01-21 21:46:10,SUCCESS
DEL02997,D075,Warehouse-North,Zone-07,43.49,2026-02-04 03:59:42,2026-02-04 04:51:22,SUCCESS
DEL02998,D029,Warehouse-South,Zone-15,7.13,2026-03-23 18:27:52,2026-03-23 18:30:18,FAILED
DEL02999,D031,Warehouse-South,Zone-10,5.8,2025-12-16 21:01:39,2025-12-16 21:06:48,SUCCESS
DEL03000,D055,Hub-Central,Zone-19,39.49,2026-03-22 13:41:01,2026-03-22 14:15:10,SUCCESS
DEL03001,D021,Warehouse-East,Zone-09,18.11,2026-03-13 14:00:56,2026-03-13 14:14:51,SUCCESS
DEL03002,D071,Warehouse-South,Zone-25,31.07,2025-10-17 11:00:18,2025-10-17 11:15:58,FAILED
DEL03003,D011,Hub-Central,Zone-17,7.68,2025-11-27 07:01:24,2025-11-27 07:06:36,SUCCESS
DEL03004,D046,Hub-West,Zone-02,47.21,2025-11-14 16:42:18,2025-11-14 17:24:19,SUCCESS
DEL03005,D060,Hub-West,Zone-11,15.18,2026-01-08 11:18:51,2026-01-08 11:29:12,SUCCESS
DEL03006,D055,Hub-Central,Zone-14,28.66,2025-12-27 14:31:01,2025-12-27 14:58:03,SUCCESS
DEL03007,D053,Hub-Central,Zone-11,12.16,2025-12-11 08:43:47,2025-12-11 09:02:30,SUCCESS
DEL03008,D035,Warehouse-North,Zone-06,47.64,2025-12-14 05:58:39,2025-12-14 06:54:08,SUCCESS
DEL03009,D057,Warehouse-East,Zone-21,26.97,2025-11-15 09:32:32,2025-11-15 10:00:51,SUCCESS
DEL03010,D010,Warehouse-North,Zone-10,15.5,2025-12-09 17:29:39,2025-12-09 17:35:49,FAILED
DEL03011,D065,Hub-West,Zone-21,5.39,2026-01-08 13:46:45,2026-01-08 13:53:53,SUCCESS
DEL03012,D011,Warehouse-East,Zone-30,8.48,2026-03-02 14:26:06,2026-03-02 14:38:16,SUCCESS
DEL03013,D030,Warehouse-North,Zone-03,47.12,2025-10-20 02:37:10,2025-10-20 03:17:37,SUCCESS
DEL03014,D047,Hub-West,Zone-07,41.17,2025-10-08 10:24:15,2025-10-08 11:20:21,SUCCESS
DEL03015,D043,Warehouse-East,Zone-09,32.25,2025-11-08 04:26:17,2025-11-08 04:58:44,SUCCESS
DEL03016,D039,Warehouse-East,Zone-07,21.54,2026-02-22 16:56:11,2026-02-22 17:12:04,SUCCESS
DEL03017,D091,Warehouse-South,Zone-28,62.73,2026-01-26 07:00:09,2026-01-26 08:26:31,SUCCESS
DEL03018,D097,Hub-West,Zone-30,24.32,2026-02-17 01:39:56,2026-02-17 01:56:25,SUCCESS
DEL03019,D034,Warehouse-East,Zone-10,21.32,2025-10-02 15:46:14,2025-10-02 16:03:44,SUCCESS
DEL03020,D045,Hub-Central,Zone-13,15.92,2026-03-02 01:38:31,2026-03-02 01:49:00,SUCCESS
DEL03021,D075,Warehouse-North,Zone-16,52.65,2026-02-25 03:37:56,2026-02-25 04:09:59,FAILED
DEL03022,D084,Warehouse-South,Zone-28,12.69,2026-01-08 13:06:28,2026-01-08 13:15:18,SUCCESS
DEL03023,D051,Warehouse-South,Zone-24,10.0,2025-11-14 04:35:33,2025-11-14 04:47:45,SUCCESS
DEL03024,D096,Hub-Central,Zone-08,11.42,2025-11-10 18:05:18,2025-11-10 18:19:27,SUCCESS
DEL03025,D067,Hub-West,Zone-25,8.76,2026-01-22 23:38:06,2026-01-22 23:45:09,SUCCESS
DEL03026,D060,Hub-Central,Zone-11,37.06,2026-02-18 07:08:32,2026-02-18 07:36:35,SUCCESS
DEL03027,D011,Warehouse-South,Zone-14,17.18,2025-11-30 19:02:04,2025-11-30 19:09:32,FAILED
DEL03028,D099,Hub-Central,Zone-07,28.01,2026-02-13 12:38:31,2026-02-13 12:59:10,SUCCESS
DEL03029,D057,Hub-West,Zone-01,26.52,2025-12-27 09:01:16,2025-12-27 09:21:05,SUCCESS
DEL03030,D048,Hub-West,Zone-28,44.15,2025-10-27 23:33:17,2025-10-28 00:24:54,SUCCESS
DEL03031,D017,Warehouse-North,Zone-16,8.0,2025-11-29 08:04:06,2025-11-29 08:11:50,SUCCESS
DEL03032,D085,Warehouse-East,Zone-11,54.23,2026-03-12 00:06:52,2026-03-12 01:07:32,SUCCESS
DEL03033,D029,Hub-Central,Zone-22,25.71,2025-12-21 09:22:05,2025-12-21 09:30:22,FAILED
DEL03034,D097,Hub-West,Zone-10,20.69,2025-12-18 07:50:04,2025-12-18 08:04:56,SUCCESS
DEL03035,D042,Warehouse-North,Zone-19,13.6,2026-01-22 23:24:32,2026-01-22 23:36:39,SUCCESS
DEL03036,D005,Warehouse-South,Zone-05,18.15,2026-03-29 01:30:12,2026-03-29 01:44:31,SUCCESS
DEL03037,D043,Hub-West,Zone-30,29.49,2026-01-19 07:57:41,2026-01-19 08:20:11,SUCCESS
DEL03038,D078,Hub-Central,Zone-13,16.38,2026-01-20 10:28:07,2026-01-20 10:39:54,SUCCESS
DEL03039,D027,Warehouse-North,Zone-18,32.06,2025-12-15 20:29:47,2025-12-15 20:43:24,FAILED
DEL03040,D050,Hub-Central,Zone-04,10.1,2025-11-06 13:43:18,2025-11-06 13:51:10,SUCCESS
DEL03041,D043,Hub-Central,Zone-21,5.41,2026-01-19 14:07:56,2026-01-19 14:13:32,SUCCESS
DEL03042,D039,Warehouse-South,Zone-04,15.07,2025-10-19 02:32:12,2025-10-19 02:37:25,FAILED
DEL03043,D087,Warehouse-South,Zone-02,23.41,2026-01-16 08:43:56,2026-01-16 09:03:19,SUCCESS
DEL03044,D089,Hub-Central,Zone-01,15.84,2026-01-26 03:52:46,2026-01-26 03:58:26,FAILED
DEL03045,D024,Warehouse-North,Zone-30,47.59,2025-11-08 15:24:04,2025-11-08 16:03:51,SUCCESS
DEL03046,D050,Warehouse-South,Zone-08,28.85,2025-11-25 02:41:09,2025-11-25 03:12:51,SUCCESS
DEL03047,D038,Hub-West,Zone-03,34.19,2026-02-06 01:49:06,2026-02-06 02:22:26,SUCCESS
DEL03048,D059,Warehouse-East,Zone-17,21.77,2025-10-12 03:45:04,2025-10-12 04:08:28,SUCCESS
DEL03049,D002,Warehouse-East,Zone-28,15.41,2025-11-03 08:45:57,2025-11-03 08:59:09,SUCCESS
DEL03050,D053,Warehouse-South,Zone-04,27.34,2025-12-15 22:40:57,2025-12-15 23:07:43,SUCCESS
DEL03051,D017,Hub-Central,Zone-16,23.25,2026-01-13 04:03:08,2026-01-13 04:24:26,SUCCESS
DEL03052,D096,Hub-Central,Zone-29,26.65,2025-10-14 08:27:31,2025-10-14 08:58:42,SUCCESS
DEL03053,D027,Warehouse-South,Zone-10,77.33,2025-10-26 05:31:41,2025-10-26 06:48:55,SUCCESS
DEL03054,D056,Hub-Central,Zone-06,30.49,2026-03-08 19:40:19,2026-03-08 20:09:33,SUCCESS
DEL03055,D078,Warehouse-East,Zone-19,25.34,2026-01-20 16:07:12,2026-01-20 16:29:43,SUCCESS
DEL03056,D026,Hub-Central,Zone-09,7.74,2026-01-06 13:42:11,2026-01-06 13:49:22,SUCCESS
DEL03057,D026,Warehouse-South,Zone-15,34.06,2025-10-02 10:41:17,2025-10-02 11:20:57,SUCCESS
DEL03058,D009,Hub-Central,Zone-20,60.89,2026-03-10 02:50:00,2026-03-10 03:45:19,SUCCESS
DEL03059,D032,Warehouse-East,Zone-30,40.47,2026-01-11 02:40:08,2026-01-11 03:42:14,SUCCESS
DEL03060,D073,Hub-Central,Zone-15,34.96,2026-03-20 17:33:09,2026-03-20 18:02:00,SUCCESS
DEL03061,D060,Warehouse-North,Zone-24,29.24,2026-01-20 20:58:23,2026-01-20 21:27:31,SUCCESS
DEL03062,D012,Hub-Central,Zone-12,75.99,2025-11-25 21:45:58,2025-11-25 22:44:04,SUCCESS
DEL03063,D090,Warehouse-East,Zone-13,5.05,2026-03-13 14:59:04,2026-03-13 15:01:48,FAILED
DEL03064,D079,Warehouse-South,Zone-14,12.74,2026-03-09 21:27:36,2026-03-09 21:36:16,SUCCESS
DEL03065,D032,Hub-West,Zone-24,7.63,2025-11-04 20:53:40,2025-11-04 21:02:31,SUCCESS
DEL03066,D056,Hub-Central,Zone-30,8.1,2025-12-28 21:38:01,2025-12-28 21:42:04,FAILED
DEL03067,D085,Hub-West,Zone-04,29.56,2025-11-05 14:54:44,2025-11-05 15:36:01,SUCCESS
DEL03068,D051,Warehouse-North,Zone-08,32.7,2026-02-13 15:55:13,2026-02-13 16:23:29,SUCCESS
DEL03069,D021,Hub-West,Zone-10,34.1,2025-11-23 03:53:23,2025-11-23 04:28:31,SUCCESS
DEL03070,D086,Warehouse-North,Zone-23,39.37,2026-03-27 22:15:01,2026-03-27 22:49:20,SUCCESS
DEL03071,D093,Warehouse-South,Zone-30,60.88,2026-02-18 06:40:18,2026-02-18 08:04:23,SUCCESS
DEL03072,D064,Hub-West,Zone-04,47.32,2025-12-19 20:41:42,2025-12-19 21:16:22,SUCCESS
DEL03073,D048,Warehouse-North,Zone-17,24.46,2025-10-15 20:40:21,2025-10-15 21:02:05,SUCCESS
DEL03074,D099,Warehouse-East,Zone-14,23.77,2026-03-01 08:46:58,2026-03-01 08:57:46,FAILED
DEL03075,D058,Warehouse-East,Zone-07,42.3,2025-11-02 00:12:21,2025-11-02 00:28:38,FAILED
DEL03076,D065,Hub-Central,Zone-01,20.8,2025-10-09 16:00:53,2025-10-09 16:22:55,SUCCESS
DEL03077,D010,Hub-Central,Zone-13,48.08,2026-02-02 01:20:03,2026-02-02 02:19:53,SUCCESS
DEL03078,D044,Hub-Central,Zone-28,47.44,2026-02-22 20:24:49,2026-02-22 21:34:13,SUCCESS
DEL03079,D025,Warehouse-North,Zone-01,,2025-12-17 00:38:10,2025-12-17 00:59:27,SUCCESS
DEL03080,D033,Warehouse-South,Zone-11,40.13,2025-10-23 06:27:36,2025-10-23 07:07:45,SUCCESS
DEL03081,D086,Hub-Central,Zone-16,47.43,2026-02-23 09:04:59,2026-02-23 09:37:20,SUCCESS
DEL03082,D060,Warehouse-North,Zone-18,47.26,2025-10-14 06:00:29,2025-10-14 06:38:46,SUCCESS
DEL03083,D085,Hub-Central,Zone-05,37.53,2025-11-17 01:10:12,2025-11-17 01:39:10,SUCCESS
DEL03084,D061,Warehouse-East,Zone-27,54.15,2026-03-09 07:27:55,2026-03-09 08:05:10,SUCCESS
DEL03085,D021,Warehouse-North,Zone-20,37.21,2025-11-03 03:00:10,2025-11-03 03:35:49,SUCCESS
DEL03086,D013,Warehouse-East,Zone-04,23.95,2025-11-04 09:58:56,2025-11-04 10:10:15,FAILED
DEL03087,D069,Hub-Central,Zone-06,28.71,2026-02-21 23:23:27,2026-02-21 23:44:35,SUCCESS
DEL03088,D010,Warehouse-North,Zone-22,10.06,2026-02-08 08:54:51,2026-02-08 09:02:48,SUCCESS
DEL03089,D035,Hub-Central,Zone-12,32.74,2025-10-30 19:20:43,2025-10-30 19:30:41,FAILED
DEL03090,D023,Warehouse-North,Zone-29,37.42,2025-11-12 01:46:00,2025-11-12 02:38:08,SUCCESS
DEL03091,D087,Warehouse-South,Zone-15,7.75,2026-01-12 08:41:32,2026-01-12 08:50:30,SUCCESS
DEL03092,D090,Hub-West,Zone-21,7.37,2025-10-10 06:33:33,2025-10-10 06:38:24,FAILED
DEL03093,D085,Warehouse-North,Zone-13,5.86,2026-02-17 02:42:52,2026-02-17 02:50:41,SUCCESS
DEL03094,D089,Hub-Central,Zone-02,16.64,2025-11-29 20:53:42,2025-11-29 21:07:17,SUCCESS
DEL03095,D077,Warehouse-North,Zone-25,22.96,2025-10-01 21:44:38,2025-10-01 22:02:40,FAILED
DEL03096,D049,Warehouse-South,Zone-30,56.0,2026-02-26 23:00:41,2026-02-26 23:55:59,SUCCESS
DEL03097,D032,Warehouse-South,Zone-07,25.87,2025-12-12 17:58:15,2025-12-12 18:21:28,SUCCESS
DEL03098,D012,Hub-Central,Zone-01,84.47,2025-10-04 02:44:40,2025-10-04 03:54:15,SUCCESS
DEL03099,D002,Warehouse-South,Zone-22,5.26,2025-12-05 11:04:38,2025-12-05 11:07:11,FAILED
DEL03100,D086,Warehouse-South,Zone-29,28.66,2025-10-13 06:24:01,2025-10-13 06:48:12,SUCCESS
DEL03101,D013,Warehouse-South,Zone-24,63.19,2026-03-04 17:56:08,2026-03-04 19:11:52,SUCCESS
DEL03102,D022,Hub-Central,Zone-17,13.87,2025-10-09 13:06:47,2025-10-09 13:21:21,SUCCESS
DEL03103,D014,Warehouse-East,Zone-11,55.31,2026-03-08 09:05:05,2026-03-08 10:13:58,SUCCESS
DEL03104,D072,Warehouse-South,Zone-20,33.81,2026-01-30 17:02:11,2026-01-30 17:28:40,SUCCESS
DEL03105,D027,Hub-Central,Zone-14,76.5,2026-01-14 04:31:02,2026-01-14 05:36:11,SUCCESS
DEL03106,D016,Warehouse-South,Zone-04,41.1,2025-11-15 03:06:01,2025-11-15 03:38:16,SUCCESS
DEL03107,D046,Warehouse-South,Zone-01,27.68,2025-12-02 19:00:11,2025-12-02 19:24:52,SUCCESS
DEL03108,D052,Warehouse-East,Zone-01,,2026-02-04 23:49:37,2026-02-05 00:31:02,SUCCESS
DEL03109,D050,Hub-Central,Zone-08,27.58,2025-11-11 07:34:13,2025-11-11 07:54:18,SUCCESS
DEL03110,D009,Warehouse-East,Zone-21,21.57,2026-02-05 18:19:25,2026-02-05 18:37:19,SUCCESS
DEL03111,D080,Warehouse-North,Zone-03,26.12,2025-12-11 15:34:16,2025-12-11 15:52:35,SUCCESS
DEL03112,D028,Warehouse-East,Zone-25,45.81,2025-12-19 19:51:00,2025-12-19 20:11:27,FAILED
DEL03113,D077,Warehouse-North,Zone-23,41.67,2026-01-06 00:11:34,2026-01-06 01:03:39,SUCCESS
DEL03114,D069,Hub-West,Zone-06,29.78,2026-03-03 15:32:16,2026-03-03 16:08:12,SUCCESS
DEL03115,D033,Hub-West,Zone-11,28.49,2025-10-19 09:32:30,2025-10-19 09:56:07,SUCCESS
DEL03116,D081,Hub-Central,Zone-22,50.43,2026-02-13 05:03:53,2026-02-13 06:05:42,SUCCESS
DEL03117,D099,Warehouse-South,Zone-11,25.49,2026-02-12 16:58:22,2026-02-12 17:18:33,SUCCESS
DEL03118,D023,Warehouse-East,Zone-28,7.86,2026-02-01 08:57:42,2026-02-01 09:07:25,SUCCESS
DEL03119,D086,Warehouse-North,Zone-11,13.42,2026-01-02 14:53:25,2026-01-02 15:00:06,FAILED
DEL03120,D003,Hub-West,Zone-15,33.64,2026-01-27 03:58:14,2026-01-27 04:26:27,SUCCESS
DEL03121,D049,Warehouse-South,Zone-17,54.91,2026-01-08 05:33:15,2026-01-08 06:21:26,FAILED
DEL03122,D076,Warehouse-North,Zone-08,62.86,2026-02-14 19:48:35,2026-02-14 20:48:14,SUCCESS
DEL03123,D003,Warehouse-North,Zone-10,7.49,2026-01-28 16:23:34,2026-01-28 16:33:07,SUCCESS
DEL03124,D031,Hub-Central,Zone-25,12.98,2026-02-21 06:55:30,2026-02-21 07:05:47,FAILED
DEL03125,D032,Warehouse-North,Zone-02,17.79,2026-01-29 08:19:11,2026-01-29 08:30:41,SUCCESS
DEL03126,D018,Hub-Central,Zone-10,56.58,2025-12-12 17:24:23,2025-12-12 18:05:20,SUCCESS
DEL03127,D026,Hub-Central,Zone-07,34.3,2025-10-30 10:50:10,2025-10-30 11:16:15,SUCCESS
DEL03128,D083,Warehouse-South,Zone-30,29.51,2025-10-08 08:39:29,2025-10-08 09:05:48,FAILED
DEL03129,D093,Hub-Central,Zone-24,44.66,2026-01-25 03:13:56,2026-01-25 03:53:33,SUCCESS
DEL03130,D043,Warehouse-East,Zone-11,13.8,2025-10-27 01:43:46,2025-10-27 01:57:36,SUCCESS
DEL03131,D083,Warehouse-North,Zone-17,51.35,2026-03-02 19:33:00,2026-03-02 20:10:16,SUCCESS
DEL03132,D054,Warehouse-East,Zone-25,7.23,2026-02-03 20:06:54,2026-02-03 20:14:38,SUCCESS
DEL03133,D004,Warehouse-East,Zone-11,39.28,2025-11-14 11:15:50,2025-11-14 11:49:07,SUCCESS
DEL03134,D032,Hub-West,Zone-02,30.47,2025-11-09 23:10:43,2025-11-09 23:32:15,SUCCESS
DEL03135,D086,Warehouse-South,Zone-20,25.55,2025-11-18 05:20:21,2025-11-18 05:53:41,SUCCESS
DEL03136,D049,Warehouse-East,Zone-06,47.79,2026-01-10 06:14:07,2026-01-10 06:53:41,SUCCESS
DEL03137,D057,Warehouse-North,Zone-03,14.07,2026-01-31 06:59:57,2026-01-31 07:10:04,SUCCESS
DEL03138,D063,Warehouse-South,Zone-02,18.01,2025-10-14 14:09:12,2025-10-14 14:32:35,SUCCESS
DEL03139,D082,Warehouse-South,Zone-05,21.43,2025-10-28 11:35:13,2025-10-28 11:49:30,SUCCESS
DEL03140,D012,Hub-West,Zone-18,59.13,2025-11-03 17:23:16,2025-11-03 18:36:57,SUCCESS
DEL03141,D027,Hub-West,Zone-03,79.76,2025-11-15 21:17:06,2025-11-15 22:50:41,SUCCESS
DEL03142,D055,Hub-Central,Zone-10,69.84,2026-02-18 18:41:38,2026-02-18 20:10:27,SUCCESS
DEL03143,D022,Warehouse-South,Zone-08,55.56,2026-02-18 03:14:36,2026-02-18 04:13:37,SUCCESS
DEL03144,D055,Hub-West,Zone-08,29.43,2025-11-04 06:14:56,2025-11-04 06:49:57,SUCCESS
DEL03145,D039,Hub-West,Zone-15,12.6,2025-11-25 09:50:27,2025-11-25 10:07:47,SUCCESS
DEL03146,D082,Warehouse-East,Zone-28,36.88,2025-11-09 02:35:48,2025-11-09 03:07:34,SUCCESS
DEL03147,D062,Warehouse-East,Zone-13,9.78,2025-10-16 12:54:05,2025-10-16 13:00:38,SUCCESS
DEL03148,D049,Hub-Central,Zone-15,50.44,2025-11-02 13:50:47,2025-11-02 14:34:50,SUCCESS
DEL03149,D055,Hub-West,Zone-24,,2026-01-07 02:50:02,2026-01-07 04:02:14,SUCCESS
DEL03150,D056,Warehouse-South,Zone-27,18.44,2026-02-25 15:22:07,2026-02-25 15:39:27,SUCCESS
DEL03151,D062,Hub-Central,Zone-14,23.68,2025-10-04 20:19:34,2025-10-04 20:32:00,FAILED
DEL03152,D011,Warehouse-East,Zone-20,24.32,2026-02-25 08:32:09,2026-02-25 08:48:50,SUCCESS
DEL03153,D069,Hub-West,Zone-24,30.16,2025-10-30 16:05:36,2025-10-30 16:44:00,SUCCESS
DEL03154,D023,Hub-Central,Zone-15,32.53,2025-11-19 23:03:58,2025-11-19 23:29:44,SUCCESS
DEL03155,D040,Warehouse-East,Zone-13,11.73,2025-12-28 01:56:37,2025-12-28 02:01:51,FAILED
DEL03156,D072,Hub-Central,Zone-03,41.14,2026-01-26 16:16:58,2026-01-26 16:34:04,FAILED
DEL03157,D043,Hub-Central,Zone-07,18.84,2025-10-27 12:51:53,2025-10-27 13:11:51,FAILED
DEL03158,D020,Warehouse-South,Zone-01,9.61,2026-03-27 21:29:03,2026-03-27 21:36:51,SUCCESS
DEL03159,D002,Hub-West,Zone-24,55.35,2026-03-17 07:36:14,2026-03-17 08:32:58,SUCCESS
DEL03160,D093,Hub-Central,Zone-13,33.25,2025-12-12 16:10:04,2025-12-12 16:33:28,SUCCESS
DEL03161,D054,Warehouse-East,Zone-13,35.7,2025-12-16 15:12:03,2025-12-16 15:57:51,SUCCESS
DEL03162,D063,Hub-West,Zone-03,53.17,2025-11-29 18:30:08,2025-11-29 18:49:13,FAILED
DEL03163,D053,Warehouse-North,Zone-30,23.35,2026-03-21 20:23:49,2026-03-21 20:48:43,SUCCESS
DEL03164,D016,Hub-West,Zone-06,26.79,2025-12-14 17:25:09,2025-12-14 18:03:32,SUCCESS
DEL03165,D025,Hub-Central,Zone-09,29.04,2026-02-26 03:36:31,2026-02-26 04:16:10,SUCCESS
DEL03166,D099,Warehouse-East,Zone-17,14.11,2026-03-27 07:17:20,2026-03-27 07:38:04,SUCCESS
DEL03167,D091,Warehouse-East,Zone-23,63.93,2026-01-03 21:08:34,2026-01-03 21:58:54,SUCCESS
DEL03168,D008,Hub-Central,Zone-30,67.2,2026-02-04 09:26:36,2026-02-04 10:51:38,SUCCESS
DEL03169,D055,Warehouse-South,Zone-08,50.24,2026-02-20 20:26:37,2026-02-20 20:40:27,FAILED
DEL03170,D062,Warehouse-East,Zone-21,24.16,2025-10-07 16:49:00,2025-10-07 17:05:28,SUCCESS
DEL03171,D091,Warehouse-North,Zone-23,33.43,2026-02-09 08:22:18,2026-02-09 08:53:14,SUCCESS
DEL03172,D086,Warehouse-South,Zone-09,41.24,2026-02-03 07:28:20,2026-02-03 08:03:12,SUCCESS
DEL03173,D078,Warehouse-South,Zone-09,15.76,2025-12-28 10:38:51,2025-12-28 10:50:02,FAILED
DEL03174,D032,Hub-West,Zone-22,7.1,2026-01-25 22:13:09,2026-01-25 22:17:21,FAILED
DEL03175,D021,Warehouse-North,Zone-25,7.21,2025-10-03 09:29:47,2025-10-03 09:39:28,SUCCESS
DEL03176,D012,Hub-Central,Zone-13,47.84,2026-02-03 03:06:34,2026-02-03 04:12:02,SUCCESS
DEL03177,D091,Warehouse-North,Zone-17,14.13,2026-01-22 19:42:20,2026-01-22 19:53:25,FAILED
DEL03178,D025,Hub-Central,Zone-06,45.11,2026-03-20 02:29:04,2026-03-20 02:49:48,FAILED
DEL03179,D055,Warehouse-East,Zone-17,63.77,2025-11-19 02:27:55,2025-11-19 04:04:49,SUCCESS
DEL03180,D069,Hub-Central,Zone-19,20.96,2026-02-05 20:46:02,2026-02-05 21:14:10,SUCCESS
DEL03181,D040,Hub-Central,Zone-25,42.81,2026-02-20 12:22:39,2026-02-20 12:52:25,SUCCESS
DEL03182,D094,Warehouse-North,Zone-04,76.65,2026-03-18 19:46:52,2026-03-18 20:24:07,FAILED
DEL03183,D082,Warehouse-East,Zone-27,37.78,2026-01-20 04:33:50,2026-01-20 05:10:44,SUCCESS
DEL03184,D019,Warehouse-South,Zone-30,29.01,2025-11-22 05:43:49,2025-11-22 06:23:13,SUCCESS
DEL03185,D096,Warehouse-East,Zone-01,44.48,2025-12-17 06:40:32,2025-12-17 07:25:42,SUCCESS
DEL03186,D022,Hub-Central,Zone-01,14.18,2026-03-08 12:39:00,2026-03-08 12:49:06,SUCCESS
DEL03187,D013,Hub-Central,Zone-17,43.13,2025-10-14 13:29:05,2025-10-14 14:06:34,SUCCESS
DEL03188,D054,Warehouse-East,Zone-24,31.89,2026-02-05 02:17:23,2026-02-05 02:27:46,FAILED
DEL03189,D056,Warehouse-South,Zone-12,6.51,2025-11-03 03:12:47,2025-11-03 03:15:36,FAILED
DEL03190,D024,Warehouse-South,Zone-07,41.11,2026-02-14 17:05:51,2026-02-14 17:55:21,SUCCESS
DEL03191,D063,Hub-West,Zone-04,,2025-11-05 08:06:30,2025-11-05 08:45:04,SUCCESS
DEL03192,D058,Warehouse-South,Zone-06,63.97,2026-01-19 02:50:27,2026-01-19 03:28:33,FAILED
DEL03193,D026,Warehouse-South,Zone-26,64.85,2025-10-12 10:52:34,2025-10-12 12:16:43,SUCCESS
DEL03194,D098,Warehouse-East,Zone-29,16.4,2025-11-07 06:14:53,2025-11-07 06:26:24,SUCCESS
DEL03195,D053,Hub-West,Zone-04,41.53,2025-12-25 13:57:09,2025-12-25 14:44:14,SUCCESS
DEL03196,D082,Warehouse-North,Zone-10,5.88,2025-11-02 06:12:14,2025-11-02 06:17:07,SUCCESS
DEL03197,D011,Warehouse-North,Zone-09,7.59,2025-12-13 08:20:33,2025-12-13 08:26:43,SUCCESS
DEL03198,D009,Warehouse-North,Zone-19,75.71,2025-12-06 10:32:36,2025-12-06 11:32:53,SUCCESS
DEL03199,D031,Hub-Central,Zone-22,62.47,2026-01-01 19:09:43,2026-01-01 20:31:28,SUCCESS
DEL03200,D098,Warehouse-North,Zone-02,5.82,2025-10-20 13:48:16,2025-10-20 13:51:40,FAILED
DEL03201,D035,Warehouse-North,Zone-22,66.6,2026-02-23 23:38:09,2026-02-24 01:02:30,SUCCESS
DEL03202,D075,Warehouse-North,Zone-04,28.03,2026-03-03 05:58:19,2026-03-03 06:38:48,SUCCESS
DEL03203,D028,Warehouse-North,Zone-13,24.56,2026-01-10 10:15:19,2026-01-10 10:32:56,SUCCESS
DEL03204,D078,Warehouse-East,Zone-30,15.21,2026-01-09 23:43:15,2026-01-09 23:54:47,SUCCESS
DEL03205,D063,Warehouse-East,Zone-20,51.81,2025-12-31 21:25:11,2025-12-31 22:14:49,SUCCESS
DEL03206,D055,Warehouse-East,Zone-22,42.75,2025-12-05 08:26:15,2025-12-05 09:12:54,SUCCESS
DEL03207,D044,Warehouse-South,Zone-12,60.72,2025-12-01 05:02:57,2025-12-01 06:25:28,SUCCESS
DEL03208,D086,Hub-Central,Zone-20,50.62,2025-12-17 09:00:39,2025-12-17 09:44:07,FAILED
DEL03209,D008,Warehouse-East,Zone-26,59.03,2025-12-09 03:12:59,2025-12-09 03:54:55,SUCCESS
DEL03210,D013,Hub-Central,Zone-28,58.03,2025-10-01 14:22:32,2025-10-01 15:09:40,FAILED
DEL03211,D090,Warehouse-South,Zone-01,6.2,2025-12-18 00:33:45,2025-12-18 00:35:44,FAILED
DEL03212,D078,Hub-West,Zone-09,18.68,2025-10-24 20:43:48,2025-10-24 20:56:55,SUCCESS
DEL03213,D090,Warehouse-South,Zone-12,81.55,2026-02-23 21:57:46,2026-02-23 22:57:58,SUCCESS
DEL03214,D058,Hub-Central,Zone-17,52.4,2026-01-29 01:43:39,2026-01-29 02:59:30,SUCCESS
DEL03215,D053,Warehouse-South,Zone-01,39.17,2026-02-06 04:53:14,2026-02-06 05:22:27,SUCCESS
DEL03216,D082,Warehouse-East,Zone-01,35.41,2026-03-07 19:04:45,2026-03-07 19:55:45,SUCCESS
DEL03217,D082,Warehouse-North,Zone-26,29.23,2025-12-09 22:40:47,2025-12-09 23:17:56,SUCCESS
DEL03218,D095,Hub-Central,Zone-08,35.77,2025-12-03 05:03:26,2025-12-03 05:23:37,FAILED
DEL03219,D078,Hub-Central,Zone-24,20.22,2026-01-03 02:06:07,2026-01-03 02:21:35,SUCCESS
DEL03220,D079,Warehouse-North,Zone-12,9.57,2026-03-04 04:07:24,2026-03-04 04:17:45,SUCCESS
DEL03221,D055,Hub-Central,Zone-22,61.91,2026-03-30 21:01:39,2026-03-30 21:55:42,SUCCESS
DEL03222,D090,Warehouse-North,Zone-24,49.47,2026-03-25 18:33:02,2026-03-25 19:25:23,SUCCESS
DEL03223,D050,Hub-West,Zone-07,21.27,2025-11-27 01:30:02,2025-11-27 01:44:06,FAILED
DEL03224,D092,Hub-West,Zone-29,29.35,2025-10-28 19:10:50,2025-10-28 19:50:20,SUCCESS
DEL03225,D074,Hub-West,Zone-02,10.48,2026-03-02 09:43:18,2026-03-02 09:51:21,SUCCESS
DEL03226,D017,Warehouse-North,Zone-10,23.46,2026-01-05 16:29:56,2026-01-05 16:54:46,SUCCESS
DEL03227,D087,Hub-Central,Zone-06,21.64,2026-01-15 13:20:41,2026-01-15 13:32:07,FAILED
DEL03228,D058,Hub-Central,Zone-22,51.63,2025-10-23 11:06:05,2025-10-23 11:35:17,FAILED
DEL03229,D070,Warehouse-South,Zone-07,11.19,2025-11-16 18:40:58,2025-11-16 18:50:36,SUCCESS
DEL03230,D022,Warehouse-North,Zone-04,34.74,2026-02-24 06:24:40,2026-02-24 07:13:05,SUCCESS
DEL03231,D056,Warehouse-North,Zone-06,19.93,2026-02-16 23:42:26,2026-02-17 00:10:42,SUCCESS
DEL03232,D042,Hub-Central,Zone-25,19.11,2026-03-25 06:38:49,2026-03-25 06:48:11,FAILED
DEL03233,D036,Warehouse-East,Zone-22,17.83,2025-11-12 19:01:36,2025-11-12 19:22:41,SUCCESS
DEL03234,D061,Warehouse-North,Zone-22,31.68,2026-03-24 06:42:13,2026-03-24 06:55:17,FAILED
DEL03235,D018,Hub-West,Zone-21,24.01,2026-03-29 04:15:44,2026-03-29 04:25:51,FAILED
DEL03236,D093,Warehouse-North,Zone-26,,2026-01-04 12:41:38,2026-01-04 13:37:24,SUCCESS
DEL03237,D089,Warehouse-South,Zone-30,42.36,2025-12-04 14:57:56,2025-12-04 15:43:22,SUCCESS
DEL03238,D074,Hub-West,Zone-03,15.39,2026-02-26 19:23:27,2026-02-26 19:33:41,FAILED
DEL03239,D083,Hub-Central,Zone-30,31.33,2025-12-06 15:32:53,2025-12-06 15:55:13,SUCCESS
DEL03240,D092,Hub-Central,Zone-21,,2026-02-22 06:28:51,2026-02-22 06:46:49,SUCCESS
DEL03241,D083,Hub-West,Zone-28,49.22,2026-03-02 10:44:48,2026-03-02 11:14:43,FAILED
DEL03242,D056,Warehouse-South,Zone-08,16.75,2026-03-06 23:38:18,2026-03-06 23:52:20,SUCCESS
DEL03243,D034,Warehouse-East,Zone-03,5.56,2025-10-23 11:09:15,2025-10-23 11:15:56,SUCCESS
DEL03244,D015,Warehouse-East,Zone-24,16.89,2025-10-18 07:25:11,2025-10-18 07:37:03,SUCCESS
DEL03245,D076,Warehouse-North,Zone-19,16.58,2025-11-06 12:52:20,2025-11-06 13:15:04,SUCCESS
DEL03246,D048,Warehouse-East,Zone-13,20.5,2025-10-25 17:48:30,2025-10-25 18:01:04,FAILED
DEL03247,D074,Warehouse-North,Zone-10,21.68,2026-02-21 02:17:10,2026-02-21 02:44:58,SUCCESS
DEL03248,D008,Hub-West,Zone-07,38.42,2026-01-23 13:52:40,2026-01-23 14:27:24,FAILED
DEL03249,D050,Warehouse-East,Zone-25,5.76,2025-12-22 06:34:41,2025-12-22 06:39:54,SUCCESS
DEL03250,D047,Warehouse-South,Zone-17,30.02,2026-03-04 20:42:14,2026-03-04 21:04:48,SUCCESS
DEL03251,D085,Hub-West,Zone-08,5.15,2026-01-25 19:44:29,2026-01-25 19:49:45,SUCCESS
DEL03252,D014,Warehouse-North,Zone-18,32.66,2025-12-16 18:17:21,2025-12-16 18:51:36,SUCCESS
DEL03253,D059,Warehouse-South,Zone-27,9.13,2025-12-01 08:19:22,2025-12-01 08:32:53,SUCCESS
DEL03254,D038,Warehouse-South,Zone-16,35.13,2026-03-12 13:42:44,2026-03-12 13:59:43,FAILED
DEL03255,D088,Warehouse-South,Zone-20,17.8,2025-12-28 12:06:35,2025-12-28 12:32:00,SUCCESS
DEL03256,D037,Warehouse-North,Zone-20,43.45,2025-10-29 07:48:24,2025-10-29 08:44:46,SUCCESS
DEL03257,D041,Hub-West,Zone-23,13.97,2025-11-29 23:32:18,2025-11-29 23:48:31,SUCCESS
DEL03258,D016,Hub-West,Zone-16,49.02,2025-11-23 02:22:52,2025-11-23 02:42:22,FAILED
DEL03259,D081,Warehouse-South,Zone-16,21.3,2026-03-10 21:57:45,2026-03-10 22:17:41,SUCCESS
DEL03260,D038,Hub-Central,Zone-02,7.77,2026-02-14 17:31:56,2026-02-14 17:38:58,SUCCESS
DEL03261,D043,Warehouse-South,Zone-28,15.52,2025-10-30 15:38:38,2025-10-30 15:50:04,SUCCESS
DEL03262,D094,Warehouse-South,Zone-23,33.73,2026-03-07 08:49:28,2026-03-07 09:16:03,SUCCESS
DEL03263,D095,Warehouse-South,Zone-28,35.19,2025-10-11 04:58:36,2025-10-11 05:34:43,SUCCESS
DEL03264,D063,Hub-Central,Zone-10,22.74,2026-02-19 05:54:30,2026-02-19 06:23:12,SUCCESS
DEL03265,D085,Warehouse-South,Zone-01,42.82,2026-03-27 03:58:55,2026-03-27 04:44:03,SUCCESS
DEL03266,D071,Warehouse-East,Zone-14,29.67,2025-12-16 04:10:59,2025-12-16 04:44:35,SUCCESS
DEL03267,D087,Warehouse-East,Zone-25,5.81,2025-12-31 22:18:16,2025-12-31 22:23:57,SUCCESS
DEL03268,D051,Warehouse-North,Zone-17,32.74,2025-12-15 22:29:10,2025-12-15 23:04:15,SUCCESS
DEL03269,D094,Warehouse-East,Zone-23,89.36,2025-11-24 23:03:41,2025-11-25 00:06:58,SUCCESS
DEL03270,D025,Hub-West,Zone-13,35.01,2026-02-14 03:24:11,2026-02-14 03:49:12,SUCCESS
DEL03271,D013,Warehouse-East,Zone-25,34.15,2025-10-26 10:02:29,2025-10-26 10:27:10,SUCCESS
DEL03272,D075,Warehouse-North,Zone-28,33.72,2026-03-18 03:10:43,2026-03-18 03:24:47,FAILED
DEL03273,D091,Hub-Central,Zone-21,51.38,2025-11-29 01:05:15,2025-11-29 01:41:57,SUCCESS
DEL03274,D021,Warehouse-South,Zone-15,38.44,2026-01-21 01:44:54,2026-01-21 02:13:55,FAILED
DEL03275,D090,Warehouse-East,Zone-29,52.28,2026-01-02 16:20:28,2026-01-02 17:04:02,SUCCESS
DEL03276,D019,Warehouse-South,Zone-26,8.85,2025-11-10 17:34:55,2025-11-10 17:42:56,SUCCESS
DEL03277,D096,Warehouse-North,Zone-12,42.5,2025-11-07 23:49:07,2025-11-08 00:18:36,SUCCESS
DEL03278,D093,Hub-West,Zone-04,63.8,2026-03-16 05:54:27,2026-03-16 07:13:04,SUCCESS
DEL03279,D087,Warehouse-South,Zone-13,11.85,2026-03-02 12:41:30,2026-03-02 12:51:50,SUCCESS
DEL03280,D055,Warehouse-South,Zone-30,48.9,2026-02-09 22:26:39,2026-02-09 23:26:20,SUCCESS
DEL03281,D008,Warehouse-East,Zone-16,13.12,2025-10-19 15:36:53,2025-10-19 15:46:23,SUCCESS
DEL03282,D023,Warehouse-North,Zone-17,18.25,2025-10-11 04:32:16,2025-10-11 04:45:39,SUCCESS
DEL03283,D084,Hub-West,Zone-14,22.52,2025-12-05 17:27:29,2025-12-05 17:45:54,SUCCESS
DEL03284,D020,Hub-Central,Zone-08,29.29,2026-01-30 17:54:13,2026-01-30 18:29:09,SUCCESS
DEL03285,D005,Warehouse-South,Zone-13,50.67,2025-10-24 01:39:35,2025-10-24 02:17:14,FAILED
DEL03286,D063,Hub-West,Zone-06,44.67,2025-11-28 18:38:08,2025-11-28 19:16:03,SUCCESS
DEL03287,D084,Hub-Central,Zone-25,15.09,2026-02-22 16:53:05,2026-02-22 17:04:38,SUCCESS
DEL03288,D089,Warehouse-North,Zone-25,24.26,2026-03-04 10:29:02,2026-03-04 10:45:02,FAILED
DEL03289,D060,Hub-Central,Zone-09,51.47,2026-03-17 22:42:23,2026-03-17 23:20:35,FAILED
DEL03290,D081,Hub-Central,Zone-12,9.43,2026-02-04 20:06:41,2026-02-04 20:15:37,SUCCESS
DEL03291,D002,Warehouse-North,Zone-03,7.74,2025-10-24 07:14:32,2025-10-24 07:19:43,SUCCESS
DEL03292,D016,Hub-West,Zone-08,17.76,2026-01-03 23:55:23,2026-01-04 00:19:08,SUCCESS
DEL03293,D003,Hub-West,Zone-19,32.87,2026-01-22 22:55:17,2026-01-22 23:38:40,SUCCESS
DEL03294,D062,Warehouse-North,Zone-26,10.73,2025-11-23 03:39:00,2025-11-23 03:47:35,SUCCESS
DEL03295,D076,Hub-Central,Zone-16,39.7,2025-11-05 03:58:16,2025-11-05 04:45:19,SUCCESS
DEL03296,D083,Hub-Central,Zone-10,54.79,2026-02-14 10:59:30,2026-02-14 11:58:57,SUCCESS
DEL03297,D074,Warehouse-North,Zone-11,15.44,2025-10-25 07:38:38,2025-10-25 07:43:18,FAILED
DEL03298,D009,Hub-West,Zone-06,23.0,2026-02-16 14:24:02,2026-02-16 14:32:51,FAILED
DEL03299,D052,Warehouse-North,Zone-13,,2026-03-07 20:14:20,2026-03-07 20:40:58,SUCCESS
DEL03300,D072,Hub-West,Zone-26,55.34,2026-03-08 17:39:10,2026-03-08 18:39:38,SUCCESS
DEL03301,D068,Warehouse-North,Zone-17,30.81,2026-01-03 20:52:11,2026-01-03 21:17:01,SUCCESS
DEL03302,D075,Warehouse-North,Zone-25,13.91,2026-01-13 15:50:13,2026-01-13 16:00:30,SUCCESS
DEL03303,D097,Warehouse-North,Zone-06,37.76,2025-11-10 06:51:04,2025-11-10 07:28:39,SUCCESS
DEL03304,D077,Warehouse-South,Zone-01,16.61,2026-02-12 23:56:27,2026-02-13 00:10:36,SUCCESS
DEL03305,D072,Warehouse-East,Zone-04,38.79,2025-12-26 20:15:22,2025-12-26 20:41:09,SUCCESS
DEL03306,D006,Hub-West,Zone-07,65.38,2025-10-26 00:19:33,2025-10-26 01:09:54,SUCCESS
DEL03307,D084,Warehouse-North,Zone-18,16.64,2025-11-01 07:17:39,2025-11-01 07:24:44,FAILED
DEL03308,D033,Warehouse-North,Zone-03,15.28,2026-03-15 08:02:42,2026-03-15 08:15:27,SUCCESS
DEL03309,D016,Warehouse-East,Zone-12,40.52,2026-01-07 06:49:19,2026-01-07 07:50:30,SUCCESS
DEL03310,D070,Hub-Central,Zone-22,5.67,2025-11-03 07:43:43,2025-11-03 07:50:48,SUCCESS
DEL03311,D001,Warehouse-East,Zone-02,23.8,2025-11-18 05:20:04,2025-11-18 05:46:05,SUCCESS
DEL03312,D067,Warehouse-East,Zone-22,57.39,2026-03-25 15:49:56,2026-03-25 16:34:47,SUCCESS
DEL03313,D069,Warehouse-South,Zone-19,32.36,2025-12-26 09:28:43,2025-12-26 09:44:29,FAILED
DEL03314,D063,Warehouse-East,Zone-17,36.14,2026-02-12 23:24:27,2026-02-13 00:21:55,SUCCESS
DEL03315,D046,Hub-West,Zone-17,20.14,2026-01-26 16:58:00,2026-01-26 17:06:29,FAILED
DEL03316,D027,Warehouse-North,Zone-22,75.72,2026-02-11 13:59:15,2026-02-11 15:07:27,SUCCESS
DEL03317,D006,Warehouse-North,Zone-07,67.32,2025-11-16 00:58:03,2025-11-16 02:19:16,SUCCESS
DEL03318,D019,Warehouse-South,Zone-05,29.91,2025-11-28 04:44:46,2025-11-28 05:01:27,FAILED
DEL03319,D078,Warehouse-South,Zone-19,21.56,2026-01-16 04:50:08,2026-01-16 05:13:31,SUCCESS
DEL03320,D046,Warehouse-South,Zone-24,47.52,2025-11-23 20:45:27,2025-11-23 21:19:20,SUCCESS
DEL03321,D080,Warehouse-North,Zone-18,20.08,2025-12-21 22:43:57,2025-12-21 22:54:53,FAILED
DEL03322,D033,Hub-Central,Zone-21,16.0,2025-11-20 14:49:51,2025-11-20 15:04:31,SUCCESS
DEL03323,D021,Hub-Central,Zone-03,24.66,2025-12-17 16:24:42,2025-12-17 16:53:08,SUCCESS
DEL03324,D033,Hub-Central,Zone-23,29.67,2026-02-09 08:50:17,2026-02-09 09:24:35,SUCCESS
DEL03325,D019,Warehouse-South,Zone-03,23.1,2026-01-13 01:29:42,2026-01-13 01:52:37,SUCCESS
DEL03326,D081,Warehouse-East,Zone-21,25.55,2026-02-20 06:30:45,2026-02-20 06:53:24,SUCCESS
DEL03327,D090,Warehouse-South,Zone-23,16.75,2026-02-03 08:34:47,2026-02-03 08:41:17,FAILED
DEL03328,D048,Hub-West,Zone-20,37.77,2026-01-18 10:45:46,2026-01-18 11:34:18,SUCCESS
DEL03329,D021,Warehouse-South,Zone-11,53.22,2025-12-21 11:52:50,2025-12-21 12:40:15,SUCCESS
DEL03330,D056,Warehouse-North,Zone-20,5.86,2025-12-13 13:59:50,2025-12-13 14:06:03,SUCCESS
DEL03331,D032,Warehouse-East,Zone-04,37.7,2025-10-16 01:17:26,2025-10-16 01:47:13,SUCCESS
DEL03332,D069,Hub-West,Zone-14,30.31,2025-10-22 08:35:28,2025-10-22 08:58:07,FAILED
DEL03333,D009,Warehouse-North,Zone-12,28.05,2025-12-03 22:55:02,2025-12-03 23:24:20,SUCCESS
DEL03334,D043,Warehouse-East,Zone-05,33.52,2026-03-01 02:04:24,2026-03-01 02:20:32,FAILED
DEL03335,D029,Warehouse-North,Zone-04,29.16,2025-11-23 03:17:11,2025-11-23 03:38:15,SUCCESS
DEL03336,D049,Hub-Central,Zone-04,9.78,2025-11-13 03:38:46,2025-11-13 03:51:29,SUCCESS
DEL03337,D016,Hub-West,Zone-24,50.77,2025-11-04 02:58:03,2025-11-04 03:39:20,SUCCESS
DEL03338,D040,Hub-Central,Zone-04,5.16,2026-01-23 08:07:58,2026-01-23 08:13:04,SUCCESS
DEL03339,D068,Hub-West,Zone-28,34.03,2025-12-07 17:59:34,2025-12-07 18:37:54,SUCCESS
DEL03340,D037,Warehouse-East,Zone-20,72.87,2026-01-16 02:22:23,2026-01-16 03:00:12,FAILED
DEL03341,D013,Warehouse-North,Zone-06,50.53,2026-03-24 02:19:12,2026-03-24 02:50:34,FAILED
DEL03342,D041,Hub-Central,Zone-06,15.3,2026-02-23 23:58:54,2026-02-24 00:17:55,SUCCESS
DEL03343,D045,Hub-West,Zone-18,35.37,2026-03-06 12:37:42,2026-03-06 13:01:07,FAILED
DEL03344,D077,Hub-Central,Zone-16,10.24,2026-03-21 06:30:59,2026-03-21 06:36:13,FAILED
DEL03345,D076,Warehouse-East,Zone-01,6.49,2025-10-25 18:31:46,2025-10-25 18:40:01,SUCCESS
DEL03346,D088,Warehouse-South,Zone-22,42.03,2026-01-08 17:23:17,2026-01-08 18:29:48,SUCCESS
DEL03347,D017,Hub-Central,Zone-19,16.67,2025-10-28 16:53:27,2025-10-28 17:06:25,SUCCESS
DEL03348,D095,Warehouse-North,Zone-30,14.34,2025-11-21 22:02:02,2025-11-21 22:23:07,SUCCESS
DEL03349,D093,Warehouse-East,Zone-23,67.45,2026-02-02 02:51:27,2026-02-02 03:37:09,FAILED
DEL03350,D100,Hub-West,Zone-14,11.39,2025-11-18 08:56:39,2025-11-18 09:05:50,SUCCESS
DEL03351,D091,Warehouse-South,Zone-15,17.31,2025-12-28 21:26:24,2025-12-28 21:40:15,SUCCESS
DEL03352,D046,Hub-Central,Zone-17,19.05,2026-03-05 01:08:05,2026-03-05 01:23:13,SUCCESS
DEL03353,D037,Hub-Central,Zone-17,62.53,2025-11-23 13:25:41,2025-11-23 14:10:13,FAILED
DEL03354,D092,Warehouse-South,Zone-10,22.32,2026-03-21 03:33:51,2026-03-21 03:54:23,SUCCESS
DEL03355,D082,Warehouse-North,Zone-10,14.2,2026-03-16 14:12:13,2026-03-16 14:25:09,SUCCESS
DEL03356,D053,Warehouse-East,Zone-28,6.1,2026-02-27 15:09:20,2026-02-27 15:14:22,SUCCESS
DEL03357,D012,Warehouse-North,Zone-03,84.68,2026-02-01 05:48:27,2026-02-01 06:57:55,SUCCESS
DEL03358,D094,Warehouse-North,Zone-06,70.26,2025-11-16 14:39:08,2025-11-16 16:08:15,SUCCESS
DEL03359,D074,Warehouse-North,Zone-24,51.64,2025-10-12 03:33:25,2025-10-12 04:29:18,SUCCESS
DEL03360,D037,Hub-Central,Zone-26,74.94,2026-01-16 14:34:18,2026-01-16 16:03:18,SUCCESS
DEL03361,D002,Hub-West,Zone-30,37.97,2025-12-22 07:54:24,2025-12-22 08:22:49,SUCCESS
DEL03362,D094,Hub-Central,Zone-16,40.73,2025-10-27 11:48:08,2025-10-27 12:17:36,SUCCESS
DEL03363,D066,Hub-West,Zone-23,44.95,2026-02-11 00:53:57,2026-02-11 01:28:22,SUCCESS
DEL03364,D016,Warehouse-North,Zone-20,28.69,2025-12-18 17:38:02,2025-12-18 17:55:53,FAILED
DEL03365,D025,Warehouse-North,Zone-23,37.67,2026-03-26 21:02:17,2026-03-26 21:23:07,FAILED
DEL03366,D055,Hub-West,Zone-24,8.36,2026-02-14 10:18:52,2026-02-14 10:25:49,SUCCESS
DEL03367,D045,Hub-West,Zone-22,18.42,2025-11-17 10:10:36,2025-11-17 10:28:30,SUCCESS
DEL03368,D078,Hub-West,Zone-15,24.39,2025-10-09 05:23:35,2025-10-09 05:41:05,SUCCESS
DEL03369,D022,Hub-West,Zone-29,35.76,2026-02-08 23:30:04,2026-02-09 00:18:53,SUCCESS
DEL03370,D029,Warehouse-North,Zone-12,30.32,2025-11-03 22:41:35,2025-11-03 23:04:33,SUCCESS
DEL03371,D018,Warehouse-East,Zone-02,16.49,2026-01-08 17:56:35,2026-01-08 18:11:55,SUCCESS
DEL03372,D055,Hub-Central,Zone-06,69.7,2026-01-05 05:14:02,2026-01-05 06:46:01,SUCCESS
DEL03373,D048,Warehouse-East,Zone-30,30.46,2025-10-22 23:42:23,2025-10-23 00:03:10,SUCCESS
DEL03374,D087,Hub-West,Zone-28,28.21,2025-11-18 11:59:25,2025-11-18 12:27:58,SUCCESS
DEL03375,D099,Warehouse-North,Zone-10,48.6,2026-03-16 13:39:59,2026-03-16 14:51:12,SUCCESS
DEL03376,D039,Warehouse-East,Zone-09,36.43,2026-01-02 19:31:27,2026-01-02 20:15:58,SUCCESS
DEL03377,D028,Hub-West,Zone-13,24.0,2025-10-01 10:24:45,2025-10-01 10:47:22,SUCCESS
DEL03378,D028,Warehouse-East,Zone-30,37.71,2026-03-29 05:45:16,2026-03-29 06:11:36,SUCCESS
DEL03379,D083,Warehouse-North,Zone-30,35.62,2026-01-09 02:32:21,2026-01-09 02:44:18,FAILED
DEL03380,D060,Hub-West,Zone-28,7.43,2026-03-23 07:19:23,2026-03-23 07:24:43,SUCCESS
DEL03381,D063,Warehouse-East,Zone-01,55.49,2025-10-12 03:57:15,2025-10-12 04:25:50,FAILED
DEL03382,D079,Warehouse-East,Zone-10,33.98,2025-12-29 09:24:16,2025-12-29 09:46:38,SUCCESS
DEL03383,D046,Warehouse-North,Zone-12,41.8,2025-10-21 19:25:14,2025-10-21 20:01:48,SUCCESS
DEL03384,D093,Hub-Central,Zone-12,18.01,2025-11-06 03:33:28,2025-11-06 03:47:02,SUCCESS
DEL03385,D002,Hub-Central,Zone-16,56.64,2025-10-20 16:16:05,2025-10-20 17:20:30,SUCCESS
DEL03386,D026,Hub-West,Zone-17,16.55,2025-10-17 10:56:04,2025-10-17 11:09:19,SUCCESS
DEL03387,D020,Warehouse-North,Zone-30,27.11,2025-12-19 18:05:22,2025-12-19 18:32:36,SUCCESS
DEL03388,D063,Warehouse-South,Zone-25,47.55,2025-10-02 08:12:18,2025-10-02 08:55:48,FAILED
DEL03389,D085,Warehouse-South,Zone-16,10.64,2025-11-18 13:42:44,2025-11-18 13:50:48,SUCCESS
DEL03390,D051,Warehouse-East,Zone-12,11.3,2025-12-12 16:24:30,2025-12-12 16:34:08,SUCCESS
DEL03391,D055,Warehouse-South,Zone-18,66.46,2026-03-23 05:55:21,2026-03-23 06:24:19,FAILED
DEL03392,D035,Hub-Central,Zone-22,24.19,2025-10-22 02:33:19,2025-10-22 02:59:41,SUCCESS
DEL03393,D057,Warehouse-South,Zone-12,24.87,2025-11-01 10:12:09,2025-11-01 10:31:56,SUCCESS
DEL03394,D096,Warehouse-North,Zone-12,39.64,2025-12-24 06:24:03,2025-12-24 07:05:25,SUCCESS
DEL03395,D091,Warehouse-North,Zone-07,32.23,2025-11-08 12:54:43,2025-11-08 13:26:30,SUCCESS
DEL03396,D037,Warehouse-South,Zone-13,75.2,2025-10-08 19:36:28,2025-10-08 20:49:43,SUCCESS
DEL03397,D054,Warehouse-East,Zone-29,37.37,2026-02-22 10:56:13,2026-02-22 11:27:28,FAILED
DEL03398,D005,Warehouse-South,Zone-16,20.81,2025-11-01 03:06:37,2025-11-01 03:25:00,SUCCESS
DEL03399,D086,Warehouse-North,Zone-14,12.39,2025-11-21 14:42:57,2025-11-21 14:51:31,FAILED
DEL03400,D063,Hub-Central,Zone-26,57.86,2026-01-15 19:45:43,2026-01-15 21:00:09,SUCCESS
DEL03401,D088,Warehouse-South,Zone-11,9.82,2026-02-16 16:58:37,2026-02-16 17:11:19,SUCCESS
DEL03402,D097,Hub-Central,Zone-17,19.41,2026-02-26 10:19:41,2026-02-26 10:34:20,SUCCESS
DEL03403,D093,Hub-Central,Zone-05,31.45,2026-03-29 08:06:26,2026-03-29 08:35:00,SUCCESS
DEL03404,D015,Warehouse-North,Zone-05,21.09,2025-10-21 22:45:19,2025-10-21 23:04:51,FAILED
DEL03405,D020,Hub-West,Zone-01,16.97,2025-12-06 19:43:04,2025-12-06 19:58:29,SUCCESS
DEL03406,D099,Warehouse-South,Zone-02,60.93,2026-02-10 21:42:38,2026-02-10 22:45:05,FAILED
DEL03407,D087,Warehouse-East,Zone-14,20.83,2026-03-11 03:18:53,2026-03-11 03:42:55,SUCCESS
DEL03408,D077,Warehouse-North,Zone-14,8.66,2026-02-21 04:40:48,2026-02-21 04:43:48,FAILED
DEL03409,D062,Warehouse-East,Zone-16,15.49,2025-11-26 05:00:44,2025-11-26 05:19:09,SUCCESS
DEL03410,D011,Hub-Central,Zone-08,8.38,2026-02-25 18:03:01,2026-02-25 18:10:03,SUCCESS
DEL03411,D080,Hub-West,Zone-06,18.08,2025-10-30 14:40:53,2025-10-30 14:53:51,FAILED
DEL03412,D032,Warehouse-North,Zone-28,20.58,2025-11-24 14:12:06,2025-11-24 14:27:46,SUCCESS
DEL03413,D034,Warehouse-South,Zone-22,18.73,2026-02-14 02:41:26,2026-02-14 03:00:36,SUCCESS
DEL03414,D055,Hub-Central,Zone-23,31.61,2025-11-08 12:40:08,2025-11-08 13:15:10,SUCCESS
DEL03415,D014,Hub-West,Zone-20,8.38,2026-02-14 03:34:20,2026-02-14 03:45:00,SUCCESS
DEL03416,D024,Hub-West,Zone-21,5.2,2025-11-06 15:15:40,2025-11-06 15:20:58,SUCCESS
DEL03417,D082,Warehouse-South,Zone-04,23.87,2025-10-29 21:06:49,2025-10-29 21:26:30,SUCCESS
DEL03418,D017,Warehouse-North,Zone-09,19.32,2025-12-17 22:06:54,2025-12-17 22:27:00,SUCCESS
DEL03419,D025,Warehouse-South,Zone-14,7.31,2026-03-30 09:54:43,2026-03-30 10:00:34,SUCCESS
DEL03420,D003,Warehouse-South,Zone-03,22.75,2026-01-28 16:56:46,2026-01-28 17:29:50,SUCCESS
DEL03421,D007,Hub-Central,Zone-17,58.5,2025-12-13 20:34:18,2025-12-13 21:38:27,SUCCESS
DEL03422,D040,Warehouse-South,Zone-08,55.97,2026-02-13 22:58:36,2026-02-14 00:18:22,SUCCESS
DEL03423,D044,Hub-Central,Zone-02,42.29,2025-12-22 17:39:26,2025-12-22 18:01:18,FAILED
DEL03424,D066,Warehouse-North,Zone-10,5.04,2025-12-22 22:18:13,2025-12-22 22:23:36,SUCCESS
DEL03425,D015,Warehouse-East,Zone-09,11.37,2025-11-22 06:46:39,2025-11-22 06:54:59,SUCCESS
DEL03426,D045,Hub-Central,Zone-08,43.08,2026-02-16 04:13:45,2026-02-16 05:13:39,SUCCESS
DEL03427,D041,Warehouse-North,Zone-06,18.84,2026-03-23 19:29:50,2026-03-23 19:36:50,FAILED
DEL03428,D006,Warehouse-North,Zone-22,58.59,2025-10-01 02:29:51,2025-10-01 03:36:43,SUCCESS
DEL03429,D096,Warehouse-South,Zone-10,7.24,2025-12-02 10:56:57,2025-12-02 11:03:12,SUCCESS
DEL03430,D061,Hub-West,Zone-04,40.61,2025-11-24 09:38:13,2025-11-24 10:10:51,SUCCESS
DEL03431,D056,Warehouse-East,Zone-16,9.47,2025-11-05 21:25:00,2025-11-05 21:32:47,SUCCESS
DEL03432,D047,Warehouse-East,Zone-04,37.19,2025-12-04 21:52:03,2025-12-04 22:34:08,SUCCESS
DEL03433,D013,Warehouse-North,Zone-22,46.56,2026-02-07 21:31:17,2026-02-07 21:57:56,FAILED
DEL03434,D071,Warehouse-South,Zone-11,31.21,2026-02-27 14:37:14,2026-02-27 14:52:35,FAILED
DEL03435,D047,Warehouse-East,Zone-24,18.26,2026-02-21 22:40:17,2026-02-21 22:59:43,SUCCESS
DEL03436,D100,Hub-West,Zone-20,41.19,2026-01-23 08:31:28,2026-01-23 09:03:41,SUCCESS
DEL03437,D048,Warehouse-East,Zone-07,35.41,2025-11-16 06:20:08,2025-11-16 06:47:50,SUCCESS
DEL03438,D075,Warehouse-North,Zone-29,39.18,2025-12-14 13:47:59,2025-12-14 14:41:02,SUCCESS
DEL03439,D014,Hub-West,Zone-04,60.3,2025-10-26 08:06:21,2025-10-26 09:03:53,FAILED
DEL03440,D006,Warehouse-South,Zone-07,9.49,2026-01-22 21:34:28,2026-01-22 21:40:05,FAILED
DEL03441,D091,Warehouse-North,Zone-03,62.88,2025-12-26 13:26:16,2025-12-26 14:09:54,SUCCESS
DEL03442,D070,Warehouse-East,Zone-10,22.37,2026-01-29 04:47:50,2026-01-29 05:01:25,FAILED
DEL03443,D093,Warehouse-South,Zone-18,28.43,2026-01-01 01:55:30,2026-01-01 02:15:14,SUCCESS
DEL03444,D093,Warehouse-North,Zone-05,50.57,2025-10-30 20:09:54,2025-10-30 21:31:27,SUCCESS
DEL03445,D025,Hub-West,Zone-23,43.8,2025-12-21 05:00:42,2025-12-21 06:09:02,SUCCESS
DEL03446,D033,Hub-West,Zone-12,30.39,2026-03-23 03:05:41,2026-03-23 03:30:36,SUCCESS
DEL03447,D047,Warehouse-North,Zone-30,36.3,2025-12-27 02:04:43,2025-12-27 02:55:16,SUCCESS
DEL03448,D056,Hub-Central,Zone-14,29.73,2025-10-14 03:32:40,2025-10-14 04:12:17,SUCCESS
DEL03449,D068,Hub-West,Zone-26,32.66,2026-03-30 20:19:23,2026-03-30 20:55:55,SUCCESS
DEL03450,D003,Hub-West,Zone-09,,2025-11-02 09:58:26,2025-11-02 11:13:37,SUCCESS
DEL03451,D090,Warehouse-East,Zone-02,81.41,2025-10-26 00:52:37,2025-10-26 02:00:38,SUCCESS
DEL03452,D073,Warehouse-South,Zone-24,18.54,2025-10-12 19:19:03,2025-10-12 19:37:36,SUCCESS
DEL03453,D051,Hub-West,Zone-28,29.37,2026-01-05 02:59:16,2026-01-05 03:29:09,SUCCESS
DEL03454,D066,Warehouse-South,Zone-15,47.84,2025-10-15 13:27:28,2025-10-15 14:13:33,SUCCESS
DEL03455,D097,Hub-Central,Zone-18,45.86,2026-01-07 21:24:33,2026-01-07 22:26:27,SUCCESS
DEL03456,D100,Hub-Central,Zone-20,37.26,2025-12-15 18:40:56,2025-12-15 19:07:37,SUCCESS
DEL03457,D035,Warehouse-South,Zone-01,5.46,2025-11-10 04:20:18,2025-11-10 04:23:13,FAILED
DEL03458,D021,Warehouse-South,Zone-19,34.73,2026-01-20 01:14:15,2026-01-20 01:41:25,SUCCESS
DEL03459,D090,Hub-West,Zone-15,87.82,2025-10-02 17:17:48,2025-10-02 18:36:22,SUCCESS
DEL03460,D065,Hub-West,Zone-09,22.38,2026-02-15 10:22:22,2026-02-15 10:39:16,SUCCESS
DEL03461,D039,Warehouse-South,Zone-10,8.04,2026-03-15 12:49:18,2026-03-15 12:53:00,FAILED
DEL03462,D091,Hub-West,Zone-04,37.18,2025-11-22 03:22:08,2025-11-22 03:51:46,SUCCESS
DEL03463,D022,Warehouse-North,Zone-18,18.91,2025-11-13 11:35:12,2025-11-13 11:52:51,SUCCESS
DEL03464,D031,Warehouse-North,Zone-21,20.04,2025-11-26 16:05:18,2025-11-26 16:22:39,SUCCESS
DEL03465,D019,Warehouse-East,Zone-30,29.48,2026-03-21 13:53:09,2026-03-21 14:16:32,SUCCESS
DEL03466,D018,Warehouse-North,Zone-21,16.42,2025-11-22 12:19:03,2025-11-22 12:33:16,SUCCESS
DEL03467,D032,Warehouse-South,Zone-18,33.61,2026-03-09 21:22:11,2026-03-09 21:49:26,SUCCESS
DEL03468,D015,Warehouse-East,Zone-21,29.6,2025-10-01 06:31:27,2025-10-01 06:59:39,SUCCESS
DEL03469,D078,Warehouse-East,Zone-03,23.4,2025-12-11 16:10:40,2025-12-11 16:40:39,SUCCESS
DEL03470,D091,Hub-West,Zone-09,65.64,2026-03-21 15:40:30,2026-03-21 16:14:34,FAILED
DEL03471,D093,Hub-Central,Zone-29,63.72,2025-10-26 22:40:30,2025-10-26 22:58:19,FAILED
DEL03472,D079,Warehouse-East,Zone-02,7.2,2025-11-27 06:18:42,2025-11-27 06:26:56,SUCCESS
DEL03473,D081,Warehouse-North,Zone-27,48.88,2026-03-08 10:28:22,2026-03-08 11:02:08,SUCCESS
DEL03474,D046,Warehouse-East,Zone-06,,2025-11-12 13:55:01,2025-11-12 14:17:51,SUCCESS
DEL03475,D033,Hub-West,Zone-22,36.14,2025-10-04 00:52:50,2025-10-04 01:31:33,SUCCESS
DEL03476,D100,Hub-West,Zone-04,13.83,2026-03-01 13:27:18,2026-03-01 13:46:43,SUCCESS
DEL03477,D093,Hub-Central,Zone-21,33.27,2026-02-22 19:32:20,2026-02-22 20:02:26,SUCCESS
DEL03478,D033,Hub-West,Zone-18,8.63,2026-03-18 22:36:50,2026-03-18 22:41:11,FAILED
DEL03479,D027,Hub-Central,Zone-08,8.64,2026-03-08 14:46:59,2026-03-08 14:50:30,FAILED
DEL03480,D042,Warehouse-South,Zone-19,9.05,2025-11-22 04:40:06,2025-11-22 04:49:16,SUCCESS
DEL03481,D081,Hub-Central,Zone-05,19.35,2026-03-06 20:18:30,2026-03-06 20:34:56,FAILED
DEL03482,D058,Hub-Central,Zone-12,31.07,2025-11-14 23:54:29,2025-11-15 00:14:44,SUCCESS
DEL03483,D019,Hub-Central,Zone-03,18.43,2026-03-25 04:24:29,2026-03-25 04:32:27,FAILED
DEL03484,D064,Hub-Central,Zone-06,20.48,2025-11-05 05:54:51,2025-11-05 06:16:56,SUCCESS
DEL03485,D023,Hub-West,Zone-16,14.03,2025-11-06 16:09:03,2025-11-06 16:24:48,SUCCESS
DEL03486,D094,Warehouse-East,Zone-01,73.22,2025-11-05 00:45:21,2025-11-05 02:06:12,SUCCESS
DEL03487,D040,Warehouse-South,Zone-27,68.6,2025-11-01 15:15:21,2025-11-01 16:10:05,SUCCESS
DEL03488,D051,Hub-West,Zone-07,5.7,2026-02-11 11:21:41,2026-02-11 11:27:09,SUCCESS
DEL03489,D009,Warehouse-North,Zone-14,11.18,2025-10-28 20:51:45,2025-10-28 21:02:56,SUCCESS
DEL03490,D032,Hub-Central,Zone-04,23.77,2025-12-28 08:33:58,2025-12-28 08:55:12,SUCCESS
DEL03491,D093,Warehouse-South,Zone-24,49.86,2026-01-11 06:57:57,2026-01-11 07:21:08,FAILED
DEL03492,D097,Warehouse-North,Zone-20,25.25,2026-03-06 21:31:08,2026-03-06 21:48:06,SUCCESS
DEL03493,D013,Hub-Central,Zone-01,60.8,2025-12-13 09:01:32,2025-12-13 09:48:00,SUCCESS
DEL03494,D015,Warehouse-North,Zone-25,18.45,2026-03-10 12:03:33,2026-03-10 12:17:09,SUCCESS
DEL03495,D083,Warehouse-South,Zone-08,16.67,2025-10-09 11:50:36,2025-10-09 12:06:01,SUCCESS
DEL03496,D099,Warehouse-East,Zone-05,36.23,2025-10-17 05:35:00,2025-10-17 06:06:15,SUCCESS
DEL03497,D081,Warehouse-North,Zone-26,35.26,2026-01-25 10:30:42,2026-01-25 11:01:42,FAILED
DEL03498,D002,Warehouse-North,Zone-18,18.07,2026-03-03 17:24:22,2026-03-03 17:38:23,SUCCESS
DEL03499,D095,Warehouse-East,Zone-28,31.97,2026-03-08 21:20:46,2026-03-08 21:44:31,SUCCESS
DEL03500,D091,Warehouse-South,Zone-05,77.37,2025-10-17 11:57:59,2025-10-17 13:14:18,SUCCESS
DEL03501,D062,Hub-West,Zone-29,7.62,2026-02-25 12:19:37,2026-02-25 12:25:30,SUCCESS
DEL03502,D057,Warehouse-South,Zone-10,9.33,2026-03-08 08:20:31,2026-03-08 08:26:33,SUCCESS
DEL03503,D043,Warehouse-South,Zone-08,21.5,2026-01-01 23:52:29,2026-01-01 23:58:52,FAILED
DEL03504,D008,Warehouse-East,Zone-21,70.34,2026-01-14 13:01:00,2026-01-14 14:42:19,SUCCESS
DEL03505,D070,Warehouse-North,Zone-27,23.28,2025-10-24 21:34:24,2025-10-24 21:49:26,SUCCESS
DEL03506,D006,Hub-West,Zone-10,44.85,2025-10-20 23:09:14,2025-10-20 23:57:04,SUCCESS
DEL03507,D014,Hub-Central,Zone-05,,2026-01-08 07:57:37,2026-01-08 08:33:43,SUCCESS
DEL03508,D001,Warehouse-South,Zone-01,21.85,2026-03-27 03:00:22,2026-03-27 03:30:30,SUCCESS
DEL03509,D030,Hub-Central,Zone-05,34.52,2025-12-22 22:35:43,2025-12-22 22:59:12,SUCCESS
DEL03510,D046,Warehouse-East,Zone-08,14.1,2026-02-05 06:13:13,2026-02-05 06:35:29,SUCCESS
DEL03511,D088,Warehouse-North,Zone-16,42.45,2025-12-14 17:02:09,2025-12-14 17:48:31,SUCCESS
DEL03512,D022,Warehouse-South,Zone-04,22.86,2025-10-22 09:16:09,2025-10-22 09:33:36,FAILED
DEL03513,D037,Warehouse-North,Zone-20,24.78,2025-12-09 09:10:31,2025-12-09 09:27:41,SUCCESS
DEL03514,D043,Warehouse-East,Zone-30,33.27,2025-10-23 23:33:19,2025-10-23 23:58:30,SUCCESS
DEL03515,D011,Warehouse-North,Zone-20,,2026-03-23 21:44:08,2026-03-23 21:49:19,SUCCESS
DEL03516,D020,Hub-Central,Zone-17,15.86,2025-11-04 13:51:21,2025-11-04 14:07:58,SUCCESS
DEL03517,D043,Warehouse-South,Zone-22,6.61,2026-01-25 10:23:31,2026-01-25 10:32:47,SUCCESS
DEL03518,D055,Warehouse-East,Zone-20,59.02,2025-10-30 04:04:33,2025-10-30 05:07:48,SUCCESS
DEL03519,D037,Warehouse-North,Zone-09,29.57,2025-12-07 15:35:41,2025-12-07 15:49:22,FAILED
DEL03520,D064,Warehouse-East,Zone-30,9.44,2026-02-06 11:53:35,2026-02-06 12:03:18,SUCCESS
DEL03521,D034,Warehouse-North,Zone-26,25.06,2026-03-07 10:13:34,2026-03-07 10:40:19,SUCCESS
DEL03522,D001,Warehouse-South,Zone-25,34.89,2026-03-17 07:52:41,2026-03-17 08:04:07,FAILED
DEL03523,D084,Warehouse-East,Zone-05,10.29,2025-10-29 11:09:16,2025-10-29 11:21:03,SUCCESS
DEL03524,D050,Hub-Central,Zone-27,5.44,2025-12-26 17:45:05,2025-12-26 17:50:10,SUCCESS
DEL03525,D009,Hub-West,Zone-14,47.28,2025-10-22 23:22:57,2025-10-22 23:49:27,FAILED
DEL03526,D094,Warehouse-South,Zone-03,16.01,2025-11-24 01:47:34,2025-11-24 02:02:25,SUCCESS
DEL03527,D042,Warehouse-South,Zone-25,13.39,2025-10-25 18:21:34,2025-10-25 18:32:42,SUCCESS
DEL03528,D050,Warehouse-East,Zone-16,27.29,2025-12-08 11:16:33,2025-12-08 11:41:47,SUCCESS
DEL03529,D055,Hub-Central,Zone-20,12.75,2026-01-02 10:58:01,2026-01-02 11:12:23,SUCCESS
DEL03530,D082,Warehouse-South,Zone-26,23.24,2025-12-04 18:03:36,2025-12-04 18:32:35,SUCCESS
DEL03531,D084,Warehouse-South,Zone-13,30.5,2026-03-28 22:59:24,2026-03-28 23:19:48,SUCCESS
DEL03532,D054,Hub-Central,Zone-18,36.25,2026-01-15 16:06:23,2026-01-15 16:40:17,FAILED
DEL03533,D069,Hub-West,Zone-18,5.25,2026-01-04 15:41:20,2026-01-04 15:46:36,SUCCESS
DEL03534,D030,Warehouse-North,Zone-19,12.66,2025-12-14 16:29:34,2025-12-14 16:35:04,FAILED
DEL03535,D092,Hub-West,Zone-19,36.92,2025-12-21 21:55:13,2025-12-21 22:30:07,SUCCESS
DEL03536,D100,Warehouse-South,Zone-23,51.37,2026-02-12 15:56:21,2026-02-12 16:55:34,SUCCESS
DEL03537,D012,Warehouse-East,Zone-01,63.61,2025-11-15 16:04:44,2025-11-15 16:58:32,SUCCESS
DEL03538,D027,Warehouse-North,Zone-12,,2026-03-15 04:03:37,2026-03-15 04:35:59,SUCCESS
DEL03539,D072,Warehouse-South,Zone-30,44.48,2026-01-01 00:39:24,2026-01-01 01:22:27,SUCCESS
DEL03540,D015,Warehouse-East,Zone-12,23.32,2025-10-12 13:39:02,2025-10-12 14:01:17,SUCCESS
DEL03541,D100,Warehouse-South,Zone-10,12.81,2026-03-09 00:51:55,2026-03-09 01:01:01,SUCCESS
DEL03542,D059,Hub-West,Zone-30,19.88,2025-10-28 23:44:31,2025-10-29 00:03:43,SUCCESS
DEL03543,D054,Warehouse-South,Zone-27,40.48,2025-11-17 02:07:11,2025-11-17 02:50:08,SUCCESS
DEL03544,D029,Warehouse-South,Zone-04,28.81,2025-10-11 20:21:10,2025-10-11 20:41:39,SUCCESS
DEL03545,D090,Warehouse-South,Zone-13,23.82,2026-02-14 16:42:16,2026-02-14 17:06:56,SUCCESS
DEL03546,D094,Hub-Central,Zone-12,15.16,2025-10-06 02:47:07,2025-10-06 02:54:00,FAILED
DEL03547,D007,Warehouse-North,Zone-22,79.14,2026-02-14 04:46:08,2026-02-14 06:19:51,SUCCESS
DEL03548,D075,Hub-Central,Zone-27,37.16,2025-10-15 07:47:40,2025-10-15 08:14:26,SUCCESS
DEL03549,D077,Warehouse-South,Zone-01,49.1,2026-03-19 00:43:00,2026-03-19 01:28:10,SUCCESS
DEL03550,D019,Warehouse-South,Zone-03,9.95,2025-12-10 22:09:41,2025-12-10 22:12:51,FAILED
DEL03551,D032,Warehouse-North,Zone-19,7.05,2025-10-15 23:09:01,2025-10-15 23:12:21,FAILED
DEL03552,D054,Warehouse-South,Zone-16,35.2,2025-10-30 01:43:58,2025-10-30 02:37:17,SUCCESS
DEL03553,D096,Hub-West,Zone-23,27.18,2025-10-28 04:58:15,2025-10-28 05:19:08,SUCCESS
DEL03554,D039,Hub-Central,Zone-24,42.17,2025-12-31 07:13:06,2025-12-31 07:48:34,SUCCESS
DEL03555,D044,Warehouse-North,Zone-10,37.67,2025-12-26 05:04:01,2025-12-26 05:33:27,SUCCESS
DEL03556,D015,Warehouse-North,Zone-29,15.18,2025-10-31 06:29:15,2025-10-31 06:45:46,SUCCESS
DEL03557,D083,Hub-West,Zone-25,9.53,2025-10-07 05:41:09,2025-10-07 05:47:40,SUCCESS
DEL03558,D023,Warehouse-South,Zone-01,27.38,2026-01-06 17:31:36,2026-01-06 17:51:22,SUCCESS
DEL03559,D051,Hub-Central,Zone-22,29.75,2026-03-11 16:34:13,2026-03-11 16:57:51,SUCCESS
DEL03560,D059,Warehouse-East,Zone-30,35.29,2026-01-16 14:33:13,2026-01-16 15:19:39,SUCCESS
DEL03561,D074,Warehouse-East,Zone-23,53.23,2026-01-06 10:53:42,2026-01-06 11:34:54,SUCCESS
DEL03562,D030,Warehouse-South,Zone-09,44.49,2025-12-22 06:26:47,2025-12-22 07:13:58,SUCCESS
DEL03563,D012,Hub-Central,Zone-05,96.86,2026-01-10 06:22:15,2026-01-10 07:37:31,SUCCESS
DEL03564,D096,Hub-Central,Zone-20,27.78,2025-11-11 03:21:32,2025-11-11 03:43:47,SUCCESS
DEL03565,D008,Hub-Central,Zone-06,74.39,2025-11-12 12:10:40,2025-11-12 13:08:58,SUCCESS
DEL03566,D096,Hub-West,Zone-27,13.05,2026-01-17 14:30:01,2026-01-17 14:43:06,SUCCESS
DEL03567,D010,Hub-Central,Zone-16,54.94,2026-03-08 13:26:23,2026-03-08 14:25:18,SUCCESS
DEL03568,D041,Hub-Central,Zone-27,7.92,2026-02-04 17:48:08,2026-02-04 17:53:45,SUCCESS
DEL03569,D049,Warehouse-North,Zone-26,45.33,2025-11-02 00:08:13,2025-11-02 01:06:32,SUCCESS
DEL03570,D048,Hub-Central,Zone-07,34.2,2026-02-03 13:35:39,2026-02-03 14:28:04,SUCCESS
DEL03571,D035,Warehouse-North,Zone-03,19.05,2025-10-22 01:11:05,2025-10-22 01:36:31,SUCCESS
DEL03572,D047,Warehouse-East,Zone-01,43.63,2026-01-26 03:04:11,2026-01-26 03:27:56,FAILED
DEL03573,D031,Warehouse-South,Zone-18,74.17,2025-11-24 19:10:46,2025-11-24 20:05:07,SUCCESS
DEL03574,D014,Warehouse-South,Zone-20,58.96,2025-10-13 16:24:33,2025-10-13 16:54:40,FAILED
DEL03575,D002,Warehouse-East,Zone-07,9.6,2026-02-24 21:38:43,2026-02-24 21:49:38,SUCCESS
DEL03576,D071,Warehouse-North,Zone-08,22.24,2025-11-09 04:06:39,2025-11-09 04:36:24,SUCCESS
DEL03577,D035,Hub-West,Zone-19,29.74,2025-10-17 12:18:43,2025-10-17 12:50:29,SUCCESS
DEL03578,D006,Hub-Central,Zone-02,65.48,2026-01-18 11:12:56,2026-01-18 12:08:03,SUCCESS
DEL03579,D007,Warehouse-North,Zone-10,52.24,2025-12-01 02:03:01,2025-12-01 03:16:43,SUCCESS
DEL03580,D002,Warehouse-East,Zone-13,36.01,2025-12-09 06:06:19,2025-12-09 06:32:21,SUCCESS
DEL03581,D065,Warehouse-East,Zone-25,40.41,2025-11-07 20:13:26,2025-11-07 20:59:42,SUCCESS
DEL03582,D051,Warehouse-East,Zone-05,30.3,2026-02-18 21:57:06,2026-02-18 22:18:53,FAILED
DEL03583,D090,Warehouse-North,Zone-11,94.33,2026-02-09 00:15:59,2026-02-09 01:29:54,FAILED
DEL03584,D053,Hub-West,Zone-04,14.07,2026-03-24 02:02:41,2026-03-24 02:12:15,FAILED
DEL03585,D065,Warehouse-South,Zone-01,43.35,2026-03-06 19:11:46,2026-03-06 19:51:43,SUCCESS
DEL03586,D076,Hub-Central,Zone-16,14.57,2026-03-04 13:57:06,2026-03-04 14:07:59,SUCCESS
DEL03587,D076,Warehouse-North,Zone-10,33.13,2026-03-18 16:57:32,2026-03-18 17:41:13,SUCCESS
DEL03588,D021,Hub-Central,Zone-03,16.24,2025-10-30 10:13:02,2025-10-30 10:22:05,FAILED
DEL03589,D081,Warehouse-South,Zone-29,52.0,2025-10-19 02:46:00,2025-10-19 04:02:53,SUCCESS
DEL03590,D028,Warehouse-South,Zone-25,25.69,2026-03-06 19:06:39,2026-03-06 19:26:50,SUCCESS
DEL03591,D092,Hub-West,Zone-17,10.16,2025-11-01 06:32:00,2025-11-01 06:45:29,SUCCESS
DEL03592,D094,Hub-West,Zone-30,6.34,2026-01-27 04:55:44,2026-01-27 05:00:38,SUCCESS
DEL03593,D099,Hub-Central,Zone-26,12.85,2025-12-06 07:06:38,2025-12-06 07:15:10,FAILED
DEL03594,D017,Warehouse-East,Zone-12,21.0,2025-12-05 19:57:03,2025-12-05 20:18:00,SUCCESS
DEL03595,D080,Hub-Central,Zone-02,27.07,2026-03-16 05:01:40,2026-03-16 05:11:37,FAILED
DEL03596,D092,Hub-Central,Zone-08,11.6,2026-02-28 07:55:01,2026-02-28 08:08:47,SUCCESS
DEL03597,D027,Hub-West,Zone-03,60.19,2026-01-27 12:36:38,2026-01-27 14:01:11,SUCCESS
DEL03598,D020,Hub-Central,Zone-04,23.46,2026-01-19 01:56:58,2026-01-19 02:15:07,SUCCESS
DEL03599,D002,Warehouse-East,Zone-18,50.52,2025-10-28 16:40:08,2025-10-28 17:26:33,SUCCESS
DEL03600,D012,Warehouse-North,Zone-15,37.14,2026-01-05 21:05:58,2026-01-05 22:00:53,SUCCESS
DEL03601,D041,Warehouse-East,Zone-06,20.95,2025-11-02 22:56:29,2025-11-02 23:17:16,SUCCESS
DEL03602,D009,Hub-West,Zone-12,76.81,2025-11-24 09:26:28,2025-11-24 10:36:21,SUCCESS
DEL03603,D046,Warehouse-North,Zone-06,9.61,2025-10-18 07:50:18,2025-10-18 07:56:52,SUCCESS
DEL03604,D091,Hub-Central,Zone-09,50.6,2026-02-27 21:30:12,2026-02-27 22:32:50,SUCCESS
DEL03605,D061,Hub-Central,Zone-21,44.4,2025-11-19 17:10:08,2025-11-19 17:48:17,SUCCESS
DEL03606,D018,Hub-West,Zone-16,49.08,2025-10-25 01:43:28,2025-10-25 02:21:40,SUCCESS
DEL03607,D006,Warehouse-East,Zone-13,62.98,2025-12-10 13:54:10,2025-12-10 15:05:39,SUCCESS
DEL03608,D053,Hub-West,Zone-30,41.99,2026-03-16 09:54:50,2026-03-16 10:36:10,SUCCESS
DEL03609,D088,Hub-Central,Zone-12,46.89,2025-10-26 01:06:36,2025-10-26 01:50:54,SUCCESS
DEL03610,D066,Hub-West,Zone-11,36.37,2026-03-14 01:13:10,2026-03-14 01:44:49,SUCCESS
DEL03611,D048,Hub-Central,Zone-17,21.94,2025-10-17 05:05:38,2025-10-17 05:34:32,SUCCESS
DEL03612,D058,Warehouse-North,Zone-20,12.6,2025-11-21 00:51:52,2025-11-21 01:02:52,SUCCESS
DEL03613,D083,Warehouse-South,Zone-23,64.48,2025-10-12 01:54:45,2025-10-12 03:00:30,SUCCESS
DEL03614,D072,Warehouse-South,Zone-28,35.77,2025-10-02 13:01:00,2025-10-02 13:32:28,SUCCESS
DEL03615,D014,Hub-Central,Zone-06,24.7,2025-11-26 10:34:35,2025-11-26 11:12:38,SUCCESS
DEL03616,D073,Warehouse-North,Zone-08,23.97,2025-12-17 12:46:53,2025-12-17 13:22:48,SUCCESS
DEL03617,D050,Hub-Central,Zone-22,26.71,2026-03-19 17:52:32,2026-03-19 18:18:46,SUCCESS
DEL03618,D012,Hub-Central,Zone-15,17.78,2025-12-07 18:10:07,2025-12-07 18:21:27,SUCCESS
DEL03619,D083,Hub-Central,Zone-04,65.83,2026-01-12 21:49:12,2026-01-12 22:16:38,FAILED
DEL03620,D011,Warehouse-North,Zone-30,8.75,2025-11-05 00:08:05,2025-11-05 00:13:00,FAILED
DEL03621,D051,Hub-Central,Zone-07,36.58,2026-02-27 04:08:56,2026-02-27 04:45:57,SUCCESS
DEL03622,D052,Warehouse-North,Zone-11,35.15,2025-12-03 19:56:57,2025-12-03 20:25:44,SUCCESS
DEL03623,D044,Hub-Central,Zone-07,27.47,2026-01-26 08:33:56,2026-01-26 08:56:56,SUCCESS
DEL03624,D090,Hub-Central,Zone-04,10.53,2026-02-21 22:38:14,2026-02-21 22:51:58,SUCCESS
DEL03625,D036,Warehouse-North,Zone-18,41.96,2025-12-28 06:29:24,2025-12-28 06:43:10,FAILED
DEL03626,D020,Warehouse-South,Zone-21,12.84,2025-12-31 06:12:27,2025-12-31 06:23:16,SUCCESS
DEL03627,D028,Hub-West,Zone-02,41.9,2025-12-02 04:10:40,2025-12-02 04:55:46,SUCCESS
DEL03628,D077,Hub-Central,Zone-02,9.85,2026-02-28 08:03:33,2026-02-28 08:13:52,SUCCESS
DEL03629,D047,Hub-Central,Zone-16,34.96,2026-03-03 07:36:44,2026-03-03 08:01:59,SUCCESS
DEL03630,D028,Warehouse-South,Zone-28,53.15,2025-10-11 12:01:10,2025-10-11 12:45:11,SUCCESS
DEL03631,D003,Hub-Central,Zone-09,67.44,2026-02-25 07:24:31,2026-02-25 08:38:31,SUCCESS
DEL03632,D033,Warehouse-South,Zone-03,16.01,2026-02-01 10:31:03,2026-02-01 10:45:54,SUCCESS
DEL03633,D019,Warehouse-East,Zone-13,35.95,2025-10-14 10:46:14,2025-10-14 11:12:02,SUCCESS
DEL03634,D011,Hub-Central,Zone-28,24.48,2025-11-27 22:21:00,2025-11-27 22:53:01,SUCCESS
DEL03635,D054,Warehouse-South,Zone-22,15.8,2026-01-10 21:38:32,2026-01-10 21:51:28,SUCCESS
DEL03636,D034,Warehouse-North,Zone-03,23.29,2025-11-05 17:52:01,2025-11-05 18:05:33,FAILED
DEL03637,D055,Warehouse-East,Zone-06,19.84,2025-12-06 09:55:29,2025-12-06 10:22:12,SUCCESS
DEL03638,D026,Hub-Central,Zone-16,45.17,2025-12-07 19:44:43,2025-12-07 20:20:12,SUCCESS
DEL03639,D061,Warehouse-South,Zone-23,26.16,2026-01-12 23:38:24,2026-01-13 00:08:49,SUCCESS
DEL03640,D056,Hub-West,Zone-13,29.18,2025-12-08 20:59:10,2025-12-08 21:21:10,SUCCESS
DEL03641,D002,Hub-West,Zone-07,42.3,2026-01-17 22:01:22,2026-01-17 22:19:34,FAILED
DEL03642,D010,Hub-West,Zone-20,32.67,2026-02-18 08:08:11,2026-02-18 08:50:48,SUCCESS
DEL03643,D019,Warehouse-East,Zone-01,10.78,2025-12-02 20:42:11,2025-12-02 20:50:37,SUCCESS
DEL03644,D020,Hub-Central,Zone-30,32.57,2026-03-24 01:59:52,2026-03-24 02:31:04,SUCCESS
DEL03645,D019,Warehouse-East,Zone-04,12.57,2026-01-05 23:35:07,2026-01-05 23:45:14,FAILED
DEL03646,D087,Warehouse-East,Zone-17,16.57,2025-12-18 21:53:56,2025-12-18 22:12:13,SUCCESS
DEL03647,D093,Hub-Central,Zone-27,90.61,2025-10-01 17:08:07,2025-10-01 19:29:47,SUCCESS
DEL03648,D017,Hub-Central,Zone-21,20.91,2026-02-01 04:01:11,2026-02-01 04:15:44,SUCCESS
DEL03649,D075,Warehouse-North,Zone-07,45.17,2025-10-19 22:07:53,2025-10-19 22:43:22,SUCCESS
DEL03650,D096,Hub-Central,Zone-23,62.6,2025-11-06 10:32:41,2025-11-06 11:19:18,SUCCESS
DEL03651,D070,Warehouse-South,Zone-20,6.59,2026-02-28 08:53:34,2026-02-28 08:56:29,FAILED
DEL03652,D049,Warehouse-East,Zone-07,9.95,2025-11-11 23:16:21,2025-11-11 23:19:56,FAILED
DEL03653,D025,Hub-West,Zone-01,31.16,2026-02-09 23:17:49,2026-02-09 23:29:35,FAILED
DEL03654,D048,Warehouse-East,Zone-01,47.5,2026-03-08 00:29:11,2026-03-08 01:17:31,SUCCESS
DEL03655,D039,Warehouse-East,Zone-17,12.12,2026-03-24 02:42:53,2026-03-24 02:53:52,SUCCESS
DEL03656,D016,Hub-Central,Zone-21,25.8,2026-02-13 19:03:14,2026-02-13 19:42:42,SUCCESS
DEL03657,D059,Hub-Central,Zone-12,6.55,2025-12-20 09:37:48,2025-12-20 09:44:39,SUCCESS
DEL03658,D046,Hub-West,Zone-14,16.43,2026-03-10 19:37:33,2026-03-10 19:45:35,FAILED
DEL03659,D067,Warehouse-East,Zone-04,29.03,2026-02-26 13:32:11,2026-02-26 13:43:19,FAILED
DEL03660,D023,Hub-Central,Zone-12,24.66,2025-12-29 02:16:22,2025-12-29 02:36:31,SUCCESS
DEL03661,D023,Hub-West,Zone-06,11.04,2026-01-16 08:01:06,2026-01-16 08:10:51,SUCCESS
DEL03662,D070,Hub-Central,Zone-10,8.85,2025-12-24 15:19:48,2025-12-24 15:30:23,SUCCESS
DEL03663,D085,Hub-Central,Zone-21,52.54,2026-02-11 16:52:43,2026-02-11 17:46:09,SUCCESS
DEL03664,D037,Hub-West,Zone-30,34.74,2026-02-14 07:59:19,2026-02-14 08:35:59,SUCCESS
DEL03665,D013,Warehouse-North,Zone-03,39.11,2025-10-18 00:20:22,2025-10-18 00:57:53,SUCCESS
DEL03666,D084,Hub-West,Zone-30,29.55,2025-10-04 04:33:10,2025-10-04 05:03:02,SUCCESS
DEL03667,D053,Hub-Central,Zone-24,22.47,2025-10-21 03:09:42,2025-10-21 03:29:01,SUCCESS
DEL03668,D097,Hub-West,Zone-04,24.94,2026-01-30 03:14:18,2026-01-30 03:38:03,SUCCESS
DEL03669,D082,Hub-West,Zone-19,10.16,2025-12-26 05:40:17,2025-12-26 05:46:20,FAILED
DEL03670,D005,Warehouse-East,Zone-28,40.62,2026-02-07 15:45:17,2026-02-07 16:10:05,FAILED
DEL03671,D054,Warehouse-South,Zone-25,26.08,2025-11-11 03:23:27,2025-11-11 03:42:45,SUCCESS
DEL03672,D059,Hub-Central,Zone-04,26.47,2026-01-16 02:35:09,2026-01-16 02:46:01,FAILED
DEL03673,D026,Hub-Central,Zone-04,27.38,2026-03-16 06:50:45,2026-03-16 07:19:14,SUCCESS
DEL03674,D045,Hub-Central,Zone-14,13.48,2026-03-04 03:08:55,2026-03-04 03:27:06,SUCCESS
DEL03675,D083,Hub-Central,Zone-01,56.28,2026-02-14 16:06:31,2026-02-14 17:10:56,SUCCESS
DEL03676,D048,Warehouse-South,Zone-17,24.17,2026-03-01 21:17:52,2026-03-01 21:37:16,SUCCESS
DEL03677,D037,Warehouse-East,Zone-10,70.1,2025-11-21 23:08:56,2025-11-22 00:02:22,SUCCESS
DEL03678,D054,Warehouse-South,Zone-01,8.2,2026-02-08 17:48:33,2026-02-08 17:55:51,SUCCESS
DEL03679,D054,Warehouse-North,Zone-01,43.71,2025-10-07 08:16:29,2025-10-07 08:46:15,SUCCESS
DEL03680,D020,Warehouse-East,Zone-27,24.53,2026-03-03 12:02:39,2026-03-03 12:23:49,SUCCESS
DEL03681,D067,Hub-West,Zone-11,52.82,2026-03-09 05:38:14,2026-03-09 06:56:51,SUCCESS
DEL03682,D043,Hub-West,Zone-14,26.62,2025-11-03 02:10:17,2025-11-03 02:27:24,FAILED
DEL03683,D031,Hub-Central,Zone-07,72.94,2026-01-16 21:56:02,2026-01-16 23:40:21,SUCCESS
DEL03684,D079,Hub-Central,Zone-27,28.8,2026-02-03 03:16:54,2026-02-03 03:59:54,SUCCESS
DEL03685,D007,Hub-West,Zone-14,85.03,2026-03-05 14:28:34,2026-03-05 15:39:15,SUCCESS
DEL03686,D017,Hub-Central,Zone-24,16.08,2026-02-01 13:14:57,2026-02-01 13:29:17,SUCCESS
DEL03687,D023,Warehouse-East,Zone-17,31.51,2025-12-18 06:40:14,2025-12-18 07:20:42,SUCCESS
DEL03688,D021,Warehouse-South,Zone-04,53.57,2025-12-24 22:26:20,2025-12-24 23:29:32,SUCCESS
DEL03689,D091,Warehouse-South,Zone-17,17.15,2026-03-05 13:43:55,2026-03-05 13:59:26,SUCCESS
DEL03690,D016,Hub-West,Zone-26,,2026-01-31 14:43:43,2026-01-31 15:16:46,SUCCESS
DEL03691,D051,Warehouse-East,Zone-27,16.24,2026-03-13 16:48:28,2026-03-13 16:59:13,FAILED
DEL03692,D071,Warehouse-East,Zone-07,22.62,2025-10-31 21:14:29,2025-10-31 21:29:16,FAILED
DEL03693,D012,Warehouse-North,Zone-14,57.59,2025-10-19 02:38:53,2025-10-19 03:59:09,SUCCESS
DEL03694,D002,Hub-West,Zone-05,18.56,2026-01-31 02:51:32,2026-01-31 03:05:06,SUCCESS
DEL03695,D004,Hub-West,Zone-30,10.31,2026-01-29 00:33:11,2026-01-29 00:44:55,SUCCESS
DEL03696,D011,Hub-Central,Zone-01,24.87,2026-01-20 00:45:08,2026-01-20 01:05:50,SUCCESS
DEL03697,D096,Warehouse-South,Zone-15,66.56,2026-02-20 13:28:34,2026-02-20 14:33:24,SUCCESS
DEL03698,D082,Warehouse-East,Zone-06,26.11,2026-01-31 15:00:41,2026-01-31 15:31:13,SUCCESS
DEL03699,D031,Warehouse-South,Zone-10,47.03,2026-02-04 16:58:34,2026-02-04 17:23:00,FAILED
DEL03700,D025,Warehouse-South,Zone-24,14.2,2026-01-12 23:13:30,2026-01-12 23:36:12,SUCCESS
DEL03701,D100,Hub-Central,Zone-25,26.31,2026-03-06 17:20:47,2026-03-06 17:31:56,FAILED
DEL03702,D034,Warehouse-North,Zone-09,34.54,2026-02-06 00:21:48,2026-02-06 00:49:19,SUCCESS
DEL03703,D011,Warehouse-North,Zone-21,32.97,2025-10-28 22:00:52,2025-10-28 22:27:54,SUCCESS
DEL03704,D075,Warehouse-North,Zone-04,43.22,2026-03-18 08:13:43,2026-03-18 08:44:07,SUCCESS
DEL03705,D059,Hub-West,Zone-04,26.31,2026-03-30 01:03:38,2026-03-30 01:14:55,FAILED
DEL03706,D014,Warehouse-East,Zone-09,39.32,2025-10-28 13:00:02,2025-10-28 13:29:33,SUCCESS
DEL03707,D024,Warehouse-North,Zone-16,14.67,2025-10-19 00:22:22,2025-10-19 00:40:36,SUCCESS
DEL03708,D047,Warehouse-South,Zone-13,10.46,2026-03-27 05:34:45,2026-03-27 05:44:50,SUCCESS
DEL03709,D013,Warehouse-North,Zone-14,27.46,2026-01-04 08:23:53,2026-01-04 08:58:31,SUCCESS
DEL03710,D010,Warehouse-North,Zone-07,16.43,2026-01-03 11:20:05,2026-01-03 11:41:35,SUCCESS
DEL03711,D088,Hub-Central,Zone-29,18.54,2025-12-21 12:54:32,2025-12-21 13:18:43,SUCCESS
DEL03712,D041,Hub-Central,Zone-26,31.74,2026-02-01 00:33:55,2026-02-01 01:01:18,SUCCESS
DEL03713,D021,Warehouse-East,Zone-01,24.53,2025-11-04 21:57:31,2025-11-04 22:16:07,SUCCESS
DEL03714,D023,Hub-West,Zone-21,23.13,2026-02-06 02:16:05,2026-02-06 02:31:34,SUCCESS
DEL03715,D078,Warehouse-North,Zone-04,17.3,2026-03-15 23:41:54,2026-03-16 00:00:12,SUCCESS
DEL03716,D044,Hub-Central,Zone-20,25.24,2025-12-07 08:07:45,2025-12-07 08:21:50,FAILED
DEL03717,D077,Warehouse-North,Zone-06,48.25,2026-01-15 02:47:39,2026-01-15 03:43:21,SUCCESS
DEL03718,D067,Warehouse-East,Zone-30,15.0,2026-02-22 00:33:27,2026-02-22 00:55:00,SUCCESS
DEL03719,D016,Hub-West,Zone-01,53.37,2025-11-07 10:43:26,2025-11-07 11:07:37,FAILED
DEL03720,D069,Hub-West,Zone-17,16.21,2025-10-05 11:21:56,2025-10-05 11:34:19,FAILED
DEL03721,D098,Warehouse-South,Zone-28,37.88,2025-10-30 13:59:02,2025-10-30 14:38:18,SUCCESS
DEL03722,D047,Warehouse-South,Zone-01,31.93,2025-10-23 06:57:10,2025-10-23 07:22:21,SUCCESS
DEL03723,D042,Warehouse-South,Zone-03,19.19,2025-10-27 21:45:35,2025-10-27 22:01:49,SUCCESS
DEL03724,D094,Warehouse-South,Zone-09,66.39,2026-02-12 07:05:51,2026-02-12 08:07:22,SUCCESS
DEL03725,D036,Warehouse-South,Zone-03,22.01,2026-01-02 12:18:05,2026-01-02 12:27:03,FAILED
DEL03726,D045,Hub-West,Zone-21,54.58,2026-02-15 11:54:31,2026-02-15 12:31:58,SUCCESS
DEL03727,D038,Hub-Central,Zone-14,15.6,2025-12-30 16:34:53,2025-12-30 16:41:06,FAILED
DEL03728,D066,Warehouse-South,Zone-09,6.43,2025-12-17 15:51:55,2025-12-17 15:58:20,SUCCESS
DEL03729,D023,Warehouse-East,Zone-13,22.11,2025-11-08 10:10:15,2025-11-08 10:28:37,SUCCESS
DEL03730,D014,Hub-West,Zone-10,54.87,2026-01-22 07:59:52,2026-01-22 08:52:25,SUCCESS
DEL03731,D022,Warehouse-South,Zone-24,47.49,2026-03-04 04:46:19,2026-03-04 05:22:20,SUCCESS
DEL03732,D063,Hub-Central,Zone-14,13.49,2025-12-24 04:07:27,2025-12-24 04:21:03,SUCCESS
DEL03733,D077,Warehouse-East,Zone-27,19.02,2026-02-23 01:38:30,2026-02-23 01:55:04,SUCCESS
DEL03734,D041,Warehouse-North,Zone-20,32.4,2026-01-29 22:58:31,2026-01-29 23:19:45,SUCCESS
DEL03735,D050,Warehouse-South,Zone-19,8.88,2025-12-23 08:44:36,2025-12-23 08:49:56,FAILED
DEL03736,D046,Warehouse-North,Zone-15,40.27,2025-12-12 14:46:55,2025-12-12 15:13:11,SUCCESS
DEL03737,D022,Warehouse-North,Zone-17,43.48,2026-03-22 17:08:09,2026-03-22 18:11:38,SUCCESS
DEL03738,D033,Hub-Central,Zone-10,22.31,2026-01-22 23:00:32,2026-01-22 23:09:19,FAILED
DEL03739,D078,Hub-West,Zone-12,7.16,2026-03-10 12:38:16,2026-03-10 12:46:49,SUCCESS
DEL03740,D051,Warehouse-North,Zone-06,7.04,2025-10-06 19:31:49,2025-10-06 19:37:03,SUCCESS
DEL03741,D042,Warehouse-South,Zone-12,14.98,2025-12-23 09:05:15,2025-12-23 09:27:00,SUCCESS
DEL03742,D032,Warehouse-South,Zone-22,23.2,2025-10-15 02:31:42,2025-10-15 03:06:59,SUCCESS
DEL03743,D048,Warehouse-South,Zone-25,15.09,2025-12-12 05:28:45,2025-12-12 05:49:37,SUCCESS
DEL03744,D041,Warehouse-North,Zone-11,28.11,2025-10-24 17:58:34,2025-10-24 18:20:34,SUCCESS
DEL03745,D089,Warehouse-East,Zone-07,26.09,2025-10-03 02:48:08,2025-10-03 03:17:15,SUCCESS
DEL03746,D060,Warehouse-East,Zone-29,38.75,2026-01-19 04:35:54,2026-01-19 05:05:48,SUCCESS
DEL03747,D030,Warehouse-North,Zone-13,17.09,2026-01-18 01:26:05,2026-01-18 01:39:25,SUCCESS
DEL03748,D037,Warehouse-South,Zone-17,52.97,2026-01-25 20:36:00,2026-01-25 21:22:34,SUCCESS
DEL03749,D028,Hub-West,Zone-09,41.46,2025-10-20 23:38:34,2025-10-21 00:12:32,SUCCESS
DEL03750,D092,Warehouse-North,Zone-19,22.05,2026-01-27 01:02:22,2026-01-27 01:22:02,SUCCESS
DEL03751,D083,Hub-Central,Zone-11,53.28,2025-12-21 21:29:53,2025-12-21 22:47:44,SUCCESS
DEL03752,D041,Warehouse-South,Zone-02,20.37,2025-11-08 11:26:52,2025-11-08 11:52:50,SUCCESS
DEL03753,D064,Warehouse-North,Zone-09,22.31,2026-01-05 19:52:55,2026-01-05 20:07:08,SUCCESS
DEL03754,D054,Warehouse-North,Zone-15,16.18,2025-10-24 03:47:14,2025-10-24 04:11:47,SUCCESS
DEL03755,D022,Warehouse-East,Zone-19,57.37,2026-01-25 18:52:12,2026-01-25 19:51:32,SUCCESS
DEL03756,D050,Hub-West,Zone-01,8.65,2025-11-15 21:48:21,2025-11-15 21:59:06,SUCCESS
DEL03757,D037,Hub-West,Zone-01,45.06,2025-10-04 11:07:23,2025-10-04 11:46:05,SUCCESS
DEL03758,D060,Warehouse-South,Zone-27,26.24,2025-11-25 05:14:26,2025-11-25 05:29:32,FAILED
DEL03759,D052,Hub-West,Zone-30,19.51,2025-10-08 04:28:14,2025-10-08 04:43:51,SUCCESS
DEL03760,D068,Warehouse-East,Zone-21,16.47,2025-10-08 14:18:48,2025-10-08 14:38:27,SUCCESS
DEL03761,D003,Hub-Central,Zone-04,60.82,2025-10-14 11:40:46,2025-10-14 12:32:57,SUCCESS
DEL03762,D054,Warehouse-East,Zone-09,18.81,2026-02-18 10:36:23,2026-02-18 10:50:09,SUCCESS
DEL03763,D041,Warehouse-East,Zone-13,26.76,2026-02-24 08:27:38,2026-02-24 08:47:31,SUCCESS
DEL03764,D011,Warehouse-East,Zone-16,34.81,2026-01-17 01:14:45,2026-01-17 01:43:06,SUCCESS
DEL03765,D079,Hub-Central,Zone-10,29.91,2025-10-10 03:22:30,2025-10-10 03:45:26,SUCCESS
DEL03766,D090,Hub-Central,Zone-28,62.86,2025-12-28 06:30:16,2025-12-28 07:32:59,SUCCESS
DEL03767,D083,Warehouse-North,Zone-27,41.73,2026-03-26 19:06:22,2026-03-26 19:45:07,SUCCESS
DEL03768,D048,Warehouse-North,Zone-01,45.9,2026-01-28 23:58:53,2026-01-29 00:41:23,SUCCESS
DEL03769,D029,Warehouse-North,Zone-05,11.9,2025-10-10 06:55:25,2025-10-10 07:03:39,FAILED
DEL03770,D014,Hub-Central,Zone-08,53.05,2025-12-02 16:37:55,2025-12-02 17:54:08,SUCCESS
DEL03771,D022,Warehouse-South,Zone-24,23.71,2025-10-18 02:11:15,2025-10-18 02:31:50,FAILED
DEL03772,D048,Hub-West,Zone-01,43.42,2026-03-08 11:31:24,2026-03-08 12:12:56,SUCCESS
DEL03773,D089,Warehouse-North,Zone-09,21.43,2026-03-18 13:14:33,2026-03-18 13:30:31,SUCCESS
DEL03774,D006,Warehouse-North,Zone-10,22.68,2025-10-22 12:22:55,2025-10-22 12:52:24,SUCCESS
DEL03775,D010,Warehouse-East,Zone-23,15.26,2025-11-21 05:03:27,2025-11-21 05:17:45,SUCCESS
DEL03776,D079,Hub-Central,Zone-09,32.95,2026-03-03 17:15:11,2026-03-03 17:47:19,SUCCESS
DEL03777,D090,Warehouse-South,Zone-19,32.65,2025-11-03 01:50:07,2025-11-03 02:19:58,SUCCESS
DEL03778,D059,Warehouse-South,Zone-11,34.85,2025-10-24 06:46:52,2025-10-24 07:15:00,SUCCESS
DEL03779,D019,Hub-West,Zone-29,6.1,2026-02-24 05:23:47,2026-02-24 05:30:16,SUCCESS
DEL03780,D053,Hub-Central,Zone-22,33.09,2026-02-01 16:11:10,2026-02-01 16:54:37,SUCCESS
DEL03781,D016,Hub-West,Zone-08,46.39,2026-01-10 07:35:42,2026-01-10 08:31:42,SUCCESS
DEL03782,D074,Hub-Central,Zone-09,61.41,2026-01-01 19:18:01,2026-01-01 19:59:53,SUCCESS
DEL03783,D042,Hub-Central,Zone-08,8.82,2026-02-28 00:46:54,2026-02-28 00:53:05,FAILED
DEL03784,D012,Warehouse-East,Zone-23,72.67,2025-11-21 05:27:11,2025-11-21 06:26:55,SUCCESS
DEL03785,D011,Hub-West,Zone-27,15.9,2025-12-08 13:08:39,2025-12-08 13:28:55,SUCCESS
DEL03786,D032,Warehouse-South,Zone-23,24.9,2026-02-06 01:24:11,2026-02-06 01:44:10,SUCCESS
DEL03787,D010,Hub-Central,Zone-02,9.43,2025-10-15 14:11:53,2025-10-15 14:27:09,SUCCESS
DEL03788,D028,Warehouse-South,Zone-15,28.69,2025-10-03 13:10:53,2025-10-03 13:53:26,SUCCESS
DEL03789,D050,Hub-Central,Zone-04,20.89,2025-11-06 11:45:31,2025-11-06 12:13:21,SUCCESS
DEL03790,D044,Hub-West,Zone-25,60.2,2025-11-10 12:25:58,2025-11-10 13:32:27,SUCCESS
DEL03791,D068,Warehouse-East,Zone-25,32.76,2026-01-08 19:04:29,2026-01-08 19:21:32,FAILED
DEL03792,D040,Hub-Central,Zone-21,52.11,2026-02-15 13:54:24,2026-02-15 14:38:18,SUCCESS
DEL03793,D020,Hub-West,Zone-04,24.51,2026-03-14 15:04:00,2026-03-14 15:21:44,SUCCESS
DEL03794,D017,Warehouse-East,Zone-13,14.27,2025-11-12 11:36:40,2025-11-12 11:49:32,SUCCESS
DEL03795,D058,Hub-West,Zone-17,43.17,2026-03-18 12:30:54,2026-03-18 12:49:21,FAILED
DEL03796,D026,Hub-Central,Zone-07,16.03,2026-03-01 11:09:41,2026-03-01 11:23:52,SUCCESS
DEL03797,D009,Hub-Central,Zone-06,16.34,2025-11-23 22:49:15,2025-11-23 23:02:12,SUCCESS
DEL03798,D088,Hub-West,Zone-21,17.1,2025-11-29 15:24:27,2025-11-29 15:36:29,FAILED
DEL03799,D014,Hub-Central,Zone-29,50.24,2025-10-29 14:25:11,2025-10-29 14:48:19,FAILED
DEL03800,D014,Warehouse-North,Zone-08,29.65,2026-02-22 16:04:22,2026-02-22 16:23:08,FAILED
DEL03801,D003,Hub-Central,Zone-06,6.24,2026-03-23 14:47:56,2026-03-23 14:54:51,SUCCESS
DEL03802,D035,Hub-Central,Zone-22,13.72,2025-10-06 13:13:17,2025-10-06 13:20:21,FAILED
DEL03803,D068,Warehouse-East,Zone-09,41.78,2025-12-27 21:27:34,2025-12-27 22:09:57,SUCCESS
DEL03804,D016,Hub-West,Zone-03,40.51,2026-03-29 23:47:46,2026-03-30 00:33:30,SUCCESS
DEL03805,D046,Warehouse-South,Zone-05,42.12,2025-12-23 18:48:46,2025-12-23 19:18:13,SUCCESS
DEL03806,D051,Hub-Central,Zone-17,30.12,2026-01-06 12:22:36,2026-01-06 13:00:55,SUCCESS
DEL03807,D043,Hub-Central,Zone-09,22.79,2025-10-11 07:43:47,2025-10-11 07:56:02,FAILED
DEL03808,D048,Warehouse-North,Zone-21,33.01,2025-10-19 23:50:24,2025-10-20 00:06:14,FAILED
DEL03809,D049,Hub-Central,Zone-07,25.28,2026-02-20 03:22:29,2026-02-20 03:51:25,SUCCESS
DEL03810,D038,Hub-Central,Zone-06,19.63,2025-11-06 18:53:57,2025-11-06 19:11:44,SUCCESS
DEL03811,D077,Hub-West,Zone-20,23.77,2025-11-23 13:54:25,2025-11-23 14:01:08,FAILED
DEL03812,D064,Hub-Central,Zone-04,62.2,2026-01-09 16:56:13,2026-01-09 17:26:06,FAILED
DEL03813,D088,Warehouse-South,Zone-04,28.8,2025-10-10 16:25:04,2025-10-10 16:50:25,SUCCESS
DEL03814,D029,Warehouse-North,Zone-29,6.5,2025-10-23 08:48:52,2025-10-23 08:53:44,SUCCESS
DEL03815,D005,Warehouse-East,Zone-08,22.0,2026-01-20 16:46:06,2026-01-20 17:04:22,SUCCESS
DEL03816,D009,Warehouse-North,Zone-09,55.07,2026-01-12 07:54:48,2026-01-12 08:23:29,FAILED
DEL03817,D029,Hub-West,Zone-23,13.47,2026-03-21 09:12:55,2026-03-21 09:26:11,SUCCESS
DEL03818,D092,Hub-Central,Zone-13,7.56,2025-12-18 13:23:00,2025-12-18 13:29:23,SUCCESS
DEL03819,D013,Warehouse-East,Zone-16,30.41,2025-11-12 16:45:13,2025-11-12 17:15:05,FAILED
DEL03820,D027,Warehouse-South,Zone-12,79.46,2025-11-03 05:03:12,2025-11-03 06:15:43,SUCCESS
DEL03821,D082,Hub-West,Zone-10,18.15,2025-11-25 22:08:33,2025-11-25 22:22:35,SUCCESS
DEL03822,D094,Warehouse-North,Zone-06,34.56,2025-10-01 14:28:44,2025-10-01 15:08:09,FAILED
DEL03823,D065,Hub-West,Zone-16,29.06,2026-03-26 06:34:22,2026-03-26 06:57:41,SUCCESS
DEL03824,D095,Warehouse-South,Zone-06,16.53,2025-11-29 06:54:49,2025-11-29 07:08:06,SUCCESS
DEL03825,D041,Warehouse-North,Zone-06,9.24,2026-02-10 07:45:07,2026-02-10 07:54:46,SUCCESS
DEL03826,D024,Hub-Central,Zone-05,45.87,2025-12-04 11:57:21,2025-12-04 12:14:13,FAILED
DEL03827,D002,Hub-Central,Zone-14,8.07,2026-02-07 07:55:52,2026-02-07 08:03:59,SUCCESS
DEL03828,D043,Warehouse-South,Zone-09,32.19,2025-10-05 01:03:36,2025-10-05 01:45:27,SUCCESS
DEL03829,D010,Warehouse-North,Zone-20,20.33,2025-11-03 03:38:12,2025-11-03 03:52:49,SUCCESS
DEL03830,D046,Hub-West,Zone-01,36.96,2026-01-01 00:12:30,2026-01-01 00:41:03,SUCCESS
DEL03831,D063,Warehouse-South,Zone-16,39.08,2026-03-19 13:29:36,2026-03-19 13:55:25,SUCCESS
DEL03832,D015,Warehouse-North,Zone-19,8.21,2025-10-09 18:32:16,2025-10-09 18:40:34,SUCCESS
DEL03833,D088,Warehouse-South,Zone-17,44.88,2025-11-26 10:34:01,2025-11-26 11:27:18,SUCCESS
DEL03834,D065,Warehouse-South,Zone-25,12.39,2025-11-02 11:41:47,2025-11-02 11:57:21,SUCCESS
DEL03835,D013,Warehouse-East,Zone-26,59.37,2025-10-20 09:59:55,2025-10-20 10:49:42,SUCCESS
DEL03836,D095,Hub-Central,Zone-16,5.67,2025-12-05 04:22:11,2025-12-05 04:29:55,SUCCESS
DEL03837,D095,Hub-West,Zone-09,28.15,2025-12-08 02:45:29,2025-12-08 03:01:57,FAILED
DEL03838,D085,Warehouse-East,Zone-12,14.68,2026-01-03 11:13:23,2026-01-03 11:26:36,SUCCESS
DEL03839,D059,Warehouse-East,Zone-10,7.0,2025-10-03 15:11:56,2025-10-03 15:17:23,SUCCESS
DEL03840,D091,Hub-West,Zone-25,52.98,2025-12-04 19:20:09,2025-12-04 20:09:05,SUCCESS
DEL03841,D085,Hub-West,Zone-16,12.46,2026-03-16 09:42:18,2026-03-16 09:52:03,SUCCESS
DEL03842,D015,Hub-West,Zone-24,29.4,2025-11-22 09:59:58,2025-11-22 10:22:38,SUCCESS
DEL03843,D082,Warehouse-South,Zone-14,17.2,2025-10-05 00:35:46,2025-10-05 00:54:35,SUCCESS
DEL03844,D029,Warehouse-South,Zone-12,23.98,2026-02-06 00:52:21,2026-02-06 01:19:19,SUCCESS
DEL03845,D064,Warehouse-South,Zone-19,68.95,2025-10-07 00:01:34,2025-10-07 00:31:26,FAILED
DEL03846,D095,Hub-Central,Zone-12,13.95,2026-02-13 02:41:28,2026-02-13 02:52:37,SUCCESS
DEL03847,D027,Warehouse-North,Zone-07,76.67,2026-02-22 12:59:34,2026-02-22 14:02:27,FAILED
DEL03848,D049,Warehouse-North,Zone-09,39.59,2026-02-02 00:42:54,2026-02-02 01:29:07,SUCCESS
DEL03849,D081,Hub-West,Zone-29,54.59,2026-02-09 19:26:39,2026-02-09 20:14:07,SUCCESS
DEL03850,D058,Hub-West,Zone-06,59.38,2026-03-20 02:53:18,2026-03-20 03:38:05,SUCCESS
DEL03851,D034,Warehouse-East,Zone-29,49.68,2026-03-26 18:25:58,2026-03-26 19:03:43,FAILED
DEL03852,D043,Hub-West,Zone-14,9.95,2025-12-15 22:18:51,2025-12-15 22:32:01,SUCCESS
DEL03853,D036,Warehouse-South,Zone-02,24.6,2025-11-30 01:33:03,2025-11-30 01:51:42,SUCCESS
DEL03854,D075,Warehouse-East,Zone-27,22.1,2026-01-09 23:44:16,2026-01-10 00:11:06,SUCCESS
DEL03855,D079,Hub-Central,Zone-26,28.25,2025-10-24 21:02:27,2025-10-24 21:12:58,FAILED
DEL03856,D059,Warehouse-East,Zone-10,19.36,2026-01-19 00:50:17,2026-01-19 01:06:36,SUCCESS
DEL03857,D015,Hub-Central,Zone-30,30.21,2025-10-02 14:50:36,2025-10-02 15:22:47,SUCCESS
DEL03858,D088,Hub-Central,Zone-22,9.93,2025-10-29 13:40:50,2025-10-29 13:47:43,SUCCESS
DEL03859,D020,Warehouse-East,Zone-20,10.64,2026-01-10 14:13:27,2026-01-10 14:23:59,SUCCESS
DEL03860,D072,Warehouse-South,Zone-10,45.18,2026-02-06 23:57:25,2026-02-07 00:54:09,SUCCESS
DEL03861,D063,Warehouse-North,Zone-26,15.99,2025-11-25 23:23:19,2025-11-25 23:37:34,SUCCESS
DEL03862,D038,Hub-Central,Zone-02,6.17,2025-10-04 00:39:57,2025-10-04 00:45:45,SUCCESS
DEL03863,D028,Hub-West,Zone-04,29.1,2025-11-24 22:57:22,2025-11-24 23:23:52,SUCCESS
DEL03864,D007,Warehouse-East,Zone-01,11.37,2026-01-03 19:57:09,2026-01-03 20:06:48,SUCCESS
DEL03865,D056,Warehouse-North,Zone-02,28.28,2025-12-08 09:37:46,2025-12-08 10:03:30,SUCCESS
DEL03866,D033,Warehouse-East,Zone-29,14.6,2025-10-27 17:48:57,2025-10-27 18:05:22,SUCCESS
DEL03867,D037,Hub-West,Zone-22,51.73,2026-03-02 11:35:31,2026-03-02 12:11:53,SUCCESS
DEL03868,D099,Warehouse-South,Zone-03,60.36,2026-01-17 21:16:49,2026-01-17 22:43:06,SUCCESS
DEL03869,D092,Warehouse-South,Zone-24,,2025-11-22 13:24:30,2025-11-22 13:33:45,SUCCESS
DEL03870,D026,Hub-West,Zone-30,56.55,2025-12-23 21:30:09,2025-12-23 22:03:42,FAILED
DEL03871,D011,Warehouse-South,Zone-02,26.18,2025-11-26 11:14:08,2025-11-26 11:43:05,SUCCESS
DEL03872,D061,Warehouse-South,Zone-26,52.0,2025-12-08 20:42:21,2025-12-08 21:01:18,FAILED
DEL03873,D087,Hub-Central,Zone-14,24.47,2026-02-01 16:50:35,2026-02-01 17:21:31,SUCCESS
DEL03874,D052,Warehouse-North,Zone-29,16.76,2026-03-25 13:42:15,2026-03-25 13:58:48,SUCCESS
DEL03875,D034,Warehouse-East,Zone-20,45.38,2026-03-28 16:24:55,2026-03-28 17:11:05,SUCCESS
DEL03876,D040,Hub-West,Zone-14,28.23,2025-11-03 15:38:44,2025-11-03 15:59:21,FAILED
DEL03877,D087,Warehouse-East,Zone-26,15.79,2026-03-20 02:08:27,2026-03-20 02:29:21,SUCCESS
DEL03878,D075,Warehouse-South,Zone-09,21.21,2025-10-28 00:36:31,2025-10-28 00:53:52,SUCCESS
DEL03879,D018,Hub-West,Zone-07,39.61,2025-12-20 20:09:21,2025-12-20 20:39:32,SUCCESS
DEL03880,D039,Warehouse-North,Zone-10,33.48,2025-11-29 05:23:05,2025-11-29 05:59:00,SUCCESS
DEL03881,D073,Hub-Central,Zone-18,15.52,2026-03-30 00:41:09,2026-03-30 01:05:08,SUCCESS
DEL03882,D024,Hub-Central,Zone-04,39.47,2025-12-13 00:07:41,2025-12-13 00:48:16,SUCCESS
DEL03883,D018,Hub-Central,Zone-23,24.22,2026-01-11 06:00:02,2026-01-11 06:20:57,SUCCESS
DEL03884,D041,Warehouse-East,Zone-15,19.31,2026-01-06 19:56:55,2026-01-06 20:10:18,SUCCESS
DEL03885,D046,Hub-Central,Zone-14,30.35,2025-12-23 01:04:58,2025-12-23 01:31:25,SUCCESS
DEL03886,D053,Warehouse-North,Zone-30,20.15,2025-12-29 13:44:21,2025-12-29 13:59:35,SUCCESS
DEL03887,D072,Hub-Central,Zone-03,38.67,2025-10-06 03:08:09,2025-10-06 03:36:26,SUCCESS
DEL03888,D097,Hub-West,Zone-30,33.1,2025-10-28 07:10:34,2025-10-28 07:39:28,SUCCESS
DEL03889,D039,Warehouse-South,Zone-19,23.54,2026-03-02 17:58:16,2026-03-02 18:13:23,FAILED
DEL03890,D066,Warehouse-South,Zone-20,35.41,2025-12-12 10:49:26,2025-12-12 11:24:40,SUCCESS
DEL03891,D070,Hub-West,Zone-29,16.7,2026-03-24 17:53:44,2026-03-24 18:08:15,SUCCESS
DEL03892,D038,Hub-Central,Zone-05,40.61,2025-10-11 09:29:45,2025-10-11 09:51:03,FAILED
DEL03893,D052,Warehouse-North,Zone-15,27.58,2026-02-08 02:47:44,2026-02-08 03:18:56,SUCCESS
DEL03894,D098,Hub-West,Zone-15,21.18,2026-03-19 21:22:48,2026-03-19 21:44:45,SUCCESS
DEL03895,D007,Warehouse-North,Zone-09,72.46,2025-10-17 10:32:23,2025-10-17 11:47:25,SUCCESS
DEL03896,D084,Warehouse-East,Zone-20,40.04,2025-10-21 18:53:02,2025-10-21 19:50:03,SUCCESS
DEL03897,D013,Warehouse-East,Zone-19,30.88,2026-03-09 14:31:07,2026-03-09 15:04:50,SUCCESS
DEL03898,D062,Warehouse-East,Zone-28,8.63,2026-02-12 02:23:46,2026-02-12 02:30:13,SUCCESS
DEL03899,D008,Hub-West,Zone-22,8.12,2025-10-24 13:57:50,2025-10-24 13:59:49,FAILED
DEL03900,D066,Warehouse-North,Zone-23,13.88,2026-02-21 13:40:59,2026-02-21 13:50:10,SUCCESS
DEL03901,D027,Warehouse-South,Zone-18,11.85,2026-01-09 05:57:53,2026-01-09 06:06:51,SUCCESS
DEL03902,D095,Warehouse-South,Zone-08,40.53,2026-01-05 04:17:13,2026-01-05 04:43:05,FAILED
DEL03903,D087,Warehouse-South,Zone-10,33.74,2026-02-02 05:04:10,2026-02-02 05:33:11,SUCCESS
DEL03904,D081,Warehouse-North,Zone-26,20.25,2025-11-30 08:51:22,2025-11-30 09:10:12,SUCCESS
DEL03905,D063,Warehouse-South,Zone-04,19.92,2026-01-30 02:29:04,2026-01-30 02:50:26,SUCCESS
DEL03906,D009,Warehouse-South,Zone-20,57.22,2025-10-01 00:09:59,2025-10-01 00:45:42,FAILED
DEL03907,D016,Warehouse-North,Zone-08,56.96,2026-01-09 22:32:55,2026-01-09 23:33:59,SUCCESS
DEL03908,D027,Hub-Central,Zone-01,36.84,2025-10-21 02:50:37,2025-10-21 03:20:24,SUCCESS
DEL03909,D065,Hub-Central,Zone-02,48.99,2025-12-26 04:19:54,2025-12-26 05:07:43,SUCCESS
DEL03910,D016,Hub-Central,Zone-16,52.9,2025-11-28 05:44:45,2025-11-28 06:24:06,SUCCESS
DEL03911,D024,Warehouse-South,Zone-27,39.62,2026-03-09 06:44:23,2026-03-09 07:24:38,SUCCESS
DEL03912,D070,Hub-West,Zone-22,20.56,2025-11-20 12:57:11,2025-11-20 13:14:27,SUCCESS
DEL03913,D057,Hub-West,Zone-04,18.14,2026-03-16 20:41:34,2026-03-16 21:06:03,SUCCESS
DEL03914,D056,Warehouse-North,Zone-06,11.17,2025-10-29 09:33:26,2025-10-29 09:41:58,SUCCESS
DEL03915,D019,Warehouse-South,Zone-06,10.1,2026-03-08 22:43:11,2026-03-08 22:48:05,FAILED
DEL03916,D066,Hub-West,Zone-07,12.38,2026-02-22 00:24:29,2026-02-22 00:35:10,FAILED
DEL03917,D061,Warehouse-East,Zone-10,43.89,2026-01-02 07:08:09,2026-01-02 07:52:17,SUCCESS
DEL03918,D086,Hub-West,Zone-16,30.9,2025-10-20 10:07:31,2025-10-20 10:30:52,SUCCESS
DEL03919,D048,Warehouse-East,Zone-13,42.93,2026-02-07 15:42:21,2026-02-07 16:09:05,FAILED
DEL03920,D050,Warehouse-North,Zone-15,16.48,2026-02-13 11:17:50,2026-02-13 11:34:52,SUCCESS
DEL03921,D054,Hub-Central,Zone-05,22.52,2026-03-07 23:09:17,2026-03-07 23:35:02,SUCCESS
DEL03922,D004,Hub-Central,Zone-04,28.24,2025-11-25 00:50:35,2025-11-25 01:12:40,SUCCESS
DEL03923,D073,Warehouse-North,Zone-19,54.87,2025-12-15 14:52:21,2025-12-15 15:33:17,FAILED
DEL03924,D039,Hub-West,Zone-15,21.66,2025-10-07 14:50:26,2025-10-07 15:12:38,SUCCESS
DEL03925,D006,Warehouse-East,Zone-05,39.71,2026-03-26 08:05:29,2026-03-26 08:36:05,FAILED
DEL03926,D060,Hub-Central,Zone-09,33.2,2026-03-21 08:23:41,2026-03-21 08:50:24,SUCCESS
DEL03927,D002,Warehouse-East,Zone-17,57.99,2025-10-31 17:47:57,2025-10-31 18:38:03,SUCCESS
DEL03928,D065,Warehouse-East,Zone-29,43.23,2025-11-10 22:18:23,2025-11-10 22:48:14,SUCCESS
DEL03929,D091,Hub-Central,Zone-17,16.48,2026-01-10 22:56:12,2026-01-10 23:08:22,SUCCESS
DEL03930,D009,Warehouse-South,Zone-12,10.98,2025-11-03 21:12:51,2025-11-03 21:22:16,SUCCESS
DEL03931,D084,Hub-West,Zone-11,42.0,2026-02-17 15:45:26,2026-02-17 16:25:15,SUCCESS
DEL03932,D059,Warehouse-South,Zone-09,33.37,2026-02-16 20:59:28,2026-02-16 21:43:12,SUCCESS
DEL03933,D098,Warehouse-East,Zone-30,44.14,2026-02-05 20:34:16,2026-02-05 21:19:22,SUCCESS
DEL03934,D051,Hub-Central,Zone-13,7.74,2025-10-14 05:52:55,2025-10-14 06:00:18,SUCCESS
DEL03935,D061,Warehouse-South,Zone-19,9.64,2026-01-26 15:25:38,2026-01-26 15:34:30,SUCCESS
DEL03936,D091,Hub-West,Zone-25,76.04,2026-03-30 02:03:15,2026-03-30 02:54:52,SUCCESS
DEL03937,D085,Warehouse-East,Zone-05,6.14,2026-01-11 00:41:58,2026-01-11 00:47:07,SUCCESS
DEL03938,D090,Hub-West,Zone-19,71.95,2025-12-02 22:18:23,2025-12-02 23:11:44,FAILED
DEL03939,D045,Hub-West,Zone-27,39.49,2026-01-22 11:56:09,2026-01-22 12:41:15,SUCCESS
DEL03940,D052,Warehouse-North,Zone-01,12.58,2025-10-14 02:53:56,2025-10-14 03:09:45,SUCCESS
DEL03941,D094,Warehouse-South,Zone-04,54.96,2025-10-31 21:49:51,2025-10-31 23:15:08,SUCCESS
DEL03942,D086,Hub-Central,Zone-30,22.22,2025-10-21 15:01:23,2025-10-21 15:21:53,SUCCESS
DEL03943,D087,Warehouse-East,Zone-25,12.62,2026-01-01 12:14:43,2026-01-01 12:23:49,FAILED
DEL03944,D030,Warehouse-South,Zone-04,15.1,2026-02-27 20:35:04,2026-02-27 20:50:19,FAILED
DEL03945,D023,Hub-Central,Zone-25,33.09,2026-02-19 09:29:10,2026-02-19 09:53:30,SUCCESS
DEL03946,D054,Warehouse-North,Zone-02,19.22,2026-03-29 02:34:58,2026-03-29 02:59:37,SUCCESS
DEL03947,D079,Warehouse-North,Zone-02,19.36,2025-11-18 15:20:21,2025-11-18 15:37:13,SUCCESS
DEL03948,D096,Hub-Central,Zone-25,15.62,2025-10-15 03:39:11,2025-10-15 03:50:03,SUCCESS
DEL03949,D048,Warehouse-North,Zone-30,28.12,2026-01-26 18:39:00,2026-01-26 19:20:16,SUCCESS
DEL03950,D023,Warehouse-North,Zone-23,24.42,2025-12-02 08:42:37,2025-12-02 09:01:14,SUCCESS
DEL03951,D058,Warehouse-South,Zone-21,22.99,2025-12-13 07:52:42,2025-12-13 08:24:30,SUCCESS
DEL03952,D074,Warehouse-South,Zone-07,7.1,2026-01-17 01:19:47,2026-01-17 01:27:53,SUCCESS
DEL03953,D033,Hub-Central,Zone-22,5.84,2026-01-04 08:42:21,2026-01-04 08:47:37,SUCCESS
DEL03954,D037,Warehouse-South,Zone-24,24.18,2025-11-13 18:53:24,2025-11-13 19:12:19,SUCCESS
DEL03955,D021,Hub-West,Zone-26,38.62,2025-12-24 06:52:48,2025-12-24 07:36:43,SUCCESS
DEL03956,D025,Hub-West,Zone-01,7.39,2025-10-17 16:52:27,2025-10-17 16:59:19,SUCCESS
DEL03957,D081,Warehouse-North,Zone-07,31.59,2026-02-07 20:10:23,2026-02-07 20:24:03,FAILED
DEL03958,D005,Warehouse-South,Zone-29,28.66,2026-03-07 06:54:53,2026-03-07 07:14:55,SUCCESS
DEL03959,D001,Hub-Central,Zone-19,37.62,2025-12-09 19:40:32,2025-12-09 20:10:22,SUCCESS
DEL03960,D070,Warehouse-North,Zone-11,16.77,2026-03-17 20:49:14,2026-03-17 21:01:14,SUCCESS
DEL03961,D024,Hub-West,Zone-16,37.83,2026-02-10 12:02:01,2026-02-10 12:46:14,SUCCESS
DEL03962,D025,Warehouse-South,Zone-19,37.65,2026-03-11 15:16:43,2026-03-11 15:31:17,FAILED
DEL03963,D061,Warehouse-East,Zone-12,13.57,2026-01-06 06:07:53,2026-01-06 06:20:35,SUCCESS
DEL03964,D080,Hub-West,Zone-28,10.48,2026-03-24 17:09:56,2026-03-24 17:22:13,SUCCESS
DEL03965,D018,Warehouse-North,Zone-15,41.64,2026-03-05 15:42:27,2026-03-05 16:22:45,SUCCESS
DEL03966,D055,Hub-Central,Zone-28,34.51,2026-01-30 10:54:17,2026-01-30 11:22:31,SUCCESS
DEL03967,D010,Warehouse-North,Zone-05,50.76,2026-01-19 12:26:33,2026-01-19 13:07:38,SUCCESS
DEL03968,D067,Warehouse-North,Zone-04,24.67,2025-11-27 21:50:18,2025-11-27 22:10:54,SUCCESS
DEL03969,D064,Warehouse-North,Zone-20,25.02,2025-11-14 18:33:01,2025-11-14 18:51:55,SUCCESS
DEL03970,D070,Warehouse-North,Zone-08,11.99,2025-12-04 06:11:52,2025-12-04 06:20:43,SUCCESS
DEL03971,D038,Warehouse-East,Zone-13,27.84,2026-03-29 02:06:18,2026-03-29 02:37:11,SUCCESS
DEL03972,D091,Warehouse-North,Zone-28,54.43,2025-12-09 11:57:32,2025-12-09 12:50:45,SUCCESS
DEL03973,D021,Warehouse-North,Zone-18,26.79,2025-11-25 22:29:55,2025-11-25 22:55:51,SUCCESS
DEL03974,D074,Hub-West,Zone-30,17.1,2025-11-16 20:59:53,2025-11-16 21:11:48,SUCCESS
DEL03975,D079,Warehouse-East,Zone-13,27.3,2026-01-06 02:23:16,2026-01-06 02:42:22,FAILED
DEL03976,D080,Hub-West,Zone-23,7.49,2025-10-11 23:59:59,2025-10-12 00:09:42,SUCCESS
DEL03977,D015,Hub-Central,Zone-30,27.57,2026-01-22 03:55:00,2026-01-22 04:20:32,SUCCESS
DEL03978,D034,Warehouse-North,Zone-02,20.35,2026-02-04 20:16:54,2026-02-04 20:42:17,SUCCESS
DEL03979,D044,Warehouse-East,Zone-07,14.91,2025-12-21 19:53:34,2025-12-21 20:05:42,SUCCESS
DEL03980,D043,Warehouse-North,Zone-05,29.02,2026-03-22 10:30:38,2026-03-22 10:52:41,SUCCESS
DEL03981,D027,Warehouse-East,Zone-30,71.51,2026-01-15 05:36:42,2026-01-15 07:09:12,SUCCESS
DEL03982,D097,Warehouse-North,Zone-08,17.63,2026-02-06 19:22:13,2026-02-06 19:34:24,SUCCESS
DEL03983,D064,Hub-West,Zone-29,44.65,2025-10-15 03:47:38,2025-10-15 04:48:27,SUCCESS
DEL03984,D079,Warehouse-North,Zone-12,16.52,2026-02-14 12:38:26,2026-02-14 12:49:41,SUCCESS
DEL03985,D010,Hub-West,Zone-24,10.04,2025-12-20 19:49:11,2025-12-20 20:01:21,SUCCESS
DEL03986,D079,Warehouse-North,Zone-29,20.04,2026-03-30 11:08:53,2026-03-30 11:14:56,FAILED
DEL03987,D071,Warehouse-South,Zone-09,9.35,2026-01-01 23:14:12,2026-01-01 23:27:03,SUCCESS
DEL03988,D093,Warehouse-North,Zone-02,23.65,2025-10-09 02:31:37,2025-10-09 02:53:33,SUCCESS
DEL03989,D064,Warehouse-South,Zone-21,11.57,2026-01-07 13:36:26,2026-01-07 13:44:46,SUCCESS
DEL03990,D045,Hub-Central,Zone-10,18.61,2025-12-23 19:00:29,2025-12-23 19:10:43,FAILED
DEL03991,D030,Warehouse-North,Zone-01,31.22,2025-10-05 03:55:58,2025-10-05 04:27:21,SUCCESS
DEL03992,D100,Warehouse-South,Zone-18,18.95,2026-03-01 19:33:25,2026-03-01 19:59:00,SUCCESS
DEL03993,D078,Hub-Central,Zone-22,6.46,2026-03-17 01:15:46,2026-03-17 01:23:40,SUCCESS
DEL03994,D088,Warehouse-North,Zone-18,32.55,2026-02-21 06:58:23,2026-02-21 07:31:15,SUCCESS
DEL03995,D062,Hub-Central,Zone-25,13.06,2025-10-11 02:59:31,2025-10-11 03:13:02,SUCCESS
DEL03996,D049,Warehouse-South,Zone-14,47.92,2026-02-13 00:59:16,2026-02-13 01:36:51,SUCCESS
DEL03997,D090,Hub-West,Zone-05,33.81,2025-12-22 21:11:19,2025-12-22 21:41:01,SUCCESS
DEL03998,D015,Warehouse-North,Zone-29,23.58,2025-12-25 01:00:29,2025-12-25 01:10:53,FAILED
DEL03999,D079,Warehouse-East,Zone-12,23.59,2026-03-25 10:51:15,2026-03-25 11:05:49,FAILED
DEL04000,D025,Hub-Central,Zone-30,12.39,2025-12-06 15:04:52,2025-12-06 15:15:29,SUCCESS
DEL04001,D008,Warehouse-South,Zone-03,12.06,2025-11-16 05:57:13,2025-11-16 06:12:27,SUCCESS
DEL04002,D076,Warehouse-South,Zone-14,36.78,2025-10-02 22:50:05,2025-10-02 23:29:50,SUCCESS
DEL04003,D096,Hub-West,Zone-19,8.06,2026-02-24 03:13:33,2026-02-24 03:20:51,SUCCESS
DEL04004,D006,Warehouse-North,Zone-28,17.35,2026-03-05 16:30:19,2026-03-05 16:48:04,SUCCESS
DEL04005,D093,Warehouse-North,Zone-03,24.58,2025-11-18 12:43:22,2025-11-18 12:59:41,SUCCESS
DEL04006,D008,Hub-Central,Zone-06,20.59,2025-10-25 14:32:19,2025-10-25 14:50:44,SUCCESS
DEL04007,D037,Warehouse-East,Zone-12,17.72,2025-10-09 11:44:50,2025-10-09 12:05:12,SUCCESS
DEL04008,D078,Warehouse-South,Zone-10,20.53,2026-02-05 05:29:42,2026-02-05 05:48:15,SUCCESS
DEL04009,D017,Hub-Central,Zone-16,7.17,2026-01-26 16:44:30,2026-01-26 16:50:46,SUCCESS
DEL04010,D085,Warehouse-North,Zone-03,41.55,2025-10-24 18:18:54,2025-10-24 18:57:06,SUCCESS
DEL04011,D033,Warehouse-South,Zone-16,42.16,2026-01-14 13:34:29,2026-01-14 14:37:27,SUCCESS
DEL04012,D091,Warehouse-East,Zone-29,47.28,2026-02-20 18:22:01,2026-02-20 19:08:43,SUCCESS
DEL04013,D029,Warehouse-East,Zone-12,14.27,2025-12-26 03:03:17,2025-12-26 03:14:16,SUCCESS
DEL04014,D100,Warehouse-East,Zone-28,18.21,2026-01-16 01:44:14,2026-01-16 01:59:02,SUCCESS
DEL04015,D084,Hub-West,Zone-29,33.33,2025-11-17 10:04:53,2025-11-17 10:19:07,FAILED
DEL04016,D035,Hub-West,Zone-17,18.89,2025-12-01 21:59:25,2025-12-01 22:21:37,SUCCESS
DEL04017,D014,Warehouse-East,Zone-29,55.86,2025-10-11 11:38:48,2025-10-11 12:58:05,SUCCESS
DEL04018,D053,Hub-West,Zone-16,33.59,2026-02-14 23:52:33,2026-02-15 00:43:08,SUCCESS
DEL04019,D036,Warehouse-South,Zone-30,12.85,2025-10-16 05:35:06,2025-10-16 05:42:57,FAILED
DEL04020,D018,Hub-West,Zone-08,6.87,2026-03-13 09:19:34,2026-03-13 09:25:47,SUCCESS
DEL04021,D040,Hub-West,Zone-07,36.88,2026-02-22 01:32:41,2026-02-22 01:47:39,FAILED
DEL04022,D016,Warehouse-South,Zone-02,32.19,2025-12-12 07:27:47,2025-12-12 07:53:11,SUCCESS
DEL04023,D031,Hub-Central,Zone-21,21.16,2026-02-13 14:30:33,2026-02-13 14:55:14,SUCCESS
DEL04024,D098,Warehouse-North,Zone-01,14.72,2025-12-28 02:41:19,2025-12-28 03:03:17,SUCCESS
DEL04025,D064,Warehouse-North,Zone-09,23.59,2026-03-12 09:33:28,2026-03-12 10:02:24,SUCCESS
DEL04026,D036,Hub-Central,Zone-10,25.9,2026-01-23 05:23:52,2026-01-23 05:50:57,SUCCESS
DEL04027,D011,Warehouse-East,Zone-28,27.21,2025-10-12 14:18:56,2025-10-12 14:43:57,SUCCESS
DEL04028,D079,Hub-Central,Zone-01,6.29,2025-12-14 13:16:21,2025-12-14 13:18:26,FAILED
DEL04029,D049,Hub-Central,Zone-02,31.88,2025-12-14 16:39:38,2025-12-14 16:51:47,FAILED
DEL04030,D029,Hub-Central,Zone-06,6.63,2025-11-09 22:46:18,2025-11-09 22:53:19,SUCCESS
DEL04031,D085,Hub-West,Zone-02,34.45,2025-12-23 17:00:05,2025-12-23 17:29:31,SUCCESS
DEL04032,D085,Warehouse-North,Zone-18,53.09,2025-11-29 06:05:35,2025-11-29 06:43:41,SUCCESS
DEL04033,D098,Warehouse-North,Zone-30,11.2,2025-12-07 12:53:11,2025-12-07 13:06:58,SUCCESS
DEL04034,D078,Warehouse-East,Zone-30,21.61,2026-02-24 12:07:21,2026-02-24 12:27:48,SUCCESS
DEL04035,D034,Hub-West,Zone-07,10.68,2026-03-07 08:00:33,2026-03-07 08:11:54,SUCCESS
DEL04036,D097,Warehouse-East,Zone-24,56.38,2025-10-06 07:26:15,2025-10-06 08:17:15,SUCCESS
DEL04037,D080,Hub-Central,Zone-26,11.13,2025-12-24 06:56:26,2025-12-24 07:05:38,SUCCESS
DEL04038,D094,Warehouse-North,Zone-26,38.24,2026-03-30 07:26:00,2026-03-30 08:02:22,SUCCESS
DEL04039,D014,Hub-Central,Zone-24,49.88,2026-01-16 10:32:15,2026-01-16 11:08:33,SUCCESS
DEL04040,D087,Hub-West,Zone-15,12.29,2025-11-25 19:28:01,2025-11-25 19:39:52,SUCCESS
DEL04041,D055,Hub-West,Zone-25,26.34,2026-01-20 04:31:16,2026-01-20 04:57:56,SUCCESS
DEL04042,D067,Warehouse-South,Zone-13,46.14,2025-11-20 12:09:25,2025-11-20 13:01:57,SUCCESS
DEL04043,D060,Warehouse-South,Zone-05,48.32,2026-02-22 18:54:20,2026-02-22 19:31:04,SUCCESS
DEL04044,D002,Warehouse-East,Zone-03,60.73,2025-11-24 12:09:26,2025-11-24 13:27:07,SUCCESS
DEL04045,D032,Hub-West,Zone-10,35.05,2026-02-27 18:42:04,2026-02-27 19:12:11,SUCCESS
DEL04046,D044,Hub-Central,Zone-02,21.13,2026-01-19 21:26:16,2026-01-19 21:41:21,SUCCESS
DEL04047,D079,Warehouse-East,Zone-09,22.97,2025-11-23 06:11:25,2025-11-23 06:32:29,SUCCESS
DEL04048,D085,Hub-West,Zone-01,43.17,2025-11-18 15:28:35,2025-11-18 15:54:26,FAILED
DEL04049,D016,Hub-West,Zone-22,40.0,2025-11-29 14:14:06,2025-11-29 14:47:49,SUCCESS
DEL04050,D042,Warehouse-East,Zone-28,30.43,2026-03-12 08:02:29,2026-03-12 08:24:44,SUCCESS
DEL04051,D023,Hub-Central,Zone-01,27.65,2025-12-26 04:17:54,2025-12-26 04:31:31,FAILED
DEL04052,D057,Hub-Central,Zone-02,11.82,2025-10-02 17:20:25,2025-10-02 17:30:54,SUCCESS
DEL04053,D046,Hub-West,Zone-07,43.22,2026-01-02 05:55:51,2026-01-02 06:25:11,SUCCESS
DEL04054,D053,Hub-West,Zone-03,13.29,2025-10-12 09:01:30,2025-10-12 09:07:36,FAILED
DEL04055,D036,Hub-West,Zone-18,30.22,2026-03-24 04:31:45,2026-03-24 04:53:14,SUCCESS
DEL04056,D041,Hub-Central,Zone-06,27.82,2025-10-13 10:27:51,2025-10-13 10:52:24,SUCCESS
DEL04057,D034,Warehouse-East,Zone-09,19.05,2026-02-26 17:42:38,2026-02-26 17:56:07,SUCCESS
DEL04058,D064,Warehouse-South,Zone-21,16.34,2025-10-25 16:53:59,2025-10-25 17:05:22,SUCCESS
DEL04059,D023,Hub-West,Zone-21,7.57,2025-10-29 12:36:42,2025-10-29 12:47:07,SUCCESS
DEL04060,D007,Warehouse-North,Zone-21,27.96,2025-11-15 04:19:56,2025-11-15 04:52:51,SUCCESS
DEL04061,D005,Hub-West,Zone-28,34.27,2025-11-05 18:41:34,2025-11-05 19:21:48,SUCCESS
DEL04062,D057,Warehouse-East,Zone-02,15.24,2026-01-21 14:29:11,2026-01-21 14:36:42,FAILED
DEL04063,D071,Warehouse-South,Zone-02,22.89,2026-02-17 07:07:45,2026-02-17 07:34:06,SUCCESS
DEL04064,D092,Warehouse-East,Zone-01,13.93,2025-11-20 07:16:57,2025-11-20 07:30:28,SUCCESS
DEL04065,D087,Warehouse-East,Zone-18,,2026-03-14 01:39:48,2026-03-14 01:45:25,FAILED
DEL04066,D092,Hub-West,Zone-08,27.67,2025-10-09 16:28:16,2025-10-09 16:51:17,SUCCESS
DEL04067,D045,Warehouse-North,Zone-17,49.32,2025-10-22 04:44:19,2025-10-22 05:20:49,FAILED
DEL04068,D057,Hub-West,Zone-03,23.06,2025-10-22 23:28:08,2025-10-22 23:49:26,SUCCESS
DEL04069,D031,Warehouse-East,Zone-19,30.96,2025-11-09 14:54:15,2025-11-09 15:21:28,SUCCESS
DEL04070,D048,Hub-Central,Zone-03,25.31,2026-03-11 00:03:44,2026-03-11 00:39:17,SUCCESS
DEL04071,D083,Warehouse-East,Zone-05,39.51,2025-12-22 19:31:08,2025-12-22 20:05:47,SUCCESS
DEL04072,D004,Hub-West,Zone-26,27.4,2025-12-03 09:47:21,2025-12-03 10:07:24,SUCCESS
DEL04073,D047,Hub-Central,Zone-29,33.69,2025-12-05 01:08:48,2025-12-05 01:50:01,SUCCESS
DEL04074,D084,Hub-Central,Zone-10,20.21,2025-12-12 18:18:04,2025-12-12 18:40:57,SUCCESS
DEL04075,D080,Warehouse-South,Zone-12,11.58,2025-10-07 01:12:14,2025-10-07 01:20:13,SUCCESS
DEL04076,D006,Warehouse-South,Zone-30,42.84,2025-11-26 11:33:52,2025-11-26 12:10:51,SUCCESS
DEL04077,D076,Warehouse-North,Zone-20,8.76,2025-10-05 23:00:11,2025-10-05 23:09:41,SUCCESS
DEL04078,D028,Warehouse-East,Zone-17,36.37,2026-03-06 21:42:44,2026-03-06 22:20:33,SUCCESS
DEL04079,D092,Hub-West,Zone-26,21.52,2026-03-01 15:08:07,2026-03-01 15:22:05,SUCCESS
DEL04080,D075,Warehouse-East,Zone-07,35.19,2026-02-16 10:04:34,2026-02-16 10:34:54,SUCCESS
DEL04081,D049,Hub-West,Zone-02,42.18,2026-03-11 07:28:02,2026-03-11 08:04:40,SUCCESS
DEL04082,D085,Warehouse-South,Zone-13,17.04,2026-02-19 00:36:56,2026-02-19 00:45:10,FAILED
DEL04083,D098,Warehouse-North,Zone-03,7.26,2026-02-04 01:32:51,2026-02-04 01:40:15,SUCCESS
DEL04084,D029,Hub-West,Zone-19,15.82,2026-01-18 18:57:57,2026-01-18 19:11:44,SUCCESS
DEL04085,D081,Hub-Central,Zone-18,45.71,2026-01-15 10:57:03,2026-01-15 11:33:05,FAILED
DEL04086,D094,Hub-West,Zone-26,74.78,2025-10-24 13:01:49,2025-10-24 14:44:22,SUCCESS
DEL04087,D007,Hub-Central,Zone-22,36.64,2026-01-26 21:18:01,2026-01-26 22:05:35,SUCCESS
DEL04088,D068,Hub-Central,Zone-11,26.21,2026-01-10 00:56:29,2026-01-10 01:34:37,SUCCESS
DEL04089,D035,Hub-West,Zone-10,61.75,2025-11-07 20:52:32,2025-11-07 21:38:42,SUCCESS
DEL04090,D032,Warehouse-South,Zone-26,23.23,2025-12-03 19:46:50,2025-12-03 20:03:08,FAILED
DEL04091,D099,Warehouse-South,Zone-15,62.91,2025-12-10 06:52:44,2025-12-10 07:57:58,SUCCESS
DEL04092,D041,Warehouse-North,Zone-23,13.61,2026-02-23 06:48:36,2026-02-23 07:02:08,SUCCESS
DEL04093,D031,Hub-Central,Zone-12,40.27,2025-12-26 09:53:06,2025-12-26 10:49:48,SUCCESS
DEL04094,D011,Hub-West,Zone-17,8.16,2025-12-08 08:22:01,2025-12-08 08:31:46,SUCCESS
DEL04095,D010,Warehouse-East,Zone-21,54.42,2026-03-27 14:30:37,2026-03-27 14:49:31,FAILED
DEL04096,D062,Warehouse-South,Zone-15,5.72,2026-01-26 12:31:22,2026-01-26 12:39:27,SUCCESS
DEL04097,D054,Hub-West,Zone-27,13.46,2025-11-14 14:46:28,2025-11-14 15:04:42,SUCCESS
DEL04098,D017,Hub-West,Zone-08,20.92,2026-03-29 18:09:13,2026-03-29 18:17:36,FAILED
DEL04099,D100,Hub-Central,Zone-22,39.14,2026-03-26 13:29:07,2026-03-26 14:28:13,SUCCESS
DEL04100,D075,Warehouse-South,Zone-20,24.91,2026-02-07 07:19:52,2026-02-07 07:52:58,SUCCESS
DEL04101,D034,Warehouse-East,Zone-11,26.73,2026-03-04 12:57:27,2026-03-04 13:22:13,SUCCESS
DEL04102,D041,Warehouse-North,Zone-14,28.02,2025-10-23 21:45:07,2025-10-23 22:05:33,SUCCESS
DEL04103,D054,Warehouse-South,Zone-19,32.54,2026-01-07 01:35:29,2026-01-07 02:12:08,SUCCESS
DEL04104,D064,Warehouse-South,Zone-29,60.28,2026-01-31 20:16:06,2026-01-31 21:05:46,SUCCESS
DEL04105,D024,Hub-Central,Zone-01,39.5,2026-03-20 04:20:47,2026-03-20 04:49:28,SUCCESS
DEL04106,D022,Hub-Central,Zone-09,65.0,2025-10-24 10:55:00,2025-10-24 12:26:47,SUCCESS
DEL04107,D098,Hub-Central,Zone-24,13.24,2026-01-16 16:31:27,2026-01-16 16:37:58,FAILED
DEL04108,D013,Warehouse-North,Zone-27,12.04,2025-10-25 13:03:25,2025-10-25 13:19:01,SUCCESS
DEL04109,D056,Warehouse-South,Zone-03,5.58,2025-10-05 15:31:43,2025-10-05 15:37:36,SUCCESS
DEL04110,D017,Hub-West,Zone-30,24.76,2026-01-08 23:35:39,2026-01-09 00:11:19,SUCCESS
DEL04111,D050,Hub-Central,Zone-12,13.55,2026-03-25 14:09:31,2026-03-25 14:19:07,SUCCESS
DEL04112,D017,Hub-West,Zone-08,22.71,2025-12-18 02:56:07,2025-12-18 03:22:05,SUCCESS
DEL04113,D092,Warehouse-North,Zone-11,25.48,2025-11-26 23:18:19,2025-11-26 23:24:55,FAILED
DEL04114,D044,Hub-West,Zone-20,7.67,2026-01-23 20:29:14,2026-01-23 20:35:09,SUCCESS
DEL04115,D014,Warehouse-North,Zone-03,,2026-02-18 05:36:02,2026-02-18 05:59:38,FAILED
DEL04116,D095,Warehouse-East,Zone-15,32.46,2026-03-28 18:53:00,2026-03-28 19:24:59,SUCCESS
DEL04117,D053,Hub-Central,Zone-24,35.16,2026-01-31 11:53:24,2026-01-31 12:15:24,FAILED
DEL04118,D056,Hub-Central,Zone-23,26.24,2025-11-26 04:11:39,2025-11-26 04:35:52,SUCCESS
DEL04119,D018,Warehouse-South,Zone-24,17.96,2026-02-20 10:05:33,2026-02-20 10:28:50,SUCCESS
DEL04120,D099,Hub-West,Zone-03,30.41,2026-01-23 11:32:24,2026-01-23 11:49:56,FAILED
DEL04121,D020,Warehouse-North,Zone-19,29.28,2026-03-23 21:47:40,2026-03-23 22:07:50,SUCCESS
DEL04122,D076,Hub-Central,Zone-13,41.86,2025-12-11 19:44:14,2025-12-11 20:47:16,SUCCESS
DEL04123,D042,Warehouse-South,Zone-17,7.01,2025-12-25 03:57:49,2025-12-25 04:02:35,SUCCESS
DEL04124,D093,Warehouse-East,Zone-25,50.15,2026-01-23 04:39:19,2026-01-23 05:29:42,SUCCESS
DEL04125,D013,Warehouse-East,Zone-16,37.3,2025-11-15 02:25:35,2025-11-15 02:50:59,FAILED
DEL04126,D044,Hub-West,Zone-17,42.82,2025-10-10 09:02:17,2025-10-10 09:34:07,SUCCESS
DEL04127,D068,Hub-West,Zone-28,62.77,2026-01-21 14:11:43,2026-01-21 15:22:15,SUCCESS
DEL04128,D055,Warehouse-East,Zone-13,33.95,2025-11-25 09:23:41,2025-11-25 09:49:22,SUCCESS
DEL04129,D041,Warehouse-South,Zone-05,16.32,2026-02-25 01:16:29,2026-02-25 01:38:49,SUCCESS
DEL04130,D006,Warehouse-South,Zone-14,49.51,2026-03-08 01:27:18,2026-03-08 02:03:02,SUCCESS
DEL04131,D067,Hub-West,Zone-29,7.08,2025-11-24 00:46:04,2025-11-24 00:51:57,SUCCESS
DEL04132,D079,Warehouse-North,Zone-12,7.31,2025-12-01 01:03:29,2025-12-01 01:09:16,SUCCESS
DEL04133,D037,Warehouse-North,Zone-10,61.55,2025-11-02 03:43:01,2025-11-02 04:37:53,SUCCESS
DEL04134,D036,Hub-Central,Zone-08,15.34,2026-01-03 11:53:12,2026-01-03 12:04:47,SUCCESS
DEL04135,D022,Warehouse-East,Zone-20,33.62,2025-11-26 00:24:31,2025-11-26 00:51:46,SUCCESS
DEL04136,D097,Warehouse-South,Zone-22,61.61,2025-10-21 14:33:08,2025-10-21 15:24:17,SUCCESS
DEL04137,D036,Warehouse-North,Zone-07,42.39,2025-10-28 09:07:19,2025-10-28 09:42:18,SUCCESS
DEL04138,D071,Hub-West,Zone-25,13.21,2026-03-12 21:02:40,2026-03-12 21:14:18,SUCCESS
DEL04139,D022,Hub-West,Zone-29,27.42,2025-10-06 07:27:38,2025-10-06 08:04:14,SUCCESS
DEL04140,D006,Hub-West,Zone-18,64.52,2026-03-22 22:42:14,2026-03-22 23:37:22,SUCCESS
DEL04141,D025,Hub-Central,Zone-27,42.68,2025-10-02 07:03:41,2025-10-02 07:32:27,FAILED
DEL04142,D004,Warehouse-South,Zone-10,40.79,2025-12-11 18:11:01,2025-12-11 18:48:20,SUCCESS
DEL04143,D074,Hub-Central,Zone-17,18.59,2025-12-22 19:38:45,2025-12-22 20:05:18,SUCCESS
DEL04144,D017,Hub-Central,Zone-10,26.2,2026-03-11 08:55:00,2026-03-11 09:21:33,SUCCESS
DEL04145,D015,Warehouse-North,Zone-15,9.54,2026-02-17 01:58:16,2026-02-17 02:05:22,SUCCESS
DEL04146,D056,Warehouse-East,Zone-03,28.97,2026-01-04 18:44:14,2026-01-04 19:19:32,SUCCESS
DEL04147,D018,Warehouse-North,Zone-12,27.98,2025-11-24 01:41:09,2025-11-24 02:02:00,SUCCESS
DEL04148,D011,Warehouse-South,Zone-24,30.91,2026-02-22 12:35:04,2026-02-22 13:04:33,SUCCESS
DEL04149,D010,Warehouse-South,Zone-17,38.84,2025-12-03 12:28:11,2025-12-03 13:22:13,SUCCESS
DEL04150,D043,Hub-Central,Zone-21,20.56,2025-11-23 14:45:24,2025-11-23 15:00:50,SUCCESS
DEL04151,D095,Warehouse-North,Zone-23,34.4,2026-01-08 14:01:36,2026-01-08 14:43:20,SUCCESS
DEL04152,D089,Warehouse-North,Zone-14,10.73,2025-12-01 03:07:14,2025-12-01 03:20:59,SUCCESS
DEL04153,D013,Hub-West,Zone-11,36.99,2026-02-14 22:01:16,2026-02-14 22:33:33,SUCCESS
DEL04154,D025,Hub-West,Zone-22,9.53,2026-03-13 09:21:10,2026-03-13 09:35:07,SUCCESS
DEL04155,D081,Warehouse-North,Zone-08,36.08,2025-10-07 22:04:35,2025-10-07 22:34:12,SUCCESS
DEL04156,D018,Hub-Central,Zone-28,33.06,2026-01-22 20:33:29,2026-01-22 21:01:31,SUCCESS
DEL04157,D029,Warehouse-South,Zone-09,8.25,2026-02-08 18:01:38,2026-02-08 18:09:36,SUCCESS
DEL04158,D061,Hub-Central,Zone-27,46.59,2025-10-30 09:43:45,2025-10-30 10:47:01,SUCCESS
DEL04159,D024,Hub-Central,Zone-10,40.91,2026-02-20 10:38:26,2026-02-20 11:04:50,SUCCESS
DEL04160,D017,Warehouse-North,Zone-17,12.47,2025-11-08 13:25:01,2025-11-08 13:34:28,SUCCESS
DEL04161,D093,Warehouse-South,Zone-01,37.11,2026-02-23 12:40:17,2026-02-23 13:08:53,SUCCESS
DEL04162,D056,Hub-Central,Zone-18,13.32,2025-10-14 01:27:36,2025-10-14 01:37:22,SUCCESS
DEL04163,D079,Warehouse-South,Zone-02,7.9,2025-11-10 11:53:57,2025-11-10 12:01:54,SUCCESS
DEL04164,D054,Warehouse-East,Zone-20,32.4,2026-02-11 14:13:36,2026-02-11 14:48:00,SUCCESS
DEL04165,D049,Hub-West,Zone-08,6.52,2026-01-31 12:47:45,2026-01-31 12:55:41,SUCCESS
DEL04166,D082,Hub-Central,Zone-17,6.59,2025-12-07 17:04:38,2025-12-07 17:08:09,FAILED
DEL04167,D085,Warehouse-East,Zone-27,51.87,2025-11-04 23:09:38,2025-11-05 00:26:33,SUCCESS
DEL04168,D030,Warehouse-East,Zone-22,25.1,2026-03-19 21:58:39,2026-03-19 22:28:13,SUCCESS
DEL04169,D063,Hub-Central,Zone-20,58.92,2026-01-04 04:35:59,2026-01-04 05:26:57,SUCCESS
DEL04170,D046,Hub-Central,Zone-10,38.86,2026-01-14 12:29:22,2026-01-14 13:00:42,SUCCESS
DEL04171,D013,Warehouse-North,Zone-29,53.05,2025-11-12 12:17:24,2025-11-12 12:41:26,FAILED
DEL04172,D097,Warehouse-East,Zone-14,31.17,2026-02-26 08:12:09,2026-02-26 08:36:49,SUCCESS
DEL04173,D058,Warehouse-South,Zone-22,29.18,2025-12-03 04:27:36,2025-12-03 04:48:35,SUCCESS
DEL04174,D055,Warehouse-South,Zone-15,37.03,2025-10-23 11:45:23,2025-10-23 12:30:18,SUCCESS
DEL04175,D041,Warehouse-North,Zone-12,27.37,2026-02-06 06:40:44,2026-02-06 07:13:22,SUCCESS
DEL04176,D090,Warehouse-South,Zone-25,10.94,2025-12-17 07:13:50,2025-12-17 07:28:43,SUCCESS
DEL04177,D062,Hub-Central,Zone-20,7.96,2026-03-13 03:14:48,2026-03-13 03:20:30,SUCCESS
DEL04178,D053,Warehouse-South,Zone-01,37.37,2026-02-11 10:41:10,2026-02-11 11:09:02,SUCCESS
DEL04179,D038,Hub-West,Zone-07,35.58,2025-11-22 00:36:56,2025-11-22 01:08:16,SUCCESS
DEL04180,D053,Hub-West,Zone-25,34.78,2025-10-12 19:21:49,2025-10-12 19:48:29,SUCCESS
DEL04181,D042,Warehouse-East,Zone-14,16.62,2025-11-20 19:10:07,2025-11-20 19:24:34,SUCCESS
DEL04182,D051,Hub-Central,Zone-14,32.57,2026-03-07 02:21:20,2026-03-07 02:44:58,SUCCESS
DEL04183,D052,Warehouse-North,Zone-09,30.2,2025-11-20 14:56:49,2025-11-20 15:23:17,SUCCESS
DEL04184,D063,Warehouse-South,Zone-11,34.13,2026-02-19 09:35:48,2026-02-19 10:06:58,SUCCESS
DEL04185,D082,Warehouse-North,Zone-10,25.87,2026-03-08 22:36:03,2026-03-08 23:08:02,SUCCESS
DEL04186,D058,Warehouse-South,Zone-19,,2025-12-19 13:51:36,2025-12-19 14:08:06,SUCCESS
DEL04187,D022,Warehouse-South,Zone-25,49.93,2026-01-13 02:00:07,2026-01-13 02:39:48,SUCCESS
DEL04188,D081,Hub-West,Zone-20,45.06,2025-10-22 10:06:28,2025-10-22 10:49:34,SUCCESS
DEL04189,D043,Hub-West,Zone-18,31.66,2025-10-26 02:11:13,2025-10-26 02:49:43,SUCCESS
DEL04190,D003,Warehouse-North,Zone-26,11.52,2026-02-18 05:49:47,2026-02-18 05:58:32,SUCCESS
DEL04191,D049,Warehouse-East,Zone-30,33.17,2025-10-18 12:36:29,2025-10-18 13:14:59,SUCCESS
DEL04192,D046,Hub-West,Zone-03,12.13,2026-02-26 21:44:34,2026-02-26 22:00:28,SUCCESS
DEL04193,D084,Hub-West,Zone-07,19.31,2025-10-10 13:21:34,2025-10-10 13:39:25,SUCCESS
DEL04194,D047,Warehouse-South,Zone-06,49.41,2026-01-12 23:29:00,2026-01-13 00:24:00,SUCCESS
DEL04195,D069,Warehouse-South,Zone-10,7.26,2025-12-16 19:17:09,2025-12-16 19:23:51,SUCCESS
DEL04196,D021,Warehouse-East,Zone-11,35.85,2026-03-26 19:57:15,2026-03-26 20:32:41,SUCCESS
DEL04197,D053,Hub-West,Zone-24,15.07,2025-11-11 20:50:21,2025-11-11 21:10:27,SUCCESS
DEL04198,D032,Warehouse-North,Zone-28,19.46,2025-10-03 15:34:16,2025-10-03 16:03:39,SUCCESS
DEL04199,D003,Hub-West,Zone-04,21.73,2026-02-24 15:07:21,2026-02-24 15:18:02,FAILED
DEL04200,D065,Hub-Central,Zone-02,12.59,2025-12-17 06:31:21,2025-12-17 06:43:13,SUCCESS
DEL04201,D021,Warehouse-East,Zone-01,32.37,2025-11-24 23:17:37,2025-11-24 23:52:13,SUCCESS
DEL04202,D030,Warehouse-South,Zone-02,46.23,2026-01-31 15:15:43,2026-01-31 16:02:10,SUCCESS
DEL04203,D035,Warehouse-North,Zone-27,66.4,2026-02-23 14:51:32,2026-02-23 15:58:16,SUCCESS
DEL04204,D049,Hub-Central,Zone-05,33.94,2026-02-05 05:48:26,2026-02-05 06:16:32,SUCCESS
DEL04205,D095,Warehouse-East,Zone-28,8.79,2026-03-20 05:21:10,2026-03-20 05:32:37,SUCCESS
DEL04206,D011,Warehouse-North,Zone-17,15.95,2025-10-15 20:38:31,2025-10-15 20:49:55,SUCCESS
DEL04207,D093,Hub-Central,Zone-01,49.82,2026-02-14 14:29:50,2026-02-14 15:15:49,SUCCESS
DEL04208,D002,Hub-West,Zone-20,27.88,2026-02-22 05:00:32,2026-02-22 05:28:51,SUCCESS
DEL04209,D020,Hub-West,Zone-26,15.75,2025-10-19 13:19:34,2025-10-19 13:37:29,SUCCESS
DEL04210,D051,Hub-West,Zone-28,37.12,2025-11-07 17:25:45,2025-11-07 18:25:13,SUCCESS
DEL04211,D040,Warehouse-East,Zone-14,52.48,2026-03-02 09:18:05,2026-03-02 10:12:12,SUCCESS
DEL04212,D066,Warehouse-North,Zone-10,42.32,2026-02-22 08:53:00,2026-02-22 09:24:31,SUCCESS
DEL04213,D036,Warehouse-South,Zone-04,16.14,2025-12-29 02:39:19,2025-12-29 02:48:40,FAILED
DEL04214,D034,Hub-West,Zone-16,9.2,2026-02-05 09:25:04,2026-02-05 09:32:22,SUCCESS
DEL04215,D049,Hub-Central,Zone-03,5.53,2025-11-26 13:16:13,2025-11-26 13:22:44,SUCCESS
DEL04216,D029,Hub-West,Zone-09,14.97,2025-12-18 21:38:18,2025-12-18 21:45:52,FAILED
DEL04217,D062,Hub-West,Zone-17,7.02,2025-11-25 05:30:25,2025-11-25 05:34:03,FAILED
DEL04218,D032,Warehouse-North,Zone-16,18.4,2025-12-14 06:09:07,2025-12-14 06:31:10,SUCCESS
DEL04219,D094,Warehouse-East,Zone-25,50.76,2025-12-16 10:31:10,2025-12-16 10:55:48,FAILED
DEL04220,D070,Warehouse-North,Zone-15,7.58,2026-02-16 18:10:41,2026-02-16 18:16:52,SUCCESS
DEL04221,D029,Warehouse-North,Zone-13,17.97,2026-01-21 05:06:48,2026-01-21 05:21:26,SUCCESS
DEL04222,D099,Hub-Central,Zone-12,47.48,2025-11-15 01:44:12,2025-11-15 02:28:22,SUCCESS
DEL04223,D062,Warehouse-North,Zone-21,29.75,2026-01-18 08:29:04,2026-01-18 08:45:06,FAILED
DEL04224,D040,Warehouse-South,Zone-26,25.57,2025-12-04 13:15:41,2025-12-04 13:34:29,SUCCESS
DEL04225,D081,Warehouse-North,Zone-18,53.32,2025-10-17 05:45:54,2025-10-17 06:39:17,SUCCESS
DEL04226,D022,Hub-Central,Zone-19,23.23,2025-11-10 07:52:02,2025-11-10 08:20:27,SUCCESS
DEL04227,D032,Warehouse-South,Zone-13,11.82,2025-10-17 06:57:00,2025-10-17 07:08:05,SUCCESS
DEL04228,D079,Hub-Central,Zone-17,15.97,2026-03-12 17:41:28,2026-03-12 17:58:01,SUCCESS
DEL04229,D093,Hub-West,Zone-25,46.93,2026-03-13 01:03:09,2026-03-13 01:58:10,SUCCESS
DEL04230,D030,Hub-Central,Zone-09,40.32,2025-10-12 10:38:50,2025-10-12 11:17:31,SUCCESS
DEL04231,D053,Warehouse-East,Zone-27,42.5,2025-11-30 11:29:07,2025-11-30 12:11:54,SUCCESS
DEL04232,D020,Warehouse-East,Zone-23,30.73,2025-10-08 02:08:51,2025-10-08 02:34:16,SUCCESS
DEL04233,D073,Hub-Central,Zone-28,6.16,2026-01-25 06:17:04,2026-01-25 06:21:52,SUCCESS
DEL04234,D001,Warehouse-South,Zone-25,14.22,2025-11-22 01:38:44,2025-11-22 01:50:36,SUCCESS
DEL04235,D072,Hub-Central,Zone-18,12.65,2026-03-04 07:33:02,2026-03-04 07:38:43,FAILED
DEL04236,D064,Warehouse-South,Zone-11,8.47,2025-11-30 18:45:39,2025-11-30 18:51:00,FAILED
DEL04237,D060,Hub-Central,Zone-17,12.62,2026-02-15 15:33:54,2026-02-15 15:51:40,SUCCESS
DEL04238,D072,Warehouse-North,Zone-30,51.53,2026-03-16 17:36:45,2026-03-16 18:45:41,SUCCESS
DEL04239,D014,Warehouse-North,Zone-13,32.67,2025-12-22 15:54:54,2025-12-22 16:18:13,SUCCESS
DEL04240,D017,Warehouse-North,Zone-06,14.54,2026-02-24 23:20:51,2026-02-24 23:33:25,SUCCESS
DEL04241,D067,Warehouse-North,Zone-06,47.45,2026-02-23 06:37:33,2026-02-23 07:18:20,SUCCESS
DEL04242,D026,Warehouse-North,Zone-02,31.01,2025-12-24 23:22:10,2025-12-24 23:49:53,SUCCESS
DEL04243,D055,Warehouse-South,Zone-21,22.22,2026-01-05 03:43:37,2026-01-05 04:02:16,SUCCESS
DEL04244,D068,Warehouse-South,Zone-24,63.87,2026-01-03 14:29:08,2026-01-03 15:19:52,FAILED
DEL04245,D071,Hub-Central,Zone-01,22.1,2025-12-21 04:42:28,2025-12-21 04:57:37,SUCCESS
DEL04246,D038,Hub-Central,Zone-10,18.83,2025-10-23 19:58:40,2025-10-23 20:24:19,SUCCESS
DEL04247,D093,Warehouse-East,Zone-17,11.62,2026-03-29 00:41:33,2026-03-29 00:57:32,SUCCESS
DEL04248,D042,Warehouse-East,Zone-19,34.05,2026-01-28 10:34:33,2026-01-28 11:00:00,SUCCESS
DEL04249,D084,Warehouse-South,Zone-10,44.39,2025-11-02 05:21:46,2025-11-02 05:59:45,SUCCESS
DEL04250,D067,Warehouse-South,Zone-26,51.94,2026-02-11 00:26:33,2026-02-11 01:00:45,FAILED
DEL04251,D079,Warehouse-East,Zone-17,16.42,2026-02-16 17:41:38,2026-02-16 17:57:00,SUCCESS
DEL04252,D078,Hub-Central,Zone-15,25.23,2025-11-18 18:51:37,2025-11-18 19:18:20,FAILED
DEL04253,D027,Warehouse-South,Zone-06,22.65,2025-12-04 02:44:13,2025-12-04 03:05:28,SUCCESS
DEL04254,D068,Hub-Central,Zone-01,64.2,2026-02-16 20:31:15,2026-02-16 21:21:21,SUCCESS
DEL04255,D041,Warehouse-South,Zone-05,11.39,2025-12-20 20:06:44,2025-12-20 20:15:48,SUCCESS
DEL04256,D061,Warehouse-North,Zone-10,54.75,2025-10-14 00:27:58,2025-10-14 01:52:32,SUCCESS
DEL04257,D090,Warehouse-South,Zone-23,43.29,2025-11-06 10:37:34,2025-11-06 11:08:07,FAILED
DEL04258,D013,Hub-Central,Zone-11,28.65,2026-01-13 10:00:37,2026-01-13 10:26:22,SUCCESS
DEL04259,D013,Hub-West,Zone-15,28.71,2025-10-12 20:46:58,2025-10-12 21:08:18,SUCCESS
DEL04260,D077,Warehouse-North,Zone-12,6.89,2025-10-31 09:07:26,2025-10-31 09:13:23,SUCCESS
DEL04261,D082,Warehouse-South,Zone-12,13.0,2026-01-17 13:51:22,2026-01-17 14:01:53,SUCCESS
DEL04262,D081,Warehouse-South,Zone-09,25.25,2025-10-03 17:50:53,2025-10-03 18:12:31,FAILED
DEL04263,D037,Hub-Central,Zone-19,7.49,2026-03-09 08:59:34,2026-03-09 09:06:15,SUCCESS
DEL04264,D094,Warehouse-East,Zone-20,9.22,2025-11-29 08:53:59,2025-11-29 09:01:10,SUCCESS
DEL04265,D099,Warehouse-East,Zone-18,26.87,2025-12-18 07:22:00,2025-12-18 07:41:31,SUCCESS
DEL04266,D070,Warehouse-South,Zone-03,15.0,2026-02-02 14:04:10,2026-02-02 14:23:14,SUCCESS
DEL04267,D076,Warehouse-North,Zone-24,7.79,2025-10-30 14:20:13,2025-10-30 14:26:49,SUCCESS
DEL04268,D028,Warehouse-South,Zone-09,57.33,2025-11-24 08:49:37,2025-11-24 09:45:44,SUCCESS
DEL04269,D073,Warehouse-South,Zone-26,5.49,2025-10-20 20:51:20,2025-10-20 20:56:26,SUCCESS
DEL04270,D067,Hub-Central,Zone-11,50.12,2026-01-23 01:05:45,2026-01-23 01:43:21,SUCCESS
DEL04271,D074,Hub-West,Zone-20,28.93,2026-02-27 21:40:53,2026-02-27 22:23:04,SUCCESS
DEL04272,D036,Hub-West,Zone-22,9.68,2026-03-06 18:17:19,2026-03-06 18:28:00,SUCCESS
DEL04273,D061,Warehouse-South,Zone-01,57.41,2025-11-10 15:26:23,2025-11-10 16:14:16,FAILED
DEL04274,D030,Warehouse-North,Zone-30,28.57,2025-11-12 00:41:58,2025-11-12 01:07:02,SUCCESS
DEL04275,D079,Warehouse-South,Zone-06,11.18,2025-10-29 10:42:02,2025-10-29 10:47:31,FAILED
DEL04276,D061,Warehouse-North,Zone-11,52.99,2026-03-19 19:59:49,2026-03-19 20:37:06,SUCCESS
DEL04277,D010,Warehouse-North,Zone-05,22.2,2026-03-23 23:26:42,2026-03-23 23:48:01,SUCCESS
DEL04278,D066,Hub-Central,Zone-14,39.64,2026-03-06 17:59:05,2026-03-06 18:53:32,SUCCESS
DEL04279,D086,Warehouse-East,Zone-10,10.95,2025-12-31 14:13:49,2025-12-31 14:24:22,SUCCESS
DEL04280,D065,Warehouse-North,Zone-08,47.97,2026-02-25 13:53:28,2026-02-25 14:33:43,SUCCESS
DEL04281,D072,Hub-Central,Zone-25,54.83,2025-12-16 08:39:44,2025-12-16 09:17:06,FAILED
DEL04282,D050,Hub-Central,Zone-12,20.89,2026-02-15 03:20:18,2026-02-15 03:38:57,SUCCESS
DEL04283,D040,Hub-West,Zone-11,71.82,2026-03-12 20:23:22,2026-03-12 21:59:42,SUCCESS
DEL04284,D068,Hub-West,Zone-27,27.43,2025-10-16 04:26:12,2025-10-16 04:55:18,SUCCESS
DEL04285,D028,Warehouse-East,Zone-23,24.27,2025-11-02 06:09:29,2025-11-02 06:33:21,SUCCESS
DEL04286,D019,Hub-Central,Zone-18,7.81,2026-03-13 02:06:22,2026-03-13 02:13:26,SUCCESS
DEL04287,D057,Warehouse-East,Zone-22,9.72,2026-01-04 04:00:04,2026-01-04 04:12:50,SUCCESS
DEL04288,D016,Hub-Central,Zone-21,21.96,2026-01-17 08:01:34,2026-01-17 08:17:56,SUCCESS
DEL04289,D045,Warehouse-North,Zone-28,45.42,2025-11-04 13:35:52,2025-11-04 14:36:00,SUCCESS
DEL04290,D047,Hub-Central,Zone-25,38.32,2026-03-16 02:19:26,2026-03-16 02:51:12,SUCCESS
DEL04291,D086,Hub-Central,Zone-07,21.06,2025-12-07 04:26:15,2025-12-07 04:38:33,FAILED
DEL04292,D079,Warehouse-South,Zone-13,24.83,2026-01-17 16:49:45,2026-01-17 17:06:41,SUCCESS
DEL04293,D048,Warehouse-North,Zone-07,19.11,2025-11-04 18:13:35,2025-11-04 18:34:57,SUCCESS
DEL04294,D057,Hub-West,Zone-07,22.68,2025-12-10 02:20:30,2025-12-10 02:28:11,FAILED
DEL04295,D001,Warehouse-East,Zone-11,13.93,2026-01-22 19:50:09,2026-01-22 20:09:27,SUCCESS
DEL04296,D013,Warehouse-East,Zone-30,43.45,2026-03-26 21:45:27,2026-03-26 22:44:09,SUCCESS
DEL04297,D033,Warehouse-North,Zone-20,37.83,2026-01-06 15:11:12,2026-01-06 15:37:12,SUCCESS
DEL04298,D035,Warehouse-East,Zone-21,42.04,2025-10-07 12:15:09,2025-10-07 13:01:08,SUCCESS
DEL04299,D062,Warehouse-North,Zone-23,14.94,2025-12-17 08:11:04,2025-12-17 08:21:36,FAILED
DEL04300,D091,Warehouse-East,Zone-21,52.48,2025-11-19 03:14:32,2025-11-19 04:22:27,SUCCESS
DEL04301,D008,Warehouse-North,Zone-28,11.85,2026-01-20 02:33:22,2026-01-20 02:42:21,SUCCESS
DEL04302,D092,Hub-Central,Zone-20,8.49,2026-03-30 02:48:43,2026-03-30 02:54:24,SUCCESS
DEL04303,D081,Hub-Central,Zone-06,59.98,2025-12-28 06:02:01,2025-12-28 06:47:23,SUCCESS
DEL04304,D061,Hub-West,Zone-26,12.22,2026-02-23 14:57:18,2026-02-23 15:05:32,SUCCESS
DEL04305,D014,Warehouse-East,Zone-01,55.05,2025-10-08 09:59:42,2025-10-08 11:00:10,SUCCESS
DEL04306,D079,Warehouse-South,Zone-23,31.86,2026-03-23 15:34:39,2026-03-23 16:20:14,SUCCESS
DEL04307,D095,Warehouse-South,Zone-03,17.17,2025-11-04 08:26:58,2025-11-04 08:41:48,SUCCESS
DEL04308,D054,Warehouse-North,Zone-02,5.19,2026-03-11 23:01:19,2026-03-11 23:06:21,SUCCESS
DEL04309,D057,Warehouse-North,Zone-11,22.24,2026-02-01 18:51:48,2026-02-01 19:01:27,FAILED
DEL04310,D013,Hub-West,Zone-09,61.9,2026-03-16 14:03:30,2026-03-16 14:36:08,FAILED
DEL04311,D025,Hub-West,Zone-24,16.3,2026-02-05 05:00:41,2026-02-05 05:26:21,SUCCESS
DEL04312,D003,Warehouse-East,Zone-29,15.61,2025-12-04 14:19:52,2025-12-04 14:29:16,FAILED
DEL04313,D091,Hub-West,Zone-24,5.73,2025-11-02 20:35:32,2025-11-02 20:40:20,SUCCESS
DEL04314,D047,Warehouse-North,Zone-22,35.97,2026-01-09 06:19:15,2026-01-09 06:34:09,FAILED
DEL04315,D052,Warehouse-North,Zone-03,21.96,2025-12-20 20:27:55,2025-12-20 20:35:27,FAILED
DEL04316,D025,Hub-West,Zone-05,24.82,2026-03-10 05:00:00,2026-03-10 05:14:59,FAILED
DEL04317,D094,Warehouse-North,Zone-06,85.02,2025-11-21 18:36:48,2025-11-21 19:42:25,SUCCESS
DEL04318,D057,Warehouse-East,Zone-20,16.49,2025-10-09 15:25:27,2025-10-09 15:39:01,SUCCESS
DEL04319,D026,Hub-West,Zone-14,28.7,2026-02-11 17:39:08,2026-02-11 18:12:40,SUCCESS
DEL04320,D023,Warehouse-North,Zone-10,10.1,2026-02-01 08:42:40,2026-02-01 08:57:10,SUCCESS
DEL04321,D036,Warehouse-East,Zone-04,8.83,2026-01-17 20:23:45,2026-01-17 20:36:40,SUCCESS
DEL04322,D044,Hub-West,Zone-27,69.35,2025-12-30 12:53:35,2025-12-30 13:23:39,FAILED
DEL04323,D090,Hub-West,Zone-30,73.35,2025-10-17 17:13:58,2025-10-17 18:26:50,SUCCESS
DEL04324,D060,Warehouse-North,Zone-30,32.99,2025-10-18 02:51:52,2025-10-18 03:12:12,FAILED
DEL04325,D012,Warehouse-North,Zone-06,94.52,2025-11-05 10:30:58,2025-11-05 12:48:15,SUCCESS
DEL04326,D041,Warehouse-North,Zone-25,15.39,2026-01-23 18:57:06,2026-01-23 19:15:20,SUCCESS
DEL04327,D022,Warehouse-North,Zone-07,22.01,2026-03-03 03:46:45,2026-03-03 04:06:53,SUCCESS
DEL04328,D082,Hub-Central,Zone-03,17.8,2025-12-12 17:26:03,2025-12-12 17:47:28,SUCCESS
DEL04329,D093,Warehouse-East,Zone-27,81.15,2025-11-17 21:51:18,2025-11-17 23:03:00,SUCCESS
DEL04330,D088,Warehouse-South,Zone-24,42.95,2026-02-02 17:24:57,2026-02-02 17:59:54,FAILED
DEL04331,D097,Warehouse-South,Zone-10,50.02,2026-02-21 07:50:38,2026-02-21 08:17:02,FAILED
DEL04332,D007,Warehouse-East,Zone-06,55.02,2025-12-13 15:42:53,2025-12-13 16:26:38,SUCCESS
DEL04333,D036,Hub-West,Zone-11,6.49,2025-10-28 06:25:58,2025-10-28 06:34:57,SUCCESS
DEL04334,D053,Warehouse-South,Zone-09,34.32,2025-11-13 21:03:06,2025-11-13 21:27:23,SUCCESS
DEL04335,D026,Warehouse-East,Zone-09,45.19,2025-11-04 09:24:07,2025-11-04 09:50:16,FAILED
DEL04336,D090,Warehouse-East,Zone-03,46.06,2025-12-25 08:40:36,2025-12-25 09:33:12,SUCCESS
DEL04337,D063,Hub-West,Zone-12,53.22,2025-12-08 23:08:00,2025-12-08 23:51:32,SUCCESS
DEL04338,D045,Hub-West,Zone-15,41.08,2026-02-27 23:30:27,2026-02-28 00:27:00,SUCCESS
DEL04339,D081,Warehouse-South,Zone-02,23.81,2026-02-11 09:50:16,2026-02-11 10:01:19,FAILED
DEL04340,D075,Warehouse-South,Zone-18,46.37,2025-12-14 21:24:08,2025-12-14 22:03:28,SUCCESS
DEL04341,D073,Hub-Central,Zone-12,52.24,2025-11-10 21:45:35,2025-11-10 22:31:15,SUCCESS
DEL04342,D083,Warehouse-East,Zone-07,14.9,2026-03-07 11:06:24,2026-03-07 11:19:26,SUCCESS
DEL04343,D044,Hub-West,Zone-18,71.85,2026-02-13 20:37:23,2026-02-13 21:25:37,SUCCESS
DEL04344,D096,Warehouse-East,Zone-03,34.51,2026-03-04 05:40:59,2026-03-04 06:15:53,SUCCESS
DEL04345,D066,Warehouse-South,Zone-09,29.03,2026-02-28 04:20:49,2026-02-28 04:44:04,SUCCESS
DEL04346,D028,Warehouse-East,Zone-02,37.7,2025-12-30 19:35:05,2025-12-30 20:01:53,SUCCESS
DEL04347,D015,Warehouse-South,Zone-16,14.26,2026-01-09 09:32:00,2026-01-09 09:46:34,SUCCESS
DEL04348,D018,Hub-West,Zone-11,56.29,2025-12-30 17:31:41,2025-12-30 18:34:33,SUCCESS
DEL04349,D048,Hub-Central,Zone-22,37.97,2026-01-18 11:21:21,2026-01-18 11:51:27,SUCCESS
DEL04350,D076,Warehouse-North,Zone-11,12.21,2026-03-25 00:14:43,2026-03-25 00:31:01,SUCCESS
DEL04351,D090,Warehouse-East,Zone-28,92.27,2025-10-21 07:31:54,2025-10-21 08:40:49,SUCCESS
DEL04352,D002,Hub-Central,Zone-16,31.05,2025-10-31 19:49:51,2025-10-31 20:28:45,SUCCESS
DEL04353,D043,Warehouse-North,Zone-06,15.86,2025-12-05 09:00:16,2025-12-05 09:11:42,SUCCESS
DEL04354,D046,Warehouse-South,Zone-15,30.65,2025-11-29 11:20:52,2025-11-29 11:50:39,SUCCESS
DEL04355,D070,Warehouse-North,Zone-15,20.75,2025-11-06 03:34:18,2025-11-06 04:00:58,SUCCESS
DEL04356,D079,Hub-West,Zone-19,27.95,2025-12-28 15:11:27,2025-12-28 15:47:42,SUCCESS
DEL04357,D089,Hub-Central,Zone-16,20.4,2025-12-24 11:06:00,2025-12-24 11:30:31,SUCCESS
DEL04358,D032,Warehouse-East,Zone-20,13.89,2025-11-19 01:05:01,2025-11-19 01:10:32,FAILED
DEL04359,D044,Hub-Central,Zone-10,53.84,2026-01-02 16:52:52,2026-01-02 17:33:33,SUCCESS
DEL04360,D006,Warehouse-South,Zone-25,10.3,2026-03-30 09:24:18,2026-03-30 09:38:39,SUCCESS
DEL04361,D065,Hub-Central,Zone-14,28.47,2025-10-21 22:38:31,2025-10-21 23:07:59,SUCCESS
DEL04362,D100,Hub-West,Zone-13,31.4,2025-11-22 07:18:47,2025-11-22 07:35:23,FAILED
DEL04363,D076,Warehouse-South,Zone-17,52.68,2025-10-06 13:04:36,2025-10-06 13:45:28,SUCCESS
DEL04364,D022,Warehouse-East,Zone-29,11.46,2026-03-29 02:28:45,2026-03-29 02:36:37,SUCCESS
DEL04365,D077,Hub-West,Zone-07,14.56,2026-02-13 11:11:54,2026-02-13 11:29:17,SUCCESS
DEL04366,D073,Warehouse-South,Zone-05,9.55,2026-02-23 23:52:31,2026-02-24 00:03:06,SUCCESS
DEL04367,D085,Warehouse-North,Zone-03,33.46,2025-12-04 16:34:41,2025-12-04 16:59:11,SUCCESS
DEL04368,D040,Warehouse-South,Zone-26,24.44,2026-03-03 23:00:41,2026-03-03 23:31:01,SUCCESS
DEL04369,D045,Hub-Central,Zone-06,54.66,2025-12-29 01:45:35,2025-12-29 02:36:18,SUCCESS
DEL04370,D059,Warehouse-South,Zone-07,8.72,2025-10-01 03:55:46,2025-10-01 04:02:02,SUCCESS
DEL04371,D023,Warehouse-East,Zone-03,24.27,2025-11-28 12:04:38,2025-11-28 12:23:29,SUCCESS
DEL04372,D024,Warehouse-South,Zone-14,12.43,2025-11-15 20:41:42,2025-11-15 21:00:01,SUCCESS
DEL04373,D012,Warehouse-South,Zone-05,40.56,2026-02-18 14:42:39,2026-02-18 15:32:58,SUCCESS
DEL04374,D088,Warehouse-East,Zone-01,28.32,2026-01-16 20:06:37,2026-01-16 20:41:08,SUCCESS
DEL04375,D062,Warehouse-East,Zone-04,15.57,2025-10-31 22:31:50,2025-10-31 22:43:32,SUCCESS
DEL04376,D061,Hub-Central,Zone-23,17.23,2026-01-15 18:23:21,2026-01-15 18:43:31,SUCCESS
DEL04377,D028,Hub-Central,Zone-22,63.27,2026-03-27 06:06:37,2026-03-27 07:07:03,SUCCESS
DEL04378,D049,Hub-Central,Zone-23,13.12,2026-03-11 10:21:28,2026-03-11 10:25:12,FAILED
DEL04379,D032,Warehouse-North,Zone-13,18.2,2026-02-26 04:05:58,2026-02-26 04:29:34,SUCCESS
DEL04380,D017,Warehouse-South,Zone-13,9.11,2025-12-01 19:38:59,2025-12-01 19:50:06,SUCCESS
DEL04381,D099,Warehouse-East,Zone-27,6.04,2025-12-03 12:27:05,2025-12-03 12:32:25,SUCCESS
DEL04382,D087,Hub-Central,Zone-20,21.62,2026-02-19 19:46:50,2026-02-19 20:08:17,SUCCESS
DEL04383,D051,Warehouse-North,Zone-12,5.92,2026-01-12 17:09:25,2026-01-12 17:15:30,SUCCESS
DEL04384,D063,Hub-West,Zone-01,31.48,2026-02-08 01:51:05,2026-02-08 02:25:50,SUCCESS
DEL04385,D029,Hub-West,Zone-06,18.93,2026-03-21 23:08:23,2026-03-21 23:22:10,SUCCESS
DEL04386,D099,Warehouse-East,Zone-12,31.93,2025-11-15 15:54:49,2025-11-15 16:18:05,SUCCESS
DEL04387,D044,Warehouse-North,Zone-20,67.6,2026-01-06 08:57:14,2026-01-06 10:04:06,FAILED
DEL04388,D077,Hub-Central,Zone-30,8.83,2026-02-23 23:06:12,2026-02-23 23:12:58,SUCCESS
DEL04389,D010,Warehouse-South,Zone-05,20.17,2026-02-03 08:36:29,2026-02-03 08:55:20,SUCCESS
DEL04390,D064,Warehouse-North,Zone-07,29.52,2025-11-06 12:00:22,2025-11-06 12:26:26,SUCCESS
DEL04391,D039,Warehouse-North,Zone-11,8.11,2025-12-24 13:06:50,2025-12-24 13:12:48,SUCCESS
DEL04392,D050,Warehouse-South,Zone-14,20.6,2026-02-05 00:04:13,2026-02-05 00:20:56,SUCCESS
DEL04393,D020,Warehouse-East,Zone-13,20.8,2025-11-25 08:01:44,2025-11-25 08:21:21,SUCCESS
DEL04394,D087,Hub-Central,Zone-02,29.38,2026-03-09 11:25:08,2026-03-09 11:40:02,FAILED
DEL04395,D034,Warehouse-South,Zone-06,14.98,2025-12-21 21:26:10,2025-12-21 21:43:00,SUCCESS
DEL04396,D051,Hub-West,Zone-27,18.4,2026-02-10 11:56:01,2026-02-10 12:13:58,SUCCESS
DEL04397,D014,Warehouse-North,Zone-12,57.43,2025-12-30 06:41:48,2025-12-30 07:08:21,FAILED
DEL04398,D088,Warehouse-North,Zone-21,11.35,2026-02-20 06:29:33,2026-02-20 06:42:59,SUCCESS
DEL04399,D052,Warehouse-North,Zone-06,21.68,2026-03-06 00:48:56,2026-03-06 01:17:03,SUCCESS
DEL04400,D041,Hub-West,Zone-17,27.22,2025-10-25 23:58:10,2025-10-26 00:18:22,SUCCESS
DEL04401,D050,Hub-Central,Zone-01,7.61,2026-02-11 06:23:00,2026-02-11 06:28:58,SUCCESS
DEL04402,D063,Hub-Central,Zone-14,42.87,2026-02-04 23:00:32,2026-02-04 23:41:54,SUCCESS
DEL04403,D099,Warehouse-East,Zone-14,34.26,2025-10-11 14:02:27,2025-10-11 14:33:32,SUCCESS
DEL04404,D034,Warehouse-North,Zone-20,23.53,2026-02-22 02:16:24,2026-02-22 02:41:56,SUCCESS
DEL04405,D058,Warehouse-East,Zone-25,58.83,2026-01-06 11:46:35,2026-01-06 12:26:06,SUCCESS
DEL04406,D061,Warehouse-East,Zone-28,24.9,2026-02-16 06:16:11,2026-02-16 06:35:36,FAILED
DEL04407,D069,Warehouse-North,Zone-26,15.45,2025-12-10 20:22:45,2025-12-10 20:39:18,FAILED
DEL04408,D023,Hub-West,Zone-25,26.32,2025-12-22 08:17:12,2025-12-22 08:47:39,SUCCESS
DEL04409,D050,Warehouse-North,Zone-05,27.55,2026-03-18 23:57:30,2026-03-19 00:16:34,SUCCESS
DEL04410,D001,Hub-West,Zone-09,13.95,2025-12-05 11:04:22,2025-12-05 11:20:57,SUCCESS
DEL04411,D026,Hub-West,Zone-24,5.43,2026-01-08 23:35:26,2026-01-08 23:41:39,SUCCESS
DEL04412,D059,Warehouse-North,Zone-15,17.52,2025-12-24 10:43:30,2025-12-24 11:05:33,SUCCESS
DEL04413,D037,Warehouse-North,Zone-28,71.86,2025-10-08 17:41:18,2025-10-08 18:47:51,SUCCESS
DEL04414,D063,Warehouse-East,Zone-02,59.4,2025-12-29 08:55:25,2025-12-29 09:45:52,SUCCESS
DEL04415,D077,Warehouse-East,Zone-09,34.54,2026-02-11 06:47:53,2026-02-11 07:20:30,SUCCESS
DEL04416,D055,Warehouse-East,Zone-25,49.69,2025-12-05 12:41:08,2025-12-05 13:27:22,SUCCESS
DEL04417,D004,Warehouse-East,Zone-06,13.75,2026-01-14 09:23:28,2026-01-14 09:34:41,SUCCESS
DEL04418,D038,Hub-Central,Zone-01,12.86,2025-12-09 07:12:22,2025-12-09 07:21:04,SUCCESS
DEL04419,D058,Warehouse-East,Zone-21,6.09,2025-12-03 00:53:50,2025-12-03 01:01:31,SUCCESS
DEL04420,D005,Warehouse-North,Zone-12,38.47,2026-01-24 16:31:51,2026-01-24 16:57:26,FAILED
DEL04421,D094,Hub-West,Zone-24,29.78,2025-10-08 02:37:33,2025-10-08 03:09:35,SUCCESS
DEL04422,D051,Warehouse-South,Zone-03,24.66,2025-11-18 06:41:04,2025-11-18 07:05:16,SUCCESS
DEL04423,D069,Warehouse-South,Zone-24,25.95,2025-10-19 08:44:24,2025-10-19 09:11:40,SUCCESS
DEL04424,D019,Hub-Central,Zone-14,18.34,2026-01-31 21:37:15,2026-01-31 21:51:08,SUCCESS
DEL04425,D036,Hub-Central,Zone-23,39.91,2025-12-07 01:37:00,2025-12-07 02:10:40,SUCCESS
DEL04426,D080,Hub-West,Zone-19,10.36,2025-11-17 09:35:30,2025-11-17 09:40:27,FAILED
DEL04427,D059,Warehouse-North,Zone-11,16.57,2025-10-08 21:24:02,2025-10-08 21:37:13,SUCCESS
DEL04428,D048,Warehouse-South,Zone-20,25.17,2025-10-08 10:25:55,2025-10-08 10:50:09,SUCCESS
DEL04429,D093,Warehouse-North,Zone-13,65.38,2026-02-01 20:25:51,2026-02-01 22:04:06,SUCCESS
DEL04430,D066,Warehouse-North,Zone-11,48.75,2026-02-18 20:36:16,2026-02-18 21:34:43,SUCCESS
DEL04431,D082,Warehouse-East,Zone-14,36.11,2026-02-23 11:50:14,2026-02-23 12:34:53,SUCCESS
DEL04432,D052,Warehouse-South,Zone-24,35.8,2025-10-05 08:18:52,2025-10-05 08:55:44,SUCCESS
DEL04433,D033,Warehouse-North,Zone-27,42.95,2026-02-18 02:52:17,2026-02-18 03:29:35,SUCCESS
DEL04434,D056,Warehouse-South,Zone-19,22.65,2025-10-23 14:34:54,2025-10-23 15:08:39,SUCCESS
DEL04435,D034,Hub-West,Zone-17,41.08,2025-11-28 21:01:15,2025-11-28 21:41:16,SUCCESS
DEL04436,D070,Warehouse-South,Zone-23,22.06,2026-03-15 21:03:50,2026-03-15 21:21:26,SUCCESS
DEL04437,D007,Hub-West,Zone-16,10.08,2025-12-12 16:04:04,2025-12-12 16:18:28,SUCCESS
DEL04438,D028,Hub-Central,Zone-09,43.02,2026-02-25 17:12:27,2026-02-25 18:03:29,SUCCESS
DEL04439,D096,Warehouse-South,Zone-09,12.35,2026-02-11 18:20:08,2026-02-11 18:32:37,SUCCESS
DEL04440,D065,Warehouse-North,Zone-20,7.89,2026-02-08 09:08:07,2026-02-08 09:15:44,SUCCESS
DEL04441,D052,Warehouse-South,Zone-22,33.82,2026-03-26 15:43:32,2026-03-26 16:24:47,SUCCESS
DEL04442,D037,Warehouse-North,Zone-14,72.38,2025-11-22 22:46:41,2025-11-22 23:39:15,SUCCESS
DEL04443,D027,Hub-Central,Zone-22,75.57,2025-10-04 15:14:11,2025-10-04 16:28:25,SUCCESS
DEL04444,D017,Warehouse-East,Zone-15,20.17,2025-11-23 08:30:53,2025-11-23 08:52:40,SUCCESS
DEL04445,D077,Warehouse-East,Zone-04,48.67,2026-03-03 10:52:12,2026-03-03 11:40:30,SUCCESS
DEL04446,D029,Warehouse-North,Zone-23,21.3,2025-11-13 15:45:33,2025-11-13 16:04:25,SUCCESS
DEL04447,D042,Warehouse-North,Zone-20,9.1,2025-11-12 22:12:13,2025-11-12 22:19:57,SUCCESS
DEL04448,D037,Hub-West,Zone-27,6.01,2026-02-19 09:29:24,2026-02-19 09:33:22,FAILED
DEL04449,D059,Hub-Central,Zone-21,31.65,2026-01-23 03:52:42,2026-01-23 04:24:39,SUCCESS
DEL04450,D077,Hub-West,Zone-13,38.84,2025-12-03 20:05:43,2025-12-03 20:22:43,FAILED
DEL04451,D061,Hub-West,Zone-01,11.85,2026-03-30 13:31:15,2026-03-30 13:41:04,SUCCESS
DEL04452,D044,Warehouse-East,Zone-12,16.74,2025-12-06 03:17:32,2025-12-06 03:35:22,FAILED
DEL04453,D057,Hub-Central,Zone-28,21.53,2025-10-30 11:20:22,2025-10-30 11:38:18,SUCCESS
DEL04454,D096,Warehouse-South,Zone-18,57.58,2026-01-05 21:23:25,2026-01-05 22:01:41,FAILED
DEL04455,D090,Hub-Central,Zone-09,70.54,2025-11-03 00:19:11,2025-11-03 01:21:30,SUCCESS
DEL04456,D052,Hub-West,Zone-03,11.6,2025-10-07 06:22:22,2025-10-07 06:31:07,SUCCESS
DEL04457,D081,Hub-West,Zone-12,28.79,2026-01-03 11:26:01,2026-01-03 11:51:12,SUCCESS
DEL04458,D011,Hub-West,Zone-12,18.9,2025-11-10 07:15:31,2025-11-10 07:29:04,SUCCESS
DEL04459,D039,Warehouse-East,Zone-15,27.9,2025-11-26 15:59:38,2025-11-26 16:22:23,SUCCESS
DEL04460,D087,Warehouse-North,Zone-05,23.89,2025-12-30 18:08:57,2025-12-30 18:36:00,SUCCESS
DEL04461,D080,Warehouse-South,Zone-20,9.98,2026-01-22 14:00:12,2026-01-22 14:10:24,SUCCESS
DEL04462,D046,Hub-Central,Zone-14,45.3,2026-01-18 16:35:22,2026-01-18 17:13:43,SUCCESS
DEL04463,D098,Warehouse-East,Zone-18,18.28,2025-10-05 13:05:26,2025-10-05 13:12:55,FAILED
DEL04464,D096,Warehouse-South,Zone-13,68.31,2026-01-04 07:05:34,2026-01-04 08:38:22,SUCCESS
DEL04465,D069,Hub-Central,Zone-20,21.89,2025-10-26 13:45:15,2025-10-26 14:07:51,SUCCESS
DEL04466,D016,Hub-Central,Zone-07,18.17,2025-10-19 19:57:31,2025-10-19 20:10:41,FAILED
DEL04467,D028,Hub-West,Zone-10,61.18,2025-10-22 11:35:09,2025-10-22 12:53:04,SUCCESS
DEL04468,D023,Warehouse-South,Zone-25,,2026-03-17 22:41:41,2026-03-17 23:08:54,SUCCESS
DEL04469,D100,Hub-Central,Zone-18,53.35,2026-02-20 14:50:05,2026-02-20 15:27:28,SUCCESS
DEL04470,D053,Warehouse-South,Zone-14,40.98,2025-12-08 08:33:13,2025-12-08 09:02:18,SUCCESS
DEL04471,D077,Warehouse-East,Zone-25,41.58,2025-11-24 03:40:25,2025-11-24 03:58:02,FAILED
DEL04472,D047,Warehouse-North,Zone-22,40.94,2026-01-31 09:17:50,2026-01-31 09:45:10,FAILED
DEL04473,D088,Warehouse-East,Zone-17,11.96,2026-01-31 22:33:54,2026-01-31 22:45:30,SUCCESS
DEL04474,D069,Hub-Central,Zone-08,33.09,2026-01-12 09:40:08,2026-01-12 10:05:56,FAILED
DEL04475,D052,Hub-Central,Zone-10,17.94,2026-01-05 02:05:23,2026-01-05 02:22:39,SUCCESS
DEL04476,D058,Warehouse-South,Zone-13,6.57,2025-10-31 11:31:22,2025-10-31 11:37:27,SUCCESS
DEL04477,D037,Hub-West,Zone-27,26.7,2025-10-01 15:33:11,2025-10-01 16:07:24,SUCCESS
DEL04478,D043,Hub-Central,Zone-21,26.42,2026-02-26 03:32:03,2026-02-26 03:50:47,SUCCESS
DEL04479,D023,Warehouse-North,Zone-13,20.75,2026-02-10 16:39:00,2026-02-10 16:54:58,SUCCESS
DEL04480,D075,Hub-Central,Zone-14,5.21,2026-02-04 19:41:10,2026-02-04 19:46:37,SUCCESS
DEL04481,D053,Warehouse-North,Zone-20,17.94,2025-11-06 16:13:15,2025-11-06 16:28:51,SUCCESS
DEL04482,D029,Hub-West,Zone-20,22.78,2025-10-27 21:47:33,2025-10-27 22:00:25,FAILED
DEL04483,D065,Hub-West,Zone-19,25.17,2025-10-16 15:11:03,2025-10-16 15:27:32,FAILED
DEL04484,D094,Warehouse-North,Zone-11,38.15,2025-12-19 09:01:50,2025-12-19 09:42:23,SUCCESS
DEL04485,D079,Warehouse-South,Zone-19,18.58,2025-11-18 12:48:30,2025-11-18 13:02:24,SUCCESS
DEL04486,D081,Warehouse-North,Zone-12,55.43,2025-12-31 15:16:35,2025-12-31 16:27:23,SUCCESS
DEL04487,D003,Hub-West,Zone-29,25.57,2026-02-22 06:28:10,2026-02-22 06:51:34,SUCCESS
DEL04488,D084,Hub-West,Zone-17,44.19,2025-12-15 14:27:10,2025-12-15 15:18:04,SUCCESS
DEL04489,D025,Warehouse-South,Zone-15,27.87,2026-03-15 02:43:37,2026-03-15 03:06:34,SUCCESS
DEL04490,D048,Warehouse-South,Zone-06,19.31,2026-02-18 09:42:15,2026-02-18 09:57:58,SUCCESS
DEL04491,D061,Warehouse-South,Zone-11,29.46,2026-02-16 09:51:14,2026-02-16 10:13:32,SUCCESS
DEL04492,D017,Warehouse-North,Zone-29,16.45,2025-11-26 21:23:40,2025-11-26 21:36:01,SUCCESS
DEL04493,D004,Hub-West,Zone-15,34.73,2025-11-10 04:43:25,2025-11-10 05:15:01,SUCCESS
DEL04494,D059,Hub-West,Zone-15,15.35,2025-11-17 14:00:05,2025-11-17 14:21:31,SUCCESS
DEL04495,D031,Warehouse-South,Zone-15,56.95,2026-03-04 17:08:26,2026-03-04 17:52:17,SUCCESS
DEL04496,D065,Warehouse-North,Zone-26,13.86,2026-02-02 13:02:38,2026-02-02 13:17:32,SUCCESS
DEL04497,D078,Warehouse-East,Zone-28,21.97,2026-03-12 16:46:57,2026-03-12 17:04:34,SUCCESS
DEL04498,D021,Hub-Central,Zone-24,15.44,2025-11-17 13:08:47,2025-11-17 13:23:37,SUCCESS
DEL04499,D009,Warehouse-North,Zone-22,29.63,2025-10-02 08:04:42,2025-10-02 08:27:35,SUCCESS
DEL04500,D087,Hub-West,Zone-16,9.67,2025-12-18 21:42:46,2025-12-18 21:49:44,FAILED
DEL04501,D050,Hub-Central,Zone-09,16.37,2025-10-14 15:55:39,2025-10-14 16:01:28,FAILED
DEL04502,D092,Warehouse-North,Zone-23,30.18,2026-01-13 08:11:33,2026-01-13 08:37:58,SUCCESS
DEL04503,D100,Hub-West,Zone-23,55.22,2026-01-26 20:43:02,2026-01-26 21:59:46,SUCCESS
DEL04504,D004,Hub-Central,Zone-27,17.18,2025-12-25 03:39:23,2025-12-25 03:52:45,SUCCESS
DEL04505,D093,Warehouse-East,Zone-26,21.94,2025-10-12 14:37:27,2025-10-12 14:49:30,FAILED
DEL04506,D051,Warehouse-North,Zone-12,27.83,2026-03-10 20:11:37,2026-03-10 20:32:37,SUCCESS
DEL04507,D052,Hub-West,Zone-21,18.83,2026-02-17 03:42:46,2026-02-17 03:51:32,FAILED
DEL04508,D084,Hub-Central,Zone-26,38.99,2025-12-25 10:45:43,2025-12-25 11:20:17,SUCCESS
DEL04509,D016,Warehouse-South,Zone-28,45.45,2025-10-21 02:55:05,2025-10-21 03:37:04,SUCCESS
DEL04510,D034,Hub-West,Zone-25,16.33,2026-02-25 04:15:30,2026-02-25 04:39:33,SUCCESS
DEL04511,D015,Warehouse-South,Zone-12,13.24,2026-02-18 04:44:12,2026-02-18 05:00:03,SUCCESS
DEL04512,D053,Warehouse-East,Zone-05,25.64,2026-02-05 11:41:03,2026-02-05 12:07:31,SUCCESS
DEL04513,D032,Hub-Central,Zone-07,28.16,2026-03-04 11:32:46,2026-03-04 11:55:39,SUCCESS
DEL04514,D034,Warehouse-East,Zone-21,49.59,2025-10-19 20:38:18,2025-10-19 21:31:28,SUCCESS
DEL04515,D089,Hub-Central,Zone-29,35.59,2025-10-15 09:11:20,2025-10-15 09:35:07,SUCCESS
DEL04516,D091,Warehouse-South,Zone-25,72.92,2026-01-04 10:54:52,2026-01-04 12:33:45,SUCCESS
DEL04517,D034,Warehouse-East,Zone-23,20.26,2025-12-06 11:53:58,2025-12-06 12:10:57,SUCCESS
DEL04518,D057,Hub-Central,Zone-23,5.67,2025-12-04 04:59:34,2025-12-04 05:05:20,FAILED
DEL04519,D034,Warehouse-East,Zone-20,11.52,2026-01-19 08:08:57,2026-01-19 08:20:28,SUCCESS
DEL04520,D005,Warehouse-South,Zone-05,44.54,2026-02-25 20:01:16,2026-02-25 20:23:51,FAILED
DEL04521,D067,Warehouse-North,Zone-08,43.64,2025-11-26 00:10:59,2025-11-26 01:09:12,SUCCESS
DEL04522,D048,Warehouse-East,Zone-23,5.02,2026-01-18 10:17:02,2026-01-18 10:22:14,SUCCESS
DEL04523,D038,Warehouse-South,Zone-19,40.69,2025-11-29 13:09:06,2025-11-29 13:43:00,SUCCESS
DEL04524,D082,Hub-Central,Zone-23,8.97,2025-11-29 04:11:51,2025-11-29 04:18:06,SUCCESS
DEL04525,D057,Warehouse-East,Zone-05,8.75,2026-02-08 17:42:22,2026-02-08 17:50:50,SUCCESS
DEL04526,D096,Warehouse-South,Zone-05,49.0,2026-03-06 08:29:51,2026-03-06 09:12:03,SUCCESS
DEL04527,D078,Hub-Central,Zone-09,13.8,2025-11-26 18:22:11,2025-11-26 18:38:43,SUCCESS
DEL04528,D082,Warehouse-North,Zone-28,39.06,2025-11-14 06:10:30,2025-11-14 06:33:18,FAILED
DEL04529,D028,Warehouse-East,Zone-05,41.34,2026-01-22 06:03:01,2026-01-22 06:54:02,SUCCESS
DEL04530,D075,Warehouse-East,Zone-12,40.27,2025-10-03 08:14:05,2025-10-03 08:42:01,SUCCESS
DEL04531,D093,Hub-West,Zone-13,68.74,2026-01-07 18:12:30,2026-01-07 19:24:14,SUCCESS
DEL04532,D062,Warehouse-South,Zone-12,19.49,2026-01-29 02:13:56,2026-01-29 02:31:26,SUCCESS
DEL04533,D083,Hub-West,Zone-28,9.63,2025-10-31 06:26:19,2025-10-31 06:37:15,SUCCESS
DEL04534,D065,Hub-West,Zone-12,11.84,2025-12-01 00:43:35,2025-12-01 00:52:33,SUCCESS
DEL04535,D049,Hub-Central,Zone-21,39.16,2026-03-18 01:05:48,2026-03-18 01:26:39,FAILED
DEL04536,D022,Hub-West,Zone-16,7.51,2026-03-19 02:08:22,2026-03-19 02:17:27,SUCCESS
DEL04537,D023,Hub-Central,Zone-01,26.64,2026-01-02 23:35:46,2026-01-02 23:54:01,SUCCESS
DEL04538,D086,Warehouse-East,Zone-08,40.98,2025-10-13 13:46:08,2025-10-13 14:44:40,SUCCESS
DEL04539,D040,Warehouse-South,Zone-05,14.03,2025-11-10 02:01:48,2025-11-10 02:20:22,SUCCESS
DEL04540,D036,Warehouse-North,Zone-21,44.18,2026-01-27 04:28:25,2026-01-27 04:47:14,FAILED
DEL04541,D026,Hub-Central,Zone-15,35.09,2025-12-09 05:25:02,2025-12-09 05:50:44,SUCCESS
DEL04542,D073,Warehouse-North,Zone-27,52.01,2026-03-27 05:30:07,2026-03-27 06:13:44,SUCCESS
DEL04543,D096,Hub-West,Zone-29,60.56,2026-03-14 05:27:42,2026-03-14 06:24:18,SUCCESS
DEL04544,D030,Warehouse-South,Zone-12,15.01,2026-02-21 23:04:16,2026-02-21 23:12:02,FAILED
DEL04545,D086,Hub-Central,Zone-21,6.09,2025-10-07 09:02:52,2025-10-07 09:09:28,SUCCESS
DEL04546,D013,Hub-West,Zone-03,24.37,2025-12-03 23:39:05,2025-12-04 00:01:04,SUCCESS
DEL04547,D035,Hub-West,Zone-28,62.43,2026-01-16 10:29:33,2026-01-16 10:49:40,FAILED
DEL04548,D095,Warehouse-North,Zone-26,23.86,2026-01-13 09:59:57,2026-01-13 10:17:00,SUCCESS
DEL04549,D008,Hub-West,Zone-17,69.77,2025-12-26 17:27:35,2025-12-26 18:23:17,SUCCESS
DEL04550,D032,Warehouse-East,Zone-26,13.97,2025-11-17 12:20:54,2025-11-17 12:30:51,SUCCESS
DEL04551,D095,Warehouse-South,Zone-08,26.63,2025-11-05 11:22:19,2025-11-05 11:41:21,SUCCESS
DEL04552,D089,Hub-Central,Zone-06,28.89,2026-02-17 07:14:04,2026-02-17 07:33:34,FAILED
DEL04553,D006,Warehouse-East,Zone-18,41.22,2026-01-27 06:47:14,2026-01-27 07:18:18,SUCCESS
DEL04554,D036,Warehouse-South,Zone-24,21.03,2025-10-18 17:45:52,2025-10-18 18:02:32,SUCCESS
DEL04555,D009,Warehouse-South,Zone-17,60.02,2026-03-25 22:55:22,2026-03-25 23:40:04,SUCCESS
DEL04556,D039,Warehouse-South,Zone-08,24.39,2025-10-12 19:39:07,2025-10-12 20:06:28,SUCCESS
DEL04557,D032,Hub-West,Zone-16,38.14,2026-01-22 17:27:16,2026-01-22 18:05:50,SUCCESS
DEL04558,D060,Hub-West,Zone-29,47.74,2025-10-20 01:58:20,2025-10-20 02:18:44,FAILED
DEL04559,D007,Warehouse-North,Zone-07,78.82,2025-12-01 21:59:15,2025-12-01 23:02:46,SUCCESS
DEL04560,D062,Hub-Central,Zone-03,28.77,2025-10-23 14:29:35,2025-10-23 15:02:41,SUCCESS
DEL04561,D061,Warehouse-North,Zone-18,44.39,2025-11-08 07:55:59,2025-11-08 08:39:34,SUCCESS
DEL04562,D076,Hub-West,Zone-16,54.69,2025-11-11 17:56:39,2025-11-11 18:37:31,SUCCESS
DEL04563,D039,Warehouse-North,Zone-19,5.77,2026-01-19 13:16:00,2026-01-19 13:21:19,SUCCESS
DEL04564,D056,Warehouse-North,Zone-24,11.57,2026-03-17 05:11:56,2026-03-17 05:27:06,SUCCESS
DEL04565,D057,Warehouse-South,Zone-19,17.83,2026-02-28 22:55:38,2026-02-28 23:13:30,SUCCESS
DEL04566,D082,Hub-Central,Zone-01,22.71,2026-01-28 07:22:24,2026-01-28 07:46:47,SUCCESS
DEL04567,D033,Hub-Central,Zone-20,28.94,2026-02-24 12:30:20,2026-02-24 12:59:21,SUCCESS
DEL04568,D035,Warehouse-South,Zone-11,46.84,2026-01-04 15:42:22,2026-01-04 16:33:01,SUCCESS
DEL04569,D065,Hub-West,Zone-10,30.72,2026-01-02 20:14:47,2026-01-02 20:28:06,FAILED
DEL04570,D083,Warehouse-East,Zone-28,28.08,2025-11-28 04:24:39,2025-11-28 05:01:45,SUCCESS
DEL04571,D069,Warehouse-East,Zone-09,24.58,2025-11-18 08:31:35,2025-11-18 09:00:17,SUCCESS
DEL04572,D087,Hub-West,Zone-10,12.61,2026-01-17 23:40:52,2026-01-17 23:55:44,SUCCESS
DEL04573,D081,Warehouse-North,Zone-25,15.38,2025-12-25 10:45:09,2025-12-25 11:02:35,SUCCESS
DEL04574,D024,Warehouse-North,Zone-11,43.51,2026-01-03 16:17:22,2026-01-03 16:52:04,SUCCESS
DEL04575,D066,Hub-Central,Zone-06,22.18,2025-12-31 08:43:06,2025-12-31 09:12:26,SUCCESS
DEL04576,D023,Hub-Central,Zone-22,11.01,2025-10-13 17:31:45,2025-10-13 17:44:33,SUCCESS
DEL04577,D039,Hub-Central,Zone-11,25.81,2025-10-19 08:43:07,2025-10-19 09:03:48,SUCCESS
DEL04578,D082,Hub-West,Zone-27,23.03,2026-02-11 09:27:38,2026-02-11 09:40:33,FAILED
DEL04579,D024,Warehouse-North,Zone-25,7.42,2025-11-07 14:13:13,2025-11-07 14:18:11,FAILED
DEL04580,D030,Warehouse-East,Zone-17,12.84,2025-11-11 09:39:38,2025-11-11 09:55:54,SUCCESS
DEL04581,D040,Hub-West,Zone-16,41.42,2025-12-02 03:22:55,2025-12-02 04:03:31,SUCCESS
DEL04582,D014,Warehouse-East,Zone-30,25.58,2026-02-10 23:08:56,2026-02-10 23:43:41,SUCCESS
DEL04583,D079,Hub-West,Zone-22,9.77,2025-11-10 20:01:53,2025-11-10 20:16:15,SUCCESS
DEL04584,D020,Warehouse-South,Zone-07,10.4,2025-12-02 20:51:22,2025-12-02 21:04:58,SUCCESS
DEL04585,D099,Warehouse-South,Zone-28,34.41,2025-12-16 22:36:43,2025-12-16 23:16:34,SUCCESS
DEL04586,D021,Warehouse-South,Zone-11,38.37,2026-01-27 11:22:49,2026-01-27 11:50:29,SUCCESS
DEL04587,D067,Hub-West,Zone-26,7.71,2025-12-31 23:57:08,2026-01-01 00:09:10,SUCCESS
DEL04588,D054,Warehouse-East,Zone-08,21.48,2026-03-01 09:55:16,2026-03-01 10:24:49,SUCCESS
DEL04589,D034,Warehouse-East,Zone-12,8.49,2025-12-31 15:35:38,2025-12-31 15:41:07,SUCCESS
DEL04590,D019,Warehouse-East,Zone-24,15.99,2025-11-29 11:08:46,2025-11-29 11:21:56,SUCCESS
DEL04591,D046,Warehouse-East,Zone-15,5.3,2026-03-11 00:29:52,2026-03-11 00:37:48,SUCCESS
DEL04592,D040,Hub-West,Zone-13,21.37,2025-12-22 14:01:54,2025-12-22 14:17:41,SUCCESS
DEL04593,D098,Warehouse-North,Zone-25,17.58,2025-12-20 23:56:13,2025-12-21 00:10:35,SUCCESS
DEL04594,D052,Hub-Central,Zone-12,37.0,2025-10-11 17:45:04,2025-10-11 18:11:38,SUCCESS
DEL04595,D083,Warehouse-South,Zone-15,57.84,2026-03-06 09:17:59,2026-03-06 10:17:06,SUCCESS
DEL04596,D099,Warehouse-North,Zone-27,18.18,2025-11-23 05:53:55,2025-11-23 06:07:26,SUCCESS
DEL04597,D091,Warehouse-South,Zone-22,49.44,2025-11-09 06:22:52,2025-11-09 07:00:40,SUCCESS
DEL04598,D092,Warehouse-East,Zone-27,14.5,2025-11-19 16:43:01,2025-11-19 17:03:23,SUCCESS
DEL04599,D048,Warehouse-East,Zone-14,12.05,2025-10-05 14:21:07,2025-10-05 14:35:41,SUCCESS
DEL04600,D049,Hub-West,Zone-18,33.58,2025-12-03 05:48:09,2025-12-03 06:15:15,SUCCESS
DEL04601,D095,Warehouse-South,Zone-20,28.6,2025-11-08 17:30:51,2025-11-08 18:06:53,SUCCESS
DEL04602,D065,Warehouse-East,Zone-04,7.02,2025-12-25 11:01:45,2025-12-25 11:11:11,SUCCESS
DEL04603,D010,Warehouse-South,Zone-11,18.33,2025-11-17 05:06:15,2025-11-17 05:19:00,SUCCESS
DEL04604,D093,Hub-West,Zone-16,70.2,2026-01-02 03:29:00,2026-01-02 04:58:26,SUCCESS
DEL04605,D006,Hub-Central,Zone-23,11.01,2026-03-01 16:47:09,2026-03-01 16:54:45,SUCCESS
DEL04606,D091,Warehouse-South,Zone-09,64.91,2026-01-03 13:46:37,2026-01-03 14:14:30,FAILED
DEL04607,D078,Hub-Central,Zone-02,21.51,2026-01-22 19:29:27,2026-01-22 19:51:48,SUCCESS
DEL04608,D013,Warehouse-East,Zone-09,19.67,2025-10-11 21:30:46,2025-10-11 21:52:26,SUCCESS
DEL04609,D069,Hub-Central,Zone-30,29.76,2025-12-11 17:45:22,2025-12-11 18:05:40,SUCCESS
DEL04610,D037,Hub-Central,Zone-05,67.96,2025-10-22 13:26:27,2025-10-22 14:14:16,SUCCESS
DEL04611,D096,Warehouse-East,Zone-25,32.04,2025-10-15 08:48:45,2025-10-15 09:15:57,SUCCESS
DEL04612,D094,Warehouse-South,Zone-28,46.77,2025-12-20 08:20:32,2025-12-20 09:24:07,SUCCESS
DEL04613,D020,Warehouse-East,Zone-19,29.14,2026-01-23 12:42:21,2026-01-23 13:04:55,SUCCESS
DEL04614,D026,Warehouse-North,Zone-15,57.2,2026-01-18 02:20:50,2026-01-18 03:07:03,SUCCESS
DEL04615,D032,Hub-West,Zone-18,9.61,2025-12-03 15:51:17,2025-12-03 15:59:35,SUCCESS
DEL04616,D098,Warehouse-East,Zone-18,19.25,2026-02-06 07:02:32,2026-02-06 07:18:37,FAILED
DEL04617,D068,Warehouse-East,Zone-23,64.66,2026-03-08 16:56:26,2026-03-08 18:21:02,SUCCESS
DEL04618,D003,Warehouse-North,Zone-28,77.02,2025-10-28 06:37:34,2025-10-28 08:01:43,SUCCESS
DEL04619,D090,Warehouse-East,Zone-28,37.7,2026-02-16 03:22:36,2026-02-16 03:35:10,FAILED
DEL04620,D047,Hub-Central,Zone-24,44.91,2026-03-25 18:05:16,2026-03-25 18:44:29,SUCCESS
DEL04621,D028,Warehouse-East,Zone-15,21.71,2025-11-05 18:09:17,2025-11-05 18:31:22,SUCCESS
DEL04622,D030,Warehouse-East,Zone-11,31.64,2025-12-29 11:30:03,2025-12-29 12:07:33,SUCCESS
DEL04623,D026,Warehouse-East,Zone-09,61.04,2026-02-09 14:09:55,2026-02-09 15:35:35,SUCCESS
DEL04624,D078,Warehouse-North,Zone-05,19.85,2026-02-23 04:18:10,2026-02-23 04:39:03,SUCCESS
DEL04625,D016,Hub-Central,Zone-14,15.49,2026-02-02 17:03:23,2026-02-02 17:13:51,SUCCESS
DEL04626,D051,Hub-Central,Zone-26,7.98,2026-03-06 12:32:03,2026-03-06 12:37:40,SUCCESS
DEL04627,D007,Hub-West,Zone-02,87.74,2026-03-11 11:53:01,2026-03-11 13:50:09,SUCCESS
DEL04628,D066,Warehouse-North,Zone-19,48.53,2025-12-12 12:31:00,2025-12-12 13:05:55,SUCCESS
DEL04629,D056,Hub-West,Zone-28,10.54,2025-10-07 05:31:20,2025-10-07 05:41:24,SUCCESS
DEL04630,D042,Hub-West,Zone-16,5.42,2026-03-03 10:18:27,2026-03-03 10:23:34,SUCCESS
DEL04631,D037,Warehouse-East,Zone-21,34.73,2026-01-20 14:50:03,2026-01-20 15:18:46,SUCCESS
DEL04632,D009,Warehouse-North,Zone-19,72.8,2026-02-20 14:42:34,2026-02-20 15:13:22,FAILED
DEL04633,D012,Warehouse-North,Zone-18,77.24,2026-01-17 09:49:22,2026-01-17 11:04:32,SUCCESS
DEL04634,D021,Hub-West,Zone-28,44.92,2026-03-05 01:42:13,2026-03-05 02:35:57,SUCCESS
DEL04635,D012,Hub-Central,Zone-20,29.58,2026-01-20 10:41:07,2026-01-20 11:27:52,SUCCESS
DEL04636,D084,Warehouse-North,Zone-25,30.13,2025-11-07 01:36:00,2025-11-07 01:56:36,SUCCESS
DEL04637,D088,Warehouse-East,Zone-15,15.55,2025-12-23 16:21:26,2025-12-23 16:31:35,FAILED
DEL04638,D058,Warehouse-South,Zone-21,34.59,2026-03-22 16:41:54,2026-03-22 17:14:20,SUCCESS
DEL04639,D043,Warehouse-South,Zone-21,6.76,2025-10-15 04:19:29,2025-10-15 04:23:27,FAILED
DEL04640,D074,Hub-Central,Zone-17,17.26,2025-12-05 23:37:41,2025-12-05 23:47:02,FAILED
DEL04641,D100,Hub-Central,Zone-29,19.52,2026-02-12 11:41:07,2026-02-12 11:54:47,SUCCESS
DEL04642,D003,Hub-West,Zone-10,15.83,2025-12-17 22:58:02,2025-12-17 23:11:36,SUCCESS
DEL04643,D001,Hub-Central,Zone-01,34.6,2026-01-30 02:36:17,2026-01-30 03:09:41,SUCCESS
DEL04644,D002,Warehouse-East,Zone-14,41.94,2025-11-13 17:38:51,2025-11-13 18:18:22,SUCCESS
DEL04645,D020,Warehouse-South,Zone-19,19.95,2025-11-20 06:20:31,2025-11-20 06:35:52,SUCCESS
DEL04646,D087,Warehouse-East,Zone-18,21.69,2026-02-27 02:06:31,2026-02-27 02:24:09,SUCCESS
DEL04647,D059,Warehouse-South,Zone-25,23.36,2026-02-04 22:03:21,2026-02-04 22:30:11,SUCCESS
DEL04648,D074,Warehouse-East,Zone-29,,2026-03-29 16:28:26,2026-03-29 16:35:35,SUCCESS
DEL04649,D092,Hub-West,Zone-05,34.82,2026-03-18 09:38:45,2026-03-18 10:08:05,SUCCESS
DEL04650,D025,Warehouse-South,Zone-07,31.2,2026-02-28 02:24:13,2026-02-28 02:49:29,SUCCESS
DEL04651,D040,Warehouse-North,Zone-01,10.66,2025-11-05 06:15:19,2025-11-05 06:22:55,SUCCESS
DEL04652,D069,Warehouse-North,Zone-25,5.61,2026-01-25 21:09:26,2026-01-25 21:14:16,SUCCESS
DEL04653,D017,Warehouse-East,Zone-03,9.04,2026-01-13 20:56:15,2026-01-13 21:09:24,SUCCESS
DEL04654,D042,Warehouse-East,Zone-30,32.56,2026-03-19 01:05:06,2026-03-19 01:33:03,SUCCESS
DEL04655,D030,Warehouse-South,Zone-07,13.17,2026-02-05 19:16:50,2026-02-05 19:23:44,FAILED
DEL04656,D039,Hub-Central,Zone-09,43.2,2025-11-01 16:58:53,2025-11-01 17:36:12,SUCCESS
DEL04657,D030,Warehouse-South,Zone-25,45.18,2026-03-28 14:56:36,2026-03-28 15:38:58,SUCCESS
DEL04658,D046,Warehouse-South,Zone-29,5.44,2025-10-06 07:12:38,2025-10-06 07:17:46,SUCCESS
DEL04659,D057,Hub-Central,Zone-01,27.26,2025-10-24 21:44:04,2025-10-24 22:12:24,SUCCESS
DEL04660,D057,Warehouse-South,Zone-13,22.44,2026-03-18 10:59:44,2026-03-18 11:10:46,FAILED
DEL04661,D007,Hub-Central,Zone-13,77.74,2025-12-26 18:17:47,2025-12-26 19:56:43,SUCCESS
DEL04662,D026,Hub-Central,Zone-19,48.69,2025-11-09 22:18:56,2025-11-09 23:16:09,SUCCESS
DEL04663,D016,Warehouse-South,Zone-17,53.23,2025-10-19 00:43:14,2025-10-19 01:09:03,FAILED
DEL04664,D075,Hub-West,Zone-04,49.44,2026-02-18 16:30:00,2026-02-18 16:50:40,FAILED
DEL04665,D021,Warehouse-South,Zone-04,15.17,2026-02-24 22:02:28,2026-02-24 22:14:35,SUCCESS
DEL04666,D063,Hub-West,Zone-12,30.19,2026-02-21 19:38:30,2026-02-21 20:05:36,SUCCESS
DEL04667,D096,Hub-Central,Zone-07,26.61,2025-12-01 12:45:57,2025-12-01 13:20:58,SUCCESS
DEL04668,D027,Hub-West,Zone-12,82.95,2025-10-18 15:06:59,2025-10-18 16:48:38,SUCCESS
DEL04669,D062,Hub-West,Zone-04,15.4,2025-11-19 13:42:43,2025-11-19 14:00:34,SUCCESS
DEL04670,D059,Warehouse-North,Zone-13,33.49,2025-10-04 03:14:35,2025-10-04 03:39:17,SUCCESS
DEL04671,D054,Warehouse-North,Zone-12,9.07,2025-12-17 17:34:19,2025-12-17 17:42:39,SUCCESS
DEL04672,D047,Warehouse-North,Zone-14,50.37,2025-11-30 04:37:10,2025-11-30 05:20:29,SUCCESS
DEL04673,D084,Warehouse-South,Zone-23,12.12,2025-11-28 09:20:15,2025-11-28 09:36:15,SUCCESS
DEL04674,D011,Hub-Central,Zone-29,5.09,2026-02-04 07:14:08,2026-02-04 07:19:22,SUCCESS
DEL04675,D061,Warehouse-East,Zone-24,28.05,2025-10-04 01:51:59,2025-10-04 02:13:43,SUCCESS
DEL04676,D083,Warehouse-East,Zone-02,54.91,2026-03-24 05:51:59,2026-03-24 06:36:45,SUCCESS
DEL04677,D019,Warehouse-South,Zone-06,14.34,2026-03-14 13:14:21,2026-03-14 13:25:22,SUCCESS
DEL04678,D073,Warehouse-South,Zone-17,34.35,2025-10-02 19:13:11,2025-10-02 20:01:15,SUCCESS
DEL04679,D020,Hub-Central,Zone-25,12.63,2025-10-28 05:28:27,2025-10-28 05:45:36,SUCCESS
DEL04680,D005,Hub-West,Zone-26,6.12,2025-10-12 21:07:34,2025-10-12 21:13:05,SUCCESS
DEL04681,D027,Warehouse-East,Zone-12,61.74,2026-03-18 05:27:38,2026-03-18 06:31:37,SUCCESS
DEL04682,D080,Warehouse-South,Zone-14,8.31,2025-12-20 13:27:50,2025-12-20 13:38:22,SUCCESS
DEL04683,D023,Hub-West,Zone-05,15.02,2025-11-03 21:52:10,2025-11-03 22:02:49,SUCCESS
DEL04684,D095,Warehouse-South,Zone-12,31.3,2026-03-07 04:09:33,2026-03-07 04:22:09,FAILED
DEL04685,D015,Warehouse-South,Zone-01,14.66,2026-03-02 17:37:13,2026-03-02 17:48:32,FAILED
DEL04686,D064,Warehouse-East,Zone-13,35.97,2025-11-09 15:04:02,2025-11-09 15:37:43,SUCCESS
DEL04687,D081,Warehouse-East,Zone-20,39.01,2025-12-12 11:09:50,2025-12-12 11:41:38,SUCCESS
DEL04688,D042,Warehouse-North,Zone-11,16.7,2025-10-06 12:43:04,2025-10-06 12:56:11,SUCCESS
DEL04689,D004,Hub-Central,Zone-02,6.45,2026-03-22 14:12:12,2026-03-22 14:17:56,FAILED
DEL04690,D095,Warehouse-South,Zone-30,29.6,2026-03-19 07:56:45,2026-03-19 08:18:36,SUCCESS
DEL04691,D053,Hub-West,Zone-13,39.73,2025-10-10 00:42:11,2025-10-10 01:16:36,SUCCESS
DEL04692,D098,Hub-West,Zone-06,21.61,2026-01-25 05:14:49,2026-01-25 05:36:00,SUCCESS
DEL04693,D021,Warehouse-North,Zone-12,39.26,2025-10-20 10:34:15,2025-10-20 11:05:41,SUCCESS
DEL04694,D029,Hub-Central,Zone-03,,2025-10-18 21:19:42,2025-10-18 22:03:02,SUCCESS
DEL04695,D015,Hub-Central,Zone-14,8.76,2026-01-01 08:52:23,2026-01-01 08:58:14,SUCCESS
DEL04696,D069,Warehouse-South,Zone-28,10.83,2025-12-25 12:29:11,2025-12-25 12:40:42,SUCCESS
DEL04697,D078,Warehouse-North,Zone-10,12.98,2026-03-07 04:11:40,2026-03-07 04:21:56,FAILED
DEL04698,D061,Warehouse-East,Zone-05,28.16,2025-12-31 03:58:04,2025-12-31 04:19:44,SUCCESS
DEL04699,D042,Hub-West,Zone-12,35.6,2026-02-05 10:55:32,2026-02-05 11:28:54,SUCCESS
DEL04700,D079,Warehouse-North,Zone-16,29.48,2026-02-07 19:07:07,2026-02-07 19:49:53,SUCCESS
DEL04701,D064,Hub-West,Zone-07,33.17,2026-02-23 09:16:58,2026-02-23 09:39:36,FAILED
DEL04702,D017,Hub-West,Zone-05,12.33,2025-11-12 14:03:50,2025-11-12 14:19:07,SUCCESS
DEL04703,D019,Warehouse-North,Zone-24,6.41,2025-11-13 19:08:51,2025-11-13 19:13:57,FAILED
DEL04704,D013,Hub-Central,Zone-10,15.1,2026-02-17 06:42:41,2026-02-17 06:54:33,SUCCESS
DEL04705,D079,Warehouse-South,Zone-08,24.14,2025-10-21 10:23:56,2025-10-21 10:52:41,SUCCESS
DEL04706,D033,Warehouse-East,Zone-11,30.15,2025-11-05 20:25:22,2025-11-05 20:56:58,SUCCESS
DEL04707,D091,Hub-West,Zone-17,65.81,2025-12-29 17:46:16,2025-12-29 18:48:43,SUCCESS
DEL04708,D067,Warehouse-East,Zone-25,47.05,2026-01-21 01:47:37,2026-01-21 02:50:49,SUCCESS
DEL04709,D017,Hub-Central,Zone-12,21.92,2025-12-03 16:19:47,2025-12-03 16:35:50,SUCCESS
DEL04710,D085,Hub-West,Zone-24,46.81,2025-10-29 04:46:44,2025-10-29 05:34:16,SUCCESS
DEL04711,D005,Hub-Central,Zone-21,17.22,2026-02-23 05:38:02,2026-02-23 06:01:44,SUCCESS
DEL04712,D007,Warehouse-South,Zone-06,82.83,2026-03-04 05:12:58,2026-03-04 06:34:44,SUCCESS
DEL04713,D002,Warehouse-North,Zone-27,29.98,2025-10-28 18:12:57,2025-10-28 18:55:56,SUCCESS
DEL04714,D031,Hub-Central,Zone-11,77.92,2025-11-01 10:26:23,2025-11-01 12:09:40,SUCCESS
DEL04715,D002,Hub-Central,Zone-16,25.3,2026-01-20 02:07:02,2026-01-20 02:33:59,SUCCESS
DEL04716,D045,Hub-West,Zone-13,10.29,2025-11-06 10:58:13,2025-11-06 11:07:56,SUCCESS
DEL04717,D058,Hub-Central,Zone-20,39.69,2025-11-11 17:12:33,2025-11-11 17:51:39,SUCCESS
DEL04718,D034,Hub-Central,Zone-04,23.78,2026-01-14 23:58:57,2026-01-15 00:17:20,SUCCESS
DEL04719,D096,Hub-West,Zone-30,30.27,2025-11-24 05:39:23,2025-11-24 06:06:30,SUCCESS
DEL04720,D044,Warehouse-South,Zone-09,20.12,2025-12-05 11:43:13,2025-12-05 12:02:28,FAILED
DEL04721,D044,Hub-Central,Zone-25,52.29,2026-03-06 16:50:20,2026-03-06 17:41:37,SUCCESS
DEL04722,D071,Warehouse-North,Zone-22,41.28,2025-12-28 14:35:12,2025-12-28 15:27:10,SUCCESS
DEL04723,D044,Hub-West,Zone-09,9.7,2026-02-26 05:05:34,2026-02-26 05:12:32,SUCCESS
DEL04724,D009,Warehouse-East,Zone-14,66.2,2026-03-01 20:10:15,2026-03-01 20:38:36,FAILED
DEL04725,D083,Hub-West,Zone-05,9.27,2025-10-05 22:26:15,2025-10-05 22:33:04,SUCCESS
DEL04726,D013,Hub-Central,Zone-27,43.03,2025-11-14 02:28:46,2025-11-14 02:59:51,SUCCESS
DEL04727,D015,Hub-West,Zone-23,10.54,2025-10-24 08:32:05,2025-10-24 08:41:05,SUCCESS
DEL04728,D038,Warehouse-East,Zone-10,26.28,2025-10-25 12:35:49,2025-10-25 12:57:04,SUCCESS
DEL04729,D058,Hub-West,Zone-03,50.5,2025-12-24 16:40:19,2025-12-24 17:32:38,SUCCESS
DEL04730,D065,Hub-Central,Zone-27,52.09,2025-11-05 11:02:07,2025-11-05 11:47:20,SUCCESS
DEL04731,D066,Warehouse-South,Zone-27,46.83,2025-11-07 20:11:50,2025-11-07 21:16:42,SUCCESS
DEL04732,D088,Warehouse-North,Zone-07,27.82,2025-11-13 01:55:44,2025-11-13 02:30:40,SUCCESS
DEL04733,D094,Warehouse-East,Zone-17,64.16,2026-02-22 14:04:04,2026-02-22 15:20:15,SUCCESS
DEL04734,D077,Warehouse-South,Zone-19,32.01,2026-03-01 10:46:23,2026-03-01 11:15:12,FAILED
DEL04735,D068,Warehouse-North,Zone-26,63.81,2026-01-10 22:53:17,2026-01-10 23:44:10,SUCCESS
DEL04736,D069,Hub-West,Zone-08,19.54,2025-12-10 10:06:00,2025-12-10 10:24:36,SUCCESS
DEL04737,D089,Warehouse-South,Zone-12,43.24,2026-01-12 02:02:01,2026-01-12 02:36:26,SUCCESS
DEL04738,D021,Warehouse-South,Zone-21,41.57,2025-10-20 10:40:38,2025-10-20 11:17:12,SUCCESS
DEL04739,D082,Hub-West,Zone-08,18.74,2026-03-16 18:57:15,2026-03-16 19:11:24,SUCCESS
DEL04740,D097,Warehouse-South,Zone-18,25.43,2026-02-17 01:12:08,2026-02-17 01:33:38,SUCCESS
DEL04741,D079,Warehouse-South,Zone-09,16.51,2025-12-22 08:03:23,2025-12-22 08:21:32,SUCCESS
DEL04742,D007,Warehouse-East,Zone-13,82.29,2025-12-17 20:12:10,2025-12-17 21:36:42,SUCCESS
DEL04743,D067,Hub-Central,Zone-15,15.43,2025-12-21 19:13:59,2025-12-21 19:28:42,SUCCESS
DEL04744,D042,Warehouse-East,Zone-01,24.36,2025-10-27 10:21:52,2025-10-27 10:50:42,SUCCESS
DEL04745,D010,Hub-West,Zone-22,24.61,2025-11-18 19:16:44,2025-11-18 19:47:17,SUCCESS
DEL04746,D040,Hub-West,Zone-20,52.66,2025-11-10 12:52:04,2025-11-10 14:00:42,SUCCESS
DEL04747,D009,Hub-Central,Zone-05,53.05,2025-10-12 11:59:44,2025-10-12 13:09:46,SUCCESS
DEL04748,D019,Warehouse-South,Zone-25,31.5,2026-01-02 09:18:22,2026-01-02 09:42:57,SUCCESS
DEL04749,D032,Warehouse-South,Zone-21,26.6,2025-12-15 23:18:08,2025-12-15 23:40:03,SUCCESS
DEL04750,D054,Hub-West,Zone-07,35.35,2025-12-15 22:11:25,2025-12-15 22:42:51,SUCCESS
DEL04751,D032,Warehouse-East,Zone-03,12.06,2026-03-12 00:15:18,2026-03-12 00:24:03,SUCCESS
DEL04752,D029,Warehouse-South,Zone-29,19.81,2025-11-23 15:16:06,2025-11-23 15:33:17,SUCCESS
DEL04753,D052,Hub-West,Zone-22,12.51,2025-10-24 23:25:06,2025-10-24 23:38:23,SUCCESS
DEL04754,D020,Hub-Central,Zone-05,24.89,2025-11-09 23:14:32,2025-11-09 23:43:32,SUCCESS
DEL04755,D087,Warehouse-East,Zone-01,31.83,2025-11-23 11:47:04,2025-11-23 12:12:37,FAILED
DEL04756,D082,Hub-West,Zone-10,43.29,2025-10-23 18:37:13,2025-10-23 19:27:53,SUCCESS
DEL04757,D068,Hub-West,Zone-16,74.16,2025-10-20 22:12:27,2025-10-20 23:15:25,SUCCESS
DEL04758,D030,Hub-Central,Zone-10,36.67,2026-02-06 05:47:13,2026-02-06 06:37:41,SUCCESS
DEL04759,D016,Hub-West,Zone-15,7.18,2026-01-14 02:27:07,2026-01-14 02:32:23,SUCCESS
DEL04760,D020,Warehouse-East,Zone-29,18.1,2025-10-14 16:06:01,2025-10-14 16:22:14,SUCCESS
DEL04761,D035,Hub-Central,Zone-27,24.04,2025-10-08 22:56:29,2025-10-08 23:33:27,SUCCESS
DEL04762,D033,Hub-Central,Zone-14,34.79,2025-10-22 21:51:40,2025-10-22 22:20:41,SUCCESS
DEL04763,D075,Hub-Central,Zone-25,38.27,2025-11-02 17:03:42,2025-11-02 17:38:51,SUCCESS
DEL04764,D038,Hub-West,Zone-04,45.21,2025-11-13 14:52:03,2025-11-13 15:32:15,SUCCESS
DEL04765,D012,Hub-West,Zone-20,73.74,2026-02-20 02:14:43,2026-02-20 04:04:39,SUCCESS
DEL04766,D047,Hub-Central,Zone-27,42.65,2025-11-16 20:30:17,2025-11-16 21:26:13,SUCCESS
DEL04767,D090,Hub-Central,Zone-02,94.13,2025-12-23 23:29:25,2025-12-24 00:46:35,SUCCESS
DEL04768,D082,Warehouse-East,Zone-27,16.19,2025-10-21 10:13:16,2025-10-21 10:32:59,SUCCESS
DEL04769,D093,Warehouse-East,Zone-29,11.91,2026-02-20 05:25:48,2026-02-20 05:38:29,SUCCESS
DEL04770,D033,Hub-West,Zone-11,7.16,2026-02-02 07:51:11,2026-02-02 07:56:41,SUCCESS
DEL04771,D054,Warehouse-East,Zone-12,11.37,2026-02-07 12:20:42,2026-02-07 12:32:49,SUCCESS
DEL04772,D011,Warehouse-North,Zone-23,29.21,2025-10-03 12:14:24,2025-10-03 12:41:13,SUCCESS
DEL04773,D063,Hub-West,Zone-16,16.62,2025-11-17 03:16:12,2025-11-17 03:25:34,FAILED
DEL04774,D029,Hub-Central,Zone-22,24.54,2026-01-23 18:39:11,2026-01-23 18:47:39,FAILED
DEL04775,D035,Hub-Central,Zone-18,57.26,2025-10-21 04:30:50,2025-10-21 05:52:48,SUCCESS
DEL04776,D078,Hub-West,Zone-13,17.49,2026-03-12 14:37:22,2026-03-12 14:55:07,FAILED
DEL04777,D078,Hub-Central,Zone-02,5.58,2026-01-09 18:33:37,2026-01-09 18:38:29,SUCCESS
DEL04778,D078,Hub-West,Zone-27,11.43,2025-10-21 22:22:24,2025-10-21 22:37:13,SUCCESS
DEL04779,D083,Hub-West,Zone-04,64.5,2025-10-20 03:24:03,2025-10-20 04:15:16,SUCCESS
DEL04780,D016,Warehouse-South,Zone-12,32.05,2026-02-26 08:38:27,2026-02-26 09:10:53,SUCCESS
DEL04781,D075,Hub-West,Zone-14,21.55,2026-02-08 14:35:13,2026-02-08 14:49:18,SUCCESS
DEL04782,D051,Warehouse-North,Zone-12,38.24,2026-02-17 11:28:09,2026-02-17 12:08:10,SUCCESS
DEL04783,D083,Hub-Central,Zone-28,5.98,2026-03-03 00:58:53,2026-03-03 01:08:22,SUCCESS
DEL04784,D059,Hub-West,Zone-02,7.44,2026-01-20 07:58:51,2026-01-20 08:02:12,FAILED
DEL04785,D052,Hub-Central,Zone-22,24.58,2026-03-07 21:36:12,2026-03-07 21:52:49,SUCCESS
DEL04786,D004,Hub-West,Zone-06,32.02,2025-11-11 22:49:01,2025-11-11 23:22:31,SUCCESS
DEL04787,D004,Warehouse-East,Zone-04,39.03,2026-01-31 10:26:31,2026-01-31 11:00:18,SUCCESS
DEL04788,D038,Hub-Central,Zone-26,23.19,2026-03-28 18:37:54,2026-03-28 19:03:02,SUCCESS
DEL04789,D004,Hub-Central,Zone-28,16.92,2026-02-19 13:39:12,2026-02-19 13:55:41,SUCCESS
DEL04790,D033,Warehouse-East,Zone-12,13.54,2025-12-09 15:08:43,2025-12-09 15:22:34,SUCCESS
DEL04791,D032,Hub-Central,Zone-26,20.0,2025-11-23 17:12:02,2025-11-23 17:34:10,SUCCESS
DEL04792,D007,Hub-Central,Zone-23,59.96,2025-12-03 00:20:14,2025-12-03 01:02:58,SUCCESS
DEL04793,D082,Warehouse-South,Zone-07,28.58,2025-11-21 02:28:41,2025-11-21 02:52:52,SUCCESS
DEL04794,D072,Hub-West,Zone-21,40.5,2026-02-27 16:13:47,2026-02-27 16:40:00,SUCCESS
DEL04795,D042,Hub-Central,Zone-25,17.55,2026-02-21 19:56:03,2026-02-21 20:08:43,FAILED
DEL04796,D045,Warehouse-South,Zone-28,52.24,2026-03-01 15:34:32,2026-03-01 16:07:55,FAILED
DEL04797,D064,Warehouse-North,Zone-11,29.95,2026-03-16 08:15:41,2026-03-16 08:41:15,SUCCESS
DEL04798,D046,Hub-West,Zone-24,13.73,2026-01-28 16:38:41,2026-01-28 16:48:46,SUCCESS
DEL04799,D030,Warehouse-East,Zone-04,30.84,2025-12-01 11:09:21,2025-12-01 11:33:27,FAILED
DEL04800,D093,Hub-Central,Zone-11,62.29,2025-10-18 13:26:45,2025-10-18 14:32:23,SUCCESS
DEL04801,D080,Warehouse-South,Zone-25,24.16,2026-01-05 13:05:09,2026-01-05 13:40:43,SUCCESS
DEL04802,D049,Warehouse-East,Zone-28,21.38,2025-11-09 06:04:59,2025-11-09 06:23:56,SUCCESS
DEL04803,D091,Warehouse-East,Zone-11,67.47,2026-01-03 06:19:02,2026-01-03 07:34:18,SUCCESS
DEL04804,D057,Warehouse-East,Zone-25,25.64,2026-03-23 22:38:18,2026-03-23 23:02:43,SUCCESS
DEL04805,D021,Warehouse-East,Zone-01,32.32,2025-11-02 17:28:05,2025-11-02 17:50:22,SUCCESS
DEL04806,D015,Hub-West,Zone-10,27.71,2025-11-06 20:29:03,2025-11-06 20:38:30,FAILED
DEL04807,D065,Hub-West,Zone-10,30.75,2026-02-13 23:18:01,2026-02-13 23:59:22,SUCCESS
DEL04808,D097,Hub-West,Zone-06,8.1,2026-01-17 17:25:19,2026-01-17 17:31:06,SUCCESS
DEL04809,D051,Warehouse-North,Zone-07,13.45,2026-01-29 02:17:01,2026-01-29 02:39:06,SUCCESS
DEL04810,D012,Hub-West,Zone-30,16.45,2025-10-18 13:57:26,2025-10-18 14:14:08,SUCCESS
DEL04811,D085,Warehouse-East,Zone-05,11.63,2025-12-18 13:44:43,2025-12-18 13:52:55,SUCCESS
DEL04812,D092,Hub-West,Zone-12,9.62,2025-12-06 01:16:44,2025-12-06 01:26:21,SUCCESS
DEL04813,D051,Hub-Central,Zone-04,20.48,2025-10-26 19:58:31,2025-10-26 20:19:39,SUCCESS
DEL04814,D095,Warehouse-East,Zone-20,42.23,2026-03-08 04:11:08,2026-03-08 04:44:00,SUCCESS
DEL04815,D073,Warehouse-East,Zone-08,11.98,2025-10-16 23:08:01,2025-10-16 23:21:37,SUCCESS
DEL04816,D057,Warehouse-North,Zone-08,29.33,2026-03-10 10:03:49,2026-03-10 10:21:52,FAILED
DEL04817,D071,Warehouse-East,Zone-01,40.83,2025-10-31 02:24:26,2025-10-31 03:02:05,SUCCESS
DEL04818,D064,Warehouse-South,Zone-08,60.16,2025-11-13 14:05:58,2025-11-13 14:43:15,FAILED
DEL04819,D029,Warehouse-South,Zone-05,24.99,2025-12-25 12:12:26,2025-12-25 12:26:47,FAILED
DEL04820,D002,Warehouse-South,Zone-01,34.58,2025-11-27 15:09:22,2025-11-27 15:33:31,SUCCESS
DEL04821,D079,Hub-Central,Zone-14,15.67,2026-01-02 20:13:00,2026-01-02 20:33:12,SUCCESS
DEL04822,D072,Hub-West,Zone-07,56.64,2026-01-16 00:54:00,2026-01-16 01:35:40,SUCCESS
DEL04823,D053,Hub-West,Zone-19,,2025-11-06 03:05:35,2025-11-06 03:22:35,SUCCESS
DEL04824,D052,Hub-West,Zone-29,32.37,2026-01-30 19:13:14,2026-01-30 19:35:06,SUCCESS
DEL04825,D050,Warehouse-East,Zone-23,12.47,2026-02-23 00:18:23,2026-02-23 00:29:00,SUCCESS
DEL04826,D047,Warehouse-East,Zone-14,23.86,2026-03-06 00:14:12,2026-03-06 00:42:52,SUCCESS
DEL04827,D048,Warehouse-South,Zone-11,29.07,2025-12-10 18:45:38,2025-12-10 19:15:57,SUCCESS
DEL04828,D070,Warehouse-North,Zone-23,11.77,2025-12-09 08:05:10,2025-12-09 08:14:12,SUCCESS
DEL04829,D018,Warehouse-South,Zone-26,38.26,2025-12-02 11:03:22,2025-12-02 11:30:23,FAILED
DEL04830,D069,Warehouse-South,Zone-04,21.8,2026-01-21 10:08:31,2026-01-21 10:29:57,SUCCESS
DEL04831,D065,Hub-Central,Zone-18,5.4,2026-02-15 13:10:06,2026-02-15 13:14:56,SUCCESS
DEL04832,D041,Hub-West,Zone-08,15.27,2025-10-21 08:26:20,2025-10-21 08:38:00,SUCCESS
DEL04833,D093,Hub-West,Zone-27,33.84,2025-12-07 15:23:42,2025-12-07 15:38:34,FAILED
DEL04834,D029,Warehouse-East,Zone-19,18.29,2025-12-30 08:23:31,2025-12-30 08:38:59,SUCCESS
DEL04835,D007,Hub-West,Zone-15,5.07,2025-12-29 08:52:06,2025-12-29 08:58:43,SUCCESS
DEL04836,D064,Hub-Central,Zone-03,25.71,2026-01-23 18:33:10,2026-01-23 18:53:00,SUCCESS
DEL04837,D022,Hub-West,Zone-15,63.84,2025-10-05 07:03:51,2025-10-05 08:36:33,SUCCESS
DEL04838,D072,Warehouse-North,Zone-29,41.93,2026-02-04 06:30:47,2026-02-04 07:01:49,SUCCESS
DEL04839,D045,Warehouse-South,Zone-03,29.47,2026-01-01 13:14:24,2026-01-01 13:44:43,SUCCESS
DEL04840,D088,Warehouse-North,Zone-24,41.34,2025-12-08 19:40:51,2025-12-08 20:21:26,SUCCESS
DEL04841,D036,Warehouse-East,Zone-29,14.52,2026-01-19 15:14:39,2026-01-19 15:30:45,SUCCESS
DEL04842,D094,Hub-West,Zone-16,53.56,2025-10-06 08:31:04,2025-10-06 09:43:01,SUCCESS
DEL04843,D056,Warehouse-South,Zone-13,14.35,2026-02-14 17:53:34,2026-02-14 18:15:07,SUCCESS
DEL04844,D028,Hub-Central,Zone-10,26.02,2026-02-06 12:12:55,2026-02-06 12:27:08,FAILED
DEL04845,D069,Warehouse-East,Zone-11,28.64,2026-02-13 09:12:55,2026-02-13 09:36:58,SUCCESS
DEL04846,D030,Hub-West,Zone-14,13.6,2026-01-19 15:43:40,2026-01-19 15:54:25,SUCCESS
DEL04847,D019,Hub-West,Zone-22,24.99,2026-02-26 19:13:04,2026-02-26 19:32:15,FAILED
DEL04848,D076,Warehouse-North,Zone-20,61.3,2025-12-01 01:28:59,2025-12-01 02:32:24,SUCCESS
DEL04849,D007,Warehouse-East,Zone-19,71.76,2026-02-16 06:41:25,2026-02-16 07:59:51,SUCCESS
DEL04850,D016,Warehouse-North,Zone-20,24.33,2026-02-28 09:59:42,2026-02-28 10:32:53,SUCCESS
DEL04851,D009,Hub-Central,Zone-24,55.36,2026-01-11 20:54:58,2026-01-11 21:09:03,FAILED
DEL04852,D021,Warehouse-South,Zone-08,34.45,2026-02-20 05:57:35,2026-02-20 06:20:37,FAILED
DEL04853,D077,Warehouse-South,Zone-27,27.38,2026-02-28 05:51:45,2026-02-28 06:06:22,FAILED
DEL04854,D024,Hub-Central,Zone-24,41.13,2025-10-06 17:25:19,2025-10-06 17:52:49,SUCCESS
DEL04855,D016,Warehouse-North,Zone-04,41.36,2025-12-04 10:15:14,2025-12-04 10:53:12,SUCCESS
DEL04856,D052,Hub-Central,Zone-26,6.94,2026-01-20 11:02:50,2026-01-20 11:08:02,SUCCESS
DEL04857,D053,Hub-Central,Zone-05,28.83,2025-12-14 00:56:36,2025-12-14 01:22:02,SUCCESS
DEL04858,D044,Warehouse-North,Zone-10,61.03,2025-11-05 12:47:36,2025-11-05 13:27:06,SUCCESS
DEL04859,D046,Hub-Central,Zone-29,34.77,2025-11-04 10:47:41,2025-11-04 11:36:48,SUCCESS
DEL04860,D033,Warehouse-North,Zone-06,25.71,2026-01-06 00:41:09,2026-01-06 01:05:23,SUCCESS
DEL04861,D034,Warehouse-South,Zone-08,38.82,2025-12-17 22:47:20,2025-12-17 23:26:24,SUCCESS
DEL04862,D045,Warehouse-North,Zone-11,47.06,2026-02-03 16:17:18,2026-02-03 17:22:08,SUCCESS
DEL04863,D058,Warehouse-North,Zone-17,27.73,2026-02-23 23:42:49,2026-02-24 00:09:42,SUCCESS
DEL04864,D033,Hub-West,Zone-02,25.13,2025-10-04 23:04:27,2025-10-04 23:38:12,SUCCESS
DEL04865,D072,Warehouse-East,Zone-04,16.87,2025-10-12 11:38:28,2025-10-12 11:49:25,FAILED
DEL04866,D022,Hub-West,Zone-01,14.33,2025-10-01 08:03:26,2025-10-01 08:14:25,SUCCESS
DEL04867,D001,Hub-Central,Zone-10,5.01,2025-12-03 11:16:35,2025-12-03 11:24:04,SUCCESS
DEL04868,D004,Hub-West,Zone-19,26.67,2026-03-05 08:26:53,2026-03-05 08:46:36,SUCCESS
DEL04869,D048,Warehouse-North,Zone-06,19.84,2026-03-16 20:54:05,2026-03-16 21:14:42,SUCCESS
DEL04870,D025,Hub-West,Zone-16,27.23,2026-02-01 14:13:11,2026-02-01 14:34:46,SUCCESS
DEL04871,D024,Warehouse-South,Zone-12,24.97,2026-01-12 22:16:40,2026-01-12 22:46:09,SUCCESS
DEL04872,D013,Warehouse-South,Zone-20,5.1,2026-03-19 08:16:01,2026-03-19 08:21:00,SUCCESS
DEL04873,D048,Warehouse-South,Zone-29,21.1,2026-01-20 10:57:50,2026-01-20 11:17:10,SUCCESS
DEL04874,D057,Warehouse-South,Zone-17,24.09,2026-02-15 03:54:41,2026-02-15 04:26:06,SUCCESS
DEL04875,D020,Hub-Central,Zone-01,5.83,2026-03-08 03:11:58,2026-03-08 03:16:52,SUCCESS
DEL04876,D080,Hub-West,Zone-29,20.6,2025-10-08 12:42:04,2025-10-08 13:02:07,SUCCESS
DEL04877,D016,Warehouse-East,Zone-30,17.43,2026-03-06 17:50:49,2026-03-06 18:08:12,SUCCESS
DEL04878,D038,Warehouse-East,Zone-22,5.13,2025-10-21 22:16:03,2025-10-21 22:22:59,SUCCESS
DEL04879,D024,Hub-West,Zone-06,26.35,2026-01-23 14:05:41,2026-01-23 14:33:46,SUCCESS
DEL04880,D013,Warehouse-South,Zone-20,49.42,2026-01-05 15:13:19,2026-01-05 15:53:28,SUCCESS
DEL04881,D020,Warehouse-East,Zone-15,12.51,2026-01-28 01:40:48,2026-01-28 01:57:36,SUCCESS
DEL04882,D085,Hub-Central,Zone-26,8.49,2026-01-15 09:46:26,2026-01-15 09:52:24,SUCCESS
DEL04883,D058,Hub-West,Zone-03,6.94,2025-10-23 14:22:39,2025-10-23 14:31:50,SUCCESS
DEL04884,D044,Warehouse-East,Zone-05,19.51,2025-11-17 19:28:42,2025-11-17 19:47:22,SUCCESS
DEL04885,D031,Hub-Central,Zone-07,71.55,2026-03-08 18:13:28,2026-03-08 19:40:34,SUCCESS
DEL04886,D052,Warehouse-East,Zone-02,9.59,2025-10-09 01:49:30,2025-10-09 01:56:06,SUCCESS
DEL04887,D062,Hub-West,Zone-04,6.61,2026-03-07 11:06:07,2026-03-07 11:15:59,SUCCESS
DEL04888,D067,Warehouse-East,Zone-30,31.7,2025-10-18 15:52:26,2025-10-18 16:23:15,SUCCESS
DEL04889,D068,Hub-West,Zone-23,17.74,2026-01-18 07:45:17,2026-01-18 08:07:25,SUCCESS
DEL04890,D069,Hub-Central,Zone-25,27.57,2026-01-10 07:10:17,2026-01-10 07:37:09,SUCCESS
DEL04891,D070,Warehouse-South,Zone-10,15.15,2026-02-02 21:31:20,2026-02-02 21:53:29,SUCCESS
DEL04892,D042,Hub-Central,Zone-25,23.5,2025-10-27 07:21:44,2025-10-27 07:35:24,FAILED
DEL04893,D026,Hub-Central,Zone-13,22.94,2025-11-26 21:17:18,2025-11-26 21:42:40,SUCCESS
DEL04894,D056,Warehouse-North,Zone-16,8.63,2025-12-13 05:15:33,2025-12-13 05:21:13,FAILED
DEL04895,D004,Warehouse-North,Zone-11,14.03,2026-01-04 09:20:29,2026-01-04 09:41:03,SUCCESS
DEL04896,D072,Hub-West,Zone-13,46.18,2026-01-03 00:05:25,2026-01-03 00:48:43,SUCCESS
DEL04897,D040,Warehouse-East,Zone-25,19.87,2026-01-05 15:03:07,2026-01-05 15:26:59,SUCCESS
DEL04898,D088,Warehouse-North,Zone-17,40.38,2026-02-13 17:07:04,2026-02-13 18:00:22,SUCCESS
DEL04899,D006,Warehouse-North,Zone-10,14.51,2025-11-06 12:30:40,2025-11-06 12:42:41,SUCCESS
DEL04900,D076,Hub-West,Zone-18,11.56,2026-02-23 05:14:24,2026-02-23 05:26:04,SUCCESS
DEL04901,D023,Warehouse-East,Zone-24,14.21,2026-02-02 10:57:41,2026-02-02 11:07:33,SUCCESS
DEL04902,D007,Warehouse-North,Zone-02,89.35,2026-01-12 17:58:54,2026-01-12 19:39:35,SUCCESS
DEL04903,D039,Warehouse-South,Zone-12,5.58,2025-12-14 17:46:13,2025-12-14 17:53:24,SUCCESS
DEL04904,D069,Hub-Central,Zone-24,7.94,2025-10-11 04:21:57,2025-10-11 04:25:53,FAILED
DEL04905,D066,Warehouse-South,Zone-17,32.65,2026-01-10 17:56:40,2026-01-10 18:20:34,SUCCESS
DEL04906,D048,Warehouse-North,Zone-30,13.71,2026-02-10 06:18:41,2026-02-10 06:31:10,SUCCESS
DEL04907,D028,Hub-Central,Zone-06,55.45,2025-10-20 03:44:44,2025-10-20 04:16:38,FAILED
DEL04908,D029,Warehouse-East,Zone-03,26.24,2026-02-16 08:04:26,2026-02-16 08:35:41,SUCCESS
DEL04909,D092,Hub-Central,Zone-07,14.9,2025-11-09 12:52:59,2025-11-09 13:05:40,SUCCESS
DEL04910,D074,Hub-West,Zone-01,35.83,2026-02-02 08:34:43,2026-02-02 08:59:39,SUCCESS
DEL04911,D006,Hub-Central,Zone-07,7.0,2026-03-29 01:14:01,2026-03-29 01:22:17,SUCCESS
DEL04912,D089,Warehouse-East,Zone-01,5.09,2025-10-23 14:08:30,2025-10-23 14:15:18,SUCCESS
DEL04913,D031,Warehouse-East,Zone-06,41.72,2026-02-06 01:55:54,2026-02-06 02:26:10,SUCCESS
DEL04914,D050,Warehouse-South,Zone-12,13.75,2026-03-10 12:06:20,2026-03-10 12:16:34,FAILED
DEL04915,D052,Warehouse-South,Zone-05,13.43,2025-10-09 16:34:54,2025-10-09 16:47:44,SUCCESS
DEL04916,D077,Hub-West,Zone-22,42.72,2025-11-17 19:15:00,2025-11-17 19:56:58,SUCCESS
DEL04917,D034,Hub-Central,Zone-22,46.68,2026-03-21 06:09:38,2026-03-21 06:39:07,FAILED
DEL04918,D074,Warehouse-East,Zone-07,7.56,2026-02-15 21:38:36,2026-02-15 21:47:03,SUCCESS
DEL04919,D084,Warehouse-East,Zone-14,9.41,2026-02-21 00:57:40,2026-02-21 01:05:56,SUCCESS
DEL04920,D089,Hub-Central,Zone-27,18.53,2025-10-02 23:39:47,2025-10-02 23:53:36,SUCCESS
DEL04921,D053,Warehouse-East,Zone-27,16.8,2025-12-13 05:33:41,2025-12-13 05:46:17,SUCCESS
DEL04922,D025,Hub-Central,Zone-09,13.55,2026-03-08 14:12:45,2026-03-08 14:27:14,SUCCESS
DEL04923,D077,Hub-Central,Zone-02,26.46,2025-10-03 00:36:21,2025-10-03 01:03:29,SUCCESS
DEL04924,D090,Hub-Central,Zone-05,82.64,2026-02-26 23:04:08,2026-02-27 00:03:14,SUCCESS
DEL04925,D085,Warehouse-South,Zone-03,30.52,2026-02-11 21:17:59,2026-02-11 21:40:37,SUCCESS
DEL04926,D082,Warehouse-North,Zone-06,19.18,2025-10-23 05:03:04,2025-10-23 05:24:11,SUCCESS
DEL04927,D063,Warehouse-South,Zone-18,,2025-10-13 21:54:50,2025-10-13 22:29:51,SUCCESS
DEL04928,D042,Warehouse-East,Zone-22,26.91,2025-11-02 11:59:07,2025-11-02 12:26:24,FAILED
DEL04929,D092,Hub-Central,Zone-10,28.74,2026-03-30 17:00:01,2026-03-30 17:33:46,SUCCESS
DEL04930,D069,Warehouse-East,Zone-28,15.92,2025-11-25 14:54:08,2025-11-25 15:06:38,SUCCESS
DEL04931,D073,Warehouse-North,Zone-25,24.32,2025-11-20 18:40:28,2025-11-20 18:56:52,SUCCESS
DEL04932,D016,Warehouse-South,Zone-03,30.13,2025-12-16 16:23:47,2025-12-16 16:59:13,SUCCESS
DEL04933,D072,Hub-Central,Zone-07,38.32,2026-03-14 08:45:46,2026-03-14 09:30:19,SUCCESS
DEL04934,D017,Warehouse-North,Zone-16,11.02,2026-01-09 15:06:22,2026-01-09 15:16:59,SUCCESS
DEL04935,D062,Warehouse-North,Zone-08,18.16,2025-10-22 05:34:46,2025-10-22 05:49:02,SUCCESS
DEL04936,D005,Hub-Central,Zone-06,49.34,2026-03-11 18:30:10,2026-03-11 19:13:06,SUCCESS
DEL04937,D011,Warehouse-North,Zone-08,17.16,2026-02-26 01:42:01,2026-02-26 02:06:32,SUCCESS
DEL04938,D056,Warehouse-East,Zone-15,23.98,2026-01-28 11:36:10,2026-01-28 11:52:07,FAILED
DEL04939,D095,Hub-Central,Zone-20,13.66,2025-10-28 17:18:13,2025-10-28 17:34:03,SUCCESS
DEL04940,D099,Hub-West,Zone-25,12.76,2025-10-08 23:18:56,2025-10-08 23:37:51,SUCCESS
DEL04941,D025,Warehouse-South,Zone-24,8.56,2026-02-27 05:41:56,2026-02-27 05:48:38,SUCCESS
DEL04942,D041,Hub-West,Zone-01,12.56,2025-10-09 11:55:35,2025-10-09 12:07:27,SUCCESS
DEL04943,D020,Warehouse-East,Zone-30,15.59,2025-12-06 06:47:40,2025-12-06 07:08:54,SUCCESS
DEL04944,D023,Hub-Central,Zone-07,14.64,2025-12-07 23:39:52,2025-12-07 23:51:36,SUCCESS
DEL04945,D083,Hub-Central,Zone-13,11.27,2025-10-11 22:58:27,2025-10-11 23:06:38,SUCCESS
DEL04946,D020,Hub-West,Zone-03,32.03,2025-11-26 15:54:45,2025-11-26 16:21:00,FAILED
DEL04947,D029,Warehouse-South,Zone-11,9.97,2025-11-05 17:19:49,2025-11-05 17:27:09,SUCCESS
DEL04948,D085,Hub-Central,Zone-01,16.62,2026-02-18 00:56:50,2026-02-18 01:10:04,SUCCESS
DEL04949,D057,Warehouse-South,Zone-20,27.16,2025-10-14 11:20:51,2025-10-14 11:57:32,SUCCESS
DEL04950,D068,Hub-West,Zone-06,46.87,2025-11-25 21:16:32,2025-11-25 22:18:49,SUCCESS
DEL04951,D019,Warehouse-East,Zone-02,5.72,2026-01-15 05:46:46,2026-01-15 05:49:58,FAILED
DEL04952,D015,Warehouse-North,Zone-14,15.49,2026-02-10 23:13:33,2026-02-10 23:22:54,FAILED
DEL04953,D067,Warehouse-North,Zone-20,51.39,2026-01-12 17:53:46,2026-01-12 18:33:34,SUCCESS
DEL04954,D093,Warehouse-East,Zone-12,,2025-11-02 23:51:44,2025-11-03 00:11:49,FAILED
DEL04955,D005,Warehouse-North,Zone-22,43.76,2025-10-28 20:41:43,2025-10-28 21:09:36,FAILED
DEL04956,D030,Hub-Central,Zone-01,26.22,2025-10-02 03:30:12,2025-10-02 03:49:28,SUCCESS
DEL04957,D073,Hub-Central,Zone-25,16.05,2025-10-12 08:14:43,2025-10-12 08:37:20,SUCCESS
DEL04958,D073,Warehouse-South,Zone-25,53.47,2025-10-24 05:34:21,2025-10-24 06:28:44,SUCCESS
DEL04959,D081,Hub-West,Zone-18,15.3,2025-10-07 20:01:17,2025-10-07 20:12:29,SUCCESS
DEL04960,D010,Hub-Central,Zone-30,43.98,2025-10-04 20:14:37,2025-10-04 20:54:49,SUCCESS
DEL04961,D074,Hub-Central,Zone-10,46.27,2026-02-03 04:56:23,2026-02-03 06:05:47,SUCCESS
DEL04962,D088,Hub-Central,Zone-15,37.61,2026-01-28 14:59:48,2026-01-28 15:35:53,SUCCESS
DEL04963,D096,Hub-Central,Zone-20,9.55,2025-11-16 03:37:04,2025-11-16 03:48:26,SUCCESS
DEL04964,D033,Hub-Central,Zone-16,10.94,2025-12-07 00:29:53,2025-12-07 00:46:19,SUCCESS
DEL04965,D020,Hub-West,Zone-29,14.68,2025-12-28 04:50:00,2025-12-28 05:04:48,SUCCESS
DEL04966,D047,Warehouse-South,Zone-10,27.55,2025-11-13 11:10:09,2025-11-13 11:31:10,FAILED
DEL04967,D082,Warehouse-South,Zone-13,36.27,2026-02-19 22:36:24,2026-02-19 23:00:06,SUCCESS
DEL04968,D033,Warehouse-South,Zone-12,9.64,2026-03-21 06:07:35,2026-03-21 06:21:36,SUCCESS
DEL04969,D095,Hub-Central,Zone-26,16.57,2025-10-05 01:34:26,2025-10-05 02:01:04,SUCCESS
DEL04970,D039,Warehouse-North,Zone-15,40.98,2025-10-28 23:00:46,2025-10-28 23:30:55,SUCCESS
DEL04971,D053,Hub-West,Zone-28,5.25,2026-02-16 00:02:09,2026-02-16 00:10:04,SUCCESS
DEL04972,D030,Warehouse-South,Zone-27,23.12,2025-12-18 02:31:55,2025-12-18 02:50:41,SUCCESS
DEL04973,D081,Warehouse-South,Zone-13,32.3,2025-12-08 12:49:33,2025-12-08 13:30:07,SUCCESS
DEL04974,D054,Hub-Central,Zone-15,21.13,2026-03-21 13:58:33,2026-03-21 14:19:44,SUCCESS
DEL04975,D094,Hub-Central,Zone-13,81.21,2025-12-27 19:55:32,2025-12-27 21:09:08,SUCCESS
DEL04976,D060,Warehouse-East,Zone-11,38.24,2025-12-10 14:18:49,2025-12-10 14:42:56,FAILED
DEL04977,D086,Warehouse-South,Zone-24,15.36,2025-12-17 10:55:47,2025-12-17 11:07:20,SUCCESS
DEL04978,D068,Warehouse-South,Zone-07,59.79,2025-11-09 23:38:01,2025-11-10 01:01:28,SUCCESS
DEL04979,D092,Hub-West,Zone-07,35.39,2025-11-07 01:57:42,2025-11-07 02:28:14,SUCCESS
DEL04980,D094,Hub-West,Zone-12,91.65,2026-02-06 00:40:54,2026-02-06 01:39:08,FAILED
DEL04981,D060,Hub-Central,Zone-12,44.62,2026-01-15 10:49:22,2026-01-15 11:29:38,SUCCESS
DEL04982,D083,Warehouse-South,Zone-13,49.2,2025-11-29 14:15:10,2025-11-29 15:20:01,SUCCESS
DEL04983,D019,Warehouse-North,Zone-18,33.43,2025-12-31 07:26:31,2025-12-31 07:47:58,FAILED
DEL04984,D084,Warehouse-East,Zone-29,11.78,2025-12-27 19:57:47,2025-12-27 20:08:25,SUCCESS
DEL04985,D100,Hub-West,Zone-14,49.5,2026-03-18 23:00:38,2026-03-19 00:01:31,SUCCESS
DEL04986,D007,Warehouse-South,Zone-11,15.26,2025-11-08 17:19:00,2025-11-08 17:31:26,SUCCESS
DEL04987,D071,Warehouse-South,Zone-22,8.78,2026-03-22 19:20:58,2026-03-22 19:28:32,SUCCESS
DEL04988,D050,Hub-Central,Zone-06,14.41,2026-01-09 11:43:43,2026-01-09 11:55:03,SUCCESS
DEL04989,D057,Warehouse-South,Zone-13,5.6,2025-10-05 15:04:51,2025-10-05 15:09:46,SUCCESS
DEL04990,D073,Warehouse-South,Zone-09,14.18,2026-02-07 12:24:54,2026-02-07 12:34:55,SUCCESS
DEL04991,D096,Hub-West,Zone-25,24.1,2026-02-10 03:57:59,2026-02-10 04:09:31,FAILED
DEL04992,D020,Hub-Central,Zone-19,36.43,2026-02-02 12:23:10,2026-02-02 12:55:27,SUCCESS
DEL04993,D026,Hub-Central,Zone-11,69.14,2025-10-30 06:14:05,2025-10-30 07:21:32,SUCCESS
DEL04994,D060,Warehouse-South,Zone-25,44.4,2025-11-17 17:02:16,2025-11-17 17:40:53,SUCCESS
DEL04995,D063,Hub-West,Zone-30,11.73,2025-12-01 09:40:00,2025-12-01 09:48:33,SUCCESS
DEL04996,D098,Hub-West,Zone-24,60.08,2026-01-27 21:38:27,2026-01-27 23:03:43,SUCCESS
DEL04997,D081,Warehouse-North,Zone-22,15.9,2026-03-20 02:04:01,2026-03-20 02:16:38,SUCCESS
DEL04998,D013,Warehouse-North,Zone-03,17.64,2026-03-02 19:30:35,2026-03-02 19:47:49,SUCCESS
DEL04999,D003,Warehouse-North,Zone-11,62.62,2025-10-02 16:23:56,2025-10-02 17:12:34,SUCCESS
DEL05000,D012,Warehouse-East,Zone-07,16.46,2025-11-30 20:03:19,2025-11-30 20:15:20,SUCCESS
